职位名称,薪资,公司,行业,公司规模,融资阶段,城市,经验要求,学历要求,工作性质,职位描述,薪资下限,薪资上限,薪资中值,主行业,岗位类别
营销数据分析专员,4k-5k,泡单词,"教育,移动互联网",50-150人,天使轮,广州,经验不限,大专及以上,全职,"职位描述
        岗位职责：1. 负责数据采集，进行统计分析处理（用户来源、活跃性、留存/流失率、行为路径、转化率等运营数据）2. 配合市场、营销、运营等部门，不断完善数据的渠道来源、采集的方式及技术手段。3、通过数据处理分析，挖掘有用信息，为市场策划、营销策略及运营管理提供支持；4、负责数据的保管、备份及保密工作；5、完成其他交办的数据分析支持工作。任职要求：1、全日制大专及以上学历，计算机、统计学、数学、信息管理与信息系统等相关专业优先考虑；2、有数据分析经验；3、熟悉EXCEL各类函数以及SQL server数据库软件，能使用SPSS、SAS、HIVE等数据处理工具优先，有建立数据模型工作经验优先；4、关注用户需求，工作态度严谨细致；5、具有严谨的逻辑思维能力，有创新思维，优秀的学习能力、良好的语言表达能力；",4,5,4.5,教育,数据分析
数据分析,3k-4k,赛百威,"移动互联网,电子商务",50-150人,不需要融资,广州,经验不限,大专及以上,全职,"职位描述
        1 大学专科以上学历
2 熟练运用excel
2 细心，对数据分析有浓厚兴趣
3 具备基础英文读写能力
4 有处理过大数据量经验者优先",3,4,3.5,移动互联网,数据分析
数据分析工程师,10k-20k,多益网络,移动互联网,500-2000人,不需要融资,广州,经验1-3年,本科及以上,全职,"职位描述
        工作职责：
 
1.基于Hadoop 平台开发大数据统计分析项目；
2.参与构建大数据分析平台，优化已有的统计分析系统；
3.解决海量数据处理问题和优化，满足业务需求。
 
 
 
职位要求：
工作年限:1年以上

1.计算机/软件工作相关专业，有良好的英文阅读能力；
2.有Hadoop 经验，熟悉map reduce，了解spark；
3.熟悉linux环境，对大数据分析有浓厚兴趣；
4.服从工作安排，良好的沟通能力和团队合作能力；
5.有 mongodb 经验和游戏行业工作经验优先。",10,20,15.0,移动互联网,数据工程
商业数据分析,4k-6k,欧舜港,"O2O,移动互联网",少于15人,未融资,广州,经验1-3年,大专及以上,全职,"职位描述
        岗位职责：
1、通过数据分析支持产品改进及新模式的探索；  
2、构建数据评估体系； 
3、构建业务数据分析体系，帮助确定各项业务数据指标； 
4、负责用户行为数据分析，通过监控及分析，推动产品改进，运营调整； 
5、负责构建用户数据模型，挖掘用户属性及用户喜好等需求，为个性化产品推荐提供支持； 
6、负责构建产品、运营及活动用户行为评估体系，通过数据分析对产品、运营、市场提出建议并推动实施； 
7、负责用户行为调研，通过海量数据的挖掘和分析，形成报告，汇报给决策层，支持战略规划 。
 
岗位要求：
1、统计学、应用数学、计算机等相关专业，本科及以上学历； 
2、熟练掌握多种统计和挖掘方法，熟练使用SPSS、SAS等相关数据分析软件； 
3、较强的数据敏感度，逻辑分析能力和文档写作能力； 
4、有责任心，良好的沟通能力和组织管理能力以及心理承受能力，勇于接受挑战； 
5、有相关经验优先",4,6,5.0,O2O,数据分析
数据分析&数据挖掘,10k-20k,OpenCom,"移动互联网,O2O",15-50人,A轮,广州,经验不限,本科及以上,全职,"职位描述
        岗位职责：
1、收集、整理、统计和分析OpenCom的产品运营数据，并定期输出运营的数据报告；
2、监控、分析用户及客户的APP数据和流量数据，为用户推广或产品运营提供支撑和建议；
3、擅长数据分析及数据挖掘建模，可以提出有利于业绩提升的数学模型，
4、对互联网大数据挖掘、数据分析有一定的研究，并且拥有非常强的自我学习能力、自我激励能力
5、与产品运营经理/产品经理一起，提升网站及社区APP的运营数据指标。查找原因，分析运营方法，提升业绩指标。

 
任职要求：
1、计算机技术、统计学或应用数学等数据分析相关专业本科及以上学历；
2、熟练使用各种数据库及各种数据分析挖掘软件；擅长java、C++、python等脚本语言编程者优先
3、1年以上互联网行业数据分析相关工作经历；
4、良好的数据敏感度，能够独立进行产品运营相关专题分析、报告撰写、汇报等工作；
5、强烈的工作责任心、严谨的工作态度及良好的学习、沟通、逻辑分析能力，有独立开展研究项目经验。",10,20,15.0,移动互联网,算法/挖掘
数据分析,15k-25k,惠民网,电子商务,2000人以上,B轮,北京,经验3-5年,本科及以上,全职,"职位描述
        岗位职责：  
1.负责公司全国供应链的数据收集与复核，确保各项原始数据的真实性和准确性。2.负责公司全国供应链数据统计和数据分析，提高仓储物流准确性和及时性，提供辅助决策。3.负责公司全国供应链体系运行预警与监控。4.负责分析各类数据并针对各类问题提出解决方案与计划。5.负责建立供应链体系日、周、月、季、年度数据分析报表。6.持续改进数据分析模型，推动信息化与精细化管理水平。 
  
任职资格：  
1.正规院校本科以上学历，数学、统计学、经济学、计算机专业。2.三年以上企业咨询或数据分析经验。3.思维敏捷、逻辑清晰。5.精通R/SAS/SPSS/excel/SQL中至少一种分析工具。6.出色的表达能力，文档写作能力和业务分析表现能力。7.能适应加班，独立工作能力强，能承受较大工作压力。8.有物流行业经验者优先。 ",15,25,20.0,电子商务,数据分析
数据分析,18k-35k,北京神州微融金融信息服务有限公司,金融,50-150人,A轮,北京,经验3-5年,本科及以上,全职,"职位描述
        基本技能要求
1、统计学、数学或计算机、数理统计或数据挖掘专业方向相关专业大学本科以上学历；
2、互联网3年以上数据分析、数据挖掘经验；熟悉R和Python
3、对银行业、小额贷款行业、互联网金融、消费金融风险管理有一定的认知和实践者尤佳；
4、熟练使用数理统计、数据分析、数据挖掘工具软件（如R、Python、SPSS、SAS、MATLAB、EXCEL、EVIEW等），熟练使用SQL；
 
岗位要求
1．岗位1:数据清洗
了解数据抽取、清洗、转换、装载全过程，对数据具有一定的敏感性，尤其针对金融、贷款方向类数据；
善于总结归纳数据规律，制定数据标准；
了解ETL工具，DataStage/ Informactica/Kettle等；
具有扎实的计算机编程基础和较强的算法思维，熟悉JAVA者优先。
 
2．岗位2:评分卡(风险模型)开发
善于通过数据挖掘分析和量化技术对信用风险、市场响应、生命周期为主的各类主题进行量化分析，参与过传统个贷、信用卡、小贷、消费金融量化评分卡开发全过程者尤佳；
构建信用评分模型、行为评分模型、催收模型、风险定价模型等,针对申请客户,使用历史数据,运用数理统计的方法,选取对客户信用风险影响较大的物理特征变量,构建评分模型，以应用于对申请客户的审批工作，以管理违约率、提高审批效率；
针对存量客户资源、通过评分卡进行客户贡献度区分，从而设定不同的费用及流程，科学性地控制续贷客户风险并使利润最大化。
 
3．岗位3:风险策略设计
有过风控相关的工作经验
 
4．岗位4:模型和策略监控(压力测试)
持续监控与验证模型实施后的性能和应用效果, 熟悉评分卡技术中的常见技术指标，PSI、Lorentz、KS、DIV等，结合具体的账户表现，给出模型和策略调整的建议；
能独立制定模型及策略的监控报表体系，从多维度对账户表现进行跟踪和把握；
对模型和评分进行压力测试；
利用风险模型的排序与预测性能，制定客户准入、额度管控、催收管理等场景的应用策略，实现风险量化管理。",18,35,26.5,金融,数据分析
数据分析,5k-8k,亚宝药业,"医疗健康,其他",500-2000人,上市公司,北京,经验1-3年,本科及以上,全职,"职位描述
        岗位职责：

1.负责销售产品数据分析及竞品数据采集、统计、评估与分析，并编制报表；
2.整理客户资料，分析客户属性和对渠道销量的分析；
3.销售数据分析建立，规范、优化数据分析报表，并按时下发给相关人员；
4.建立部门周、月、季、年度数据分析报表；
5.研究数据的分析方法，做到报表制作简单、方便、实用；
6.协助上级完成各项工作任务指标，详细了解公司各项销售管理政策。

岗位要求：
1.精通EXCEL、有一定文字功底和写作能力；
2.语言表达能力强，善于沟通交流；
3.有医药从业经验的人员优先考虑。",5,8,6.5,医疗健康,数据分析
数据分析,8k-15k,一起作业网,"移动互联网,教育",500-2000人,D轮及以上,北京,经验1-3年,本科及以上,全职,"职位描述
        岗位职责：
1、能够理解数据分析和统计的需求，与产品、运营协作，完成业务产品经理的数据统计和分析支持工作。
2、负责平台产品数据分析，定期完成日、周、月、季报等数据报告工作；
3、负责产品数据分析体系的构建；
4、有数据库的熟练的使用经验，包括但不限于熟练使用sql，程序设计的习惯和能力好
任职要求：
1、本科（含）以上学历
2、一年以上互联网数据分析经验
3、具备一定的文档能力，能够独立完成数据分析报告的撰写；
4、具有一定的数据报表后台的开发经验；
5、熟练使用Excel、PPT以及相关办公软件",8,15,11.5,移动互联网,数据分析
数据分析,6k-10k,北京捷越联合,金融,2000人以上,不需要融资,北京,经验1-3年,本科及以上,全职,"职位描述
        岗位职责:岗位名称：授信评审中心-数据分析员岗位职责:1、负责授信评审中心及授信评审中心相关的SAS报表开发及需求相关工作;2、负责授信业务的数据统计分析、风险跟踪监控、为授信政策的制定和调整提供数据支持；3、负责行业研究分析工作，并从数据角度指导授信政策制定；4、负责授信业务政策分析报告的撰写；5、负责征信系统与授信政策相关的策略调整工作。
任职资格:任职资格:1、统招全日制本科及以上学历，金融学、数学、统计学、金融工程、计算机等相关专业背景优先考虑；2、对风险管理有一定的认知，具备扎实的数据和统计学知识及一定的数理分析能力，掌握SAS、VBA、R、MatLab等某一分析软件； 3、思路开阔、灵活，具有较强的学习与探索能力，能够独立、积极、主动发现业务问题，并善于与团队表达自己对业务的想法；4、具有较强的定性、定量分析能力，具有准确把握政策的能力，责任心强，有良好的合作精神，沟通能力较强；5、熟练掌握常用办公软件，具有良好的沟通能力。工作时间：弹性工作制：9：00-6：00或9：30-6：30，周末双休",6,10,8.0,金融,数据分析
数据分析,15k-30k,APUS Group,移动互联网,50-150人,B轮,北京,经验3-5年,学历不限,全职,"职位描述
        1、推广渠道质量监控
a) 优化APUS现有渠道推广数据系统，改进RFM模型，搭建APUS客户端推广渠道质量监控体系，制定了完整的渠道质量预警机制；
b) 多纬度分析，甄别作弊渠道，监督市场推广；
c) 改进APUS客户端渠道推广数据统计规则，让渠道得到更加公平的推广数据；
2、新用户首页运营，提升新用户的点击率
a) 分析新用户首页数据，推动个性化运营方案实施，针对用户特征推送差异化的首页推荐内容。
b) 独自负责新用户首页数据需求，并推进上线，包括分渠道、分地域的PV、UV、VV数据、客户端安装数据，首页媒体分渠道、分地域用户数据等。
3、弹窗个性化运营，提升用户活跃度；监控用户行为数据，根据其行为特征，差异化运营弹窗推荐内容，唤醒有流失风险的用户。
4、跟进客户端发版，分析版本对用户的影响，提供快速应对策略。
项目
3：移动端运营
1、监测APP推广渠道用户质量，分析排查异常渠道。
2、分析移动客户端推广数据，改进热门应用页设计，首屏位置换量能力提升10%。
3、资源合作数据核算与效果评估
a) 核算资源价值，推动视频资源置换客户端用户等多元合作，支持决策和效果评估；
b) 负责合作产品内嵌页数据需求，包括合作产品的相关数据、客户端激活数据等；
4、完善APP 数据上报，改进现有移动端用户统计系统，辅助移动端推广工作；特别是在IOS系统升级至IOS7之前，提前做出准备，改进IOS系统用户统计规则，保证苹果正式发布IOS7系统时，用户统计平稳过渡。",15,30,22.5,移动互联网,数据分析
数据分析,6k-12k,闪电购,"移动互联网,O2O",150-500人,B轮,北京,经验1-3年,本科及以上,全职,"职位描述
        职责描述：
 
1、进行数据挖掘和数据分析，支持业务需求，输出准确的数据分析结果，对业务运营提供有效建议，辅助公司策略的制定。
 
2、定期整合商品销售数据，建立品类、商品、价格分析的数据监控报表，发布品类和商品经营分析报告。
 
3、跟踪产品发展，搭建APP统计指标体系，监控重点数据，能从数据异动中发现问题并反映问题；对产品相关的热点问题，收集相关数据，输出有价值的专题分析报告，用数据支持决策，为产品的优化调整提供意见和决策。
 
4、定期与技术团队沟通，输出报表展示需求及算法逻辑。
 
5、日常运营数据整理、分类、统计，定期提交日常数据分析报告，并跟踪日常运营数据监测报表，及时发现运营过程存在的问题，为部门日常运营提供数据支持；
 
6、参与业务部门数据分析需求的调研、分析及实现；
 
7、对业务部门提供报表进行效果跟踪，检测各流量数据是否存在异常，并将异常进行预警反馈；",6,12,9.0,移动互联网,数据分析
数据分析,10k-20k,宜信,"移动互联网,金融",2000人以上,不需要融资,北京,经验1-3年,本科及以上,全职,"职位描述
        岗位描述：数据处理分析师
1、 定期负责财富管理平台数据抓取及整理成业务报表, 为管理层决策提供数据支撑和建议
2、 支持各运营部门对客户管理的数据需求工作
 
职位要求：
1、大学本科以上学历，统计学,数学,计算机相关专业；
2、熟练掌握OFFICE套件，熟练使用SQL，熟练使用SAS及 至少1种其它类别的专业数据分析工具（R、MATLAB）或编程语言（C++、JAVA、PYTHON等），
3、起码2年以上数据挖掘及分析相关工作经验, 具逻辑思维、对数字敏感且工作细心",10,20,15.0,移动互联网,数据分析
数据分析,8k-15k,京东金融,金融,2000人以上,上市公司,北京,经验3-5年,本科及以上,全职,"职位描述
        岗位职责：
1、针对公司业务的数据进行深入分析，为公司决策、产品运营提供数据支持；
2、监控、收集、分析行业及竞品数据，帮助业务部门更深入理解行业市场现状及发展趋势；
3、跟踪并分析用户行为，发掘用户规律，制定针对性策略，提升用户健康度；
4、根据部门安排，定期汇总监测数据，形成数据报告。
任职资格：
1、两年以上互联网工作经验，有电子商务相关工作经验者优先；
2、具有独立进行数据分析和完成数据建模项目的能力，数据敏感性强；
3、熟练使用SPSS、SAS等软件进行数据分析；
4、具有独立工作能力和分析判断能力、良好的人际交往能力与团队合作精神；
5、熟悉互联网金融行业；
6、全日制本科以上学历，统计学、数学、心里学等相关专业，有海外留学经验者优先。",8,15,11.5,金融,数据分析
数据分析,6k-10k,安居客北京分公司,移动互联网,500-2000人,不需要融资,北京,经验1-3年,大专及以上,全职,"职位描述
        岗位职责：


1.负责房产事业部的数据分析，根据产品线业务需求进行数据加工、数据分析及数据展示，撰写相应分析报告、为公司产品运营提供策略及建议；

2.结合数据及经营情况，落地运营工作，包括产品，市场及销售整体策略的确定及在各分公司的落地推广

3.通过数据分析，趋势研究等方法，监督业务运营指标，通过日报、周报、月报的形式做数据预警及阶段性分析工作，推动大区及核心业务负责人促进黄页产品销售业绩达成。

4.梳理新业务框架，确定新业务客户定位，销售规则，定价策略。


任职要求：

1.计算机、数学、统计学、数据挖掘相关专业本科或研究生学历
2.具备良好的逻辑思维能力，能够从海量数据中发现有价值的规律

3.具备数据分析报告构建经验，能够独立完成数据报告编写，熟练使用office软件。至少精通EXCEL、SPSS、SAS、SQL或VBA的一种；

4. 性格乐观开朗，具有良好的沟通表达能力，抗压能力，能与团队高效合作，热爱分享，喜欢专研，善于观察，有独立分析、思考和解决问题的能力。",6,10,8.0,移动互联网,数据分析
数据分析,2k-4k,美团点评,"移动互联网,O2O",2000人以上,D轮及以上,北京,经验不限,本科及以上,实习,"职位描述
        岗位职责： 1. 基于美团金融及其他业务产生的数据，开展数据分析，挖掘数据规律 2. 协助搭建指标体系和相应的数据监测体系，为管理层决策和业务策略的制定提供有质量的数据支持 3. 协助实现各分析模块的数据采集，根据实际业务优化 任职资格： 1. 计算机、数学、金融经济相关专业本科以上学历 2. 熟练运用SQL语言半年以上，熟练掌握EXCEL VBA编程，了解数据仓库知识 3. 优秀的逻辑思维能力，严谨认真处理数据的态度，良好的沟通交流能力、团队合作、文字表达能力",2,4,3.0,移动互联网,数据分析
数据分析,4k-6k,每金,O2O,150-500人,不需要融资,广州,经验1-3年,大专及以上,全职,"职位描述
        岗位职责：
1、负责分析各类数据并针对各类问题提出解决方案和营销方案；
2、对专业的数据分析及做好竞争对手数据的采集、统计、评估与分析，并编制报表；
3、建立部门每日、周、月、季、年度数据分析报表 ；
4、研究数据分析的方法，做到报表制作简单、方便、实用 ；
5、公司整体销售与库存数据分析，提出相关行销改善策略，呈报高管决策；
6、整理客户资料，分析客户属性和消费行为；
7、分析客户人群的购买习惯，并通过购买习惯做出相关数据分析。
任职要求：
1、大专或以上学历，数理统计或数据挖掘方向优先；
2、两年以上数据分析经验，熟悉数据分析方法，具有扎实的统计学基础；
3、对数据敏感，热爱数据分析工作、责任感强、有较强的逻辑思维能力；
4、学习能力强，能快速掌握并熟悉市场渠道。",4,6,5.0,O2O,数据分析
数据分析,8k-15k,初音,移动互联网,15-50人,天使轮,深圳,经验1-3年,大专及以上,全职,"职位描述
        岗位职责：
1.监控各个广告产品的投放运营效率指标，CTR、ECPM、ROI、ARPU、PV、UV等指标维度的数据跟踪和异动分析，通过对数据的提取比对找到优化效果的策略；
2.协助和支持广告运营和投放优化以数据支撑，能够多层级多维度制定数据指标，分析并提出数据需求，预测广告投放效果；
3.参与规划广告投放系统的指标优化系统，实现更智能高效的流量投放平台。
 
任职要求：
1.二年以上移动广告行业数据运营经验；
2.对数据逻辑敏感，能用多样的分析方法工具评测转化归因，预估指标效果；
3.较好的团队沟通协作能力，对移动联盟DSP等广告平台有一定了解。
 
加入我们，我们为您提供：
1、舒适优雅的办公环境；
2、具有行业竞争力的薪资；
3、愉悦、团结、开放的精英队伍
4、五天八小时，节假日福利；
5、广阔的发展空间和职业生涯规划；
6、员工旅游、户外拓展；
7、法定节假日（婚假、产假、年假等）；
8、社会保险；
9、住房公积金。",8,15,11.5,移动互联网,数据分析
数据分析,12k-15k,个推,移动互联网,150-500人,C轮,杭州,经验1-3年,本科及以上,全职,"职位描述
        岗位职责：
   通过海量数据的分析和挖掘，为业务运营，拓展和支撑提供洞察和决策支持。商业敏感性强，能深入理解业务，为大数据运营和咨询提供系统化解决方案。

主要职责包括：

- 深入理解公司业务和方向，建立相关业务监控模型和指标，通过统计和分析等手段，为公司产品运营和业务发展等提供决策支持；
- 深入理解客户需求，利用大数据分析的手段，从海量数据中挖掘用户特征，发现具体问题和机会，推进业务演进，打造高质量数据咨询服务；
- 深入理解用户数据需求，整理和维护分析脚本，建设和维护大数据运营和分析平台；
- 深入挖掘数据特征，参与数据挖掘分析和模型算法调研，建设和维护相关数据模型。

岗位要求：

- 本科以上学历，数学、统计和计算机等相关专业优先
- 深刻理解并熟练掌握统计学和数据挖掘的相关算法和技术
- 精通SQL，熟悉至少一种目前主流的数据库（MySQL、Oracle、SQL Server、Teradata等），熟悉Hive或者Spark SQL优先
- 掌握至少一门编程语言（PHP，Python，Perl等），熟练掌握Shell编程
- 有数据分析，数据挖掘，机器学习等相关工作经验优先
- 有海量数据挖掘的项目经验优先
- 对数据驱动业务有深入理解，对数据与业务方面有足够的敏感性，有较强的逻辑分析能力，有较强的独立思考能力
- 具备良好的沟通能力和团队合作精神，能独立完成分析和挖掘任务",12,15,13.5,移动互联网,数据分析
数据分析,4k-6k,无声,信息安全,150-500人,未融资,成都,经验不限,学历不限,全职,"职位描述
        具备技能及任职要求：1、计算机或通信专业本科毕业
2、熟悉TCP/IP协议，熟悉计算机网络相关知识
3、熟悉wireshark、科来等抓包软件，有网络数据分析经验者优先
4、掌握软件逆向静态分析，动态调试，代码跟踪等技术
5、熟练使用IDA等工具进行汇编调试分析
6、做事认真负责，具有敬业、团队协作精神，有较好的学习能力和学习态度
工作内容：负责进行协议分析和软件的逆向工作
 ",4,6,5.0,信息安全,数据分析
数据分析,15k-20k,杭州沃呗科技,"电子商务,移动互联网",15-50人,未融资,杭州,经验3-5年,大专及以上,全职,"职位描述
        岗位职责：
1、利用Hadoop生态圈Hadoop-hive架构，对海量日志数据进行分析。
2、搭建和维护hadoop-Hive开发环境，利用Python等开发语言，统计和分析数据。

任职要求：
1. 三年以上相关领域工作经
2、精通Python、shell、java、C 至少一门编程语言，了解Linux/Unix平台。
3、擅长hadoop生态系统各个组件的运用和调优，  如Spark、hadoop、hbase、hive、flume、sqoop等任意3项以上, 有相关参数调优, 性能优化等有实际经验。
4、实际处理过各种集群在线版本升级, 数据迁移, 集群扩容, 稳定性监控等工作。 
5、有openstack经验者优先。
6、有学习新技术的能力和不怕挑战的精神。

下面我们说一些实在的：
每月提前拿到当月工资，这种感觉真的很爽歪歪！
年底双薪，五险一金，公积金基数根据工资来！买房贷款不愁~
工作日每天有餐补，一年1~2次加薪机会；
7天带薪病假，5-15天年假，世界那么大，随便去看看；
弹性工作时间，再也不用因为地铁故障，公交堵车而迟到扣钱；
充足的团建经费，撸串，K歌，烤全羊，massage，想想有点小激动呢~
一年一次国内外旅游，说不定还能带个妹子回来~去年就去了越南~",15,20,17.5,电子商务,数据分析
数据分析,8k-15k,广东好胎屋,O2O,150-500人,A轮,广州,经验3-5年,大专及以上,全职,"职位描述
        岗位职责：
1、关注好胎屋、车云B2B各项业务数据，并对其进行整理汇总，定期提交统计报告，密切关注各项业务数据的异常情况；
2、为营销活动、运营行为等需求提供数据支持、及时准确完成各项相关数据结论；
3、对项目数据库进行分类管理，按指令对数据进行科学分配，支持后续业务处理和统计需求；
4、根据好胎屋业务建立完善数据监控体系，协助运营绩效和数据报表分析。


任职要求：

1、3年以上数据分析经验，有汽车后市场、电子商务等行业相关分析工作优先；
2、熟练掌握各种数据分析软件（如excel、SPSS、Clementine等），并具备较强的数据建模和撰写分析报告能力；
3、熟悉常用的数据库语言（Oracle，SQL）；
4、善于产品设计，对产品分析、数据分析、竞争分析等有独特的见解； 
5、吃苦耐劳，能承受工作压力。",8,15,11.5,O2O,数据分析
数据分析,8k-16k,in,"电子商务,广告营销",150-500人,B轮,杭州,经验1-3年,本科及以上,全职,"职位描述
        岗位职责：
1.全面理解业务和数据,可通过数据分析解答和帮助解决的业务问题或流程、系统缺陷；
2.设计和实施数据分析项目,通过统计、数据挖掘建模等数据分析手段分析数据,并将分析过程整理成分析报告,将分析成果和应用建议整理成业务类汇报材料,完成相应沟通和汇报工作。

岗位要求：
1.大学本科或以上学历,计算机科学、数学、统计等相关专业；
2.1年以上数据分析、BI领域工作经验,独立完成数据分析项目；
3.熟悉一种数据分析工具,sql/R/SAS/SPSS等；
4.具有良好的商业敏感度和优秀的数据分析技能,能够开发创新且实用的分析方法以解决复杂的业务问题；
5.具备高度的责任心及团队精神,愿意接受挑战性的工作,能够及时高效完成任务。",8,16,12.0,电子商务,数据分析
数据分析,8k-16k,蓝金灵,"金融,移动互联网",15-50人,A轮,北京,经验1-3年,本科及以上,全职,"职位描述
        一、岗位职责：
1、负责设计和完善移动信贷产品的贷前审核及贷后监控风控模型.运用量化分析,识别和度量产品业务存在的风险；2、根据客户的互联网行为表现,结合客户的属性及行为数据,建立风险和信用的计量模型;设计并不断完善产品的贷前审核中的准入评分卡和贷后管理中的行为评分卡；
3、参与数据仓库的搭建，有效地抽取、综合、集成和挖掘已有数据库的数据资源 ；
4、对电商的历史交易数据进行分析和挖掘，写分析报告；
5、在现有的数据上进行变量探索，变量之间的相关性分析，建立违约概率模型。

二、岗位要求：1、要求至少熟悉一种以上的主流ETL工具；
2、对数据仓库系统架构具有良好的认识，熟悉数据仓库相关技术；
3、能使用至少一种统计分析或数据挖掘工具（例如R、Python、Matlab等）编程，学过SQL，习惯Linux工作环境；
4、理解常用的分类、聚类、时序的基本算法；
5、对数据有良好的敏感性，参与过完整的数据分析项目者优先；
6、具有互联网创业精神,优秀的沟通与团队协作能力,勇于探索与坚持创新。",8,16,12.0,金融,数据分析
数据分析,5k-8k,亿达信息技术有限公司,"移动互联网,招聘",2000人以上,上市公司,大连,经验1-3年,大专及以上,全职,"职位描述
        岗位职责：
负责游戏业务的数据统计和分析工作；
岗位要求：
1.本科以上，工作经验2年以上。2.能够熟练的使用SQL语句，了解SQL执行计划及SQL调优。3.能够进行简单的C++编程。4.良好的客户服务意识，工作积极主动。5.良好的理解和沟通能力，可承担高压力。6.有数据分析方面的背景优先",5,8,6.5,移动互联网,数据分析
数据分析,6k-10k,妙资财富,金融,50-150人,不需要融资,杭州,经验1-3年,本科及以上,全职,"职位描述
        主要职责：
1.负责有关市场运营等重要数据的监控，跟踪日、周、月、季度数据变化，监测市场运行方向的正确性。
2.一年以上数据分析经验，能够挖掘直接和间接的行业数据。
3.收集竞争对手数据，作出分析及策略建议。
岗位要求：
1.大专以上，计算机、市场营销、电子商务、数学与应用数学等相关专业优先；
2.能熟练操作Excel等办公软件；
3.对常用数据分析算法有一定的了解；
4.一年以上数据分析经验，能够挖掘直接和间接的行业数据
5.具有专业的业务研究、分析能力，根据业务数据变化及时发现问题的能力；
6.较强的工作主动性及抗压能力，工作细致耐心",6,10,8.0,金融,数据分析
数据分析,6k-10k,拉卡拉商务服务有限公司,"电子商务,金融",500-2000人,不需要融资,上海,经验1-3年,大专及以上,全职,"职位描述
        岗位职责：1、规范整理经营相关报表数据库，制定分析报表模板；2、对分公司业务数据进行数据分析、汇总；3、分析指定信息数据需求，支持项目决策分析并协助相应评估；4、每日、周、月度提供各客流后台的分析报表；5、运用统计数据，从分析过程中发现问题，提出改进或建议；6、上级交办的其他工作。任职要求：1、大专及以上的学历；2、熟悉Word、Excel、PowerPoint等各项办公软件操作，具备较强的数据分析能力；3、具有较强的逻辑分析能力，组织能力；4、做事负责、高效、细致。",6,10,8.0,电子商务,数据分析
数据分析,10k-20k,Klook 客路旅行,"移动互联网,旅游",50-150人,A轮,深圳,经验1-3年,本科及以上,全职,"职位描述
        岗位职责

 负责收集和分析用户消费行为数据；
 负责收集和分析交易相关风险数据；
 负责建立和持续优化风险模型；
 定期输出报告；



岗位要求

 2年以上数据统计分析、数据挖掘等相关工作经验，有金融交易数据分析经验者优先；
 熟悉数据建模知识、数据挖掘理论，掌握数据分析体系方法；
 精通SQL脚本编写；精通Excel；
 工作细致、责任心强，具备很强的逻辑分析能力、学习能力及理解能力，有良好的沟通能力、高度的责任心和团队合作精神;",10,20,15.0,移动互联网,数据分析
数据分析,20k-30k,1号店,移动互联网,2000人以上,D轮及以上,上海,经验5-10年,硕士及以上,全职,"职位描述
        岗位职责：
1、     对业务部门进行数据需求支持，与BI开发团队对接，对需求做梳理、分发和反馈。
2、     优化和完善所属方向的数据分析体系，包括KPI指标体系、报表体系、专题分析体系。
3、     参与各部门的业务讨论会，挖掘分析主题，开展数据分析工作，基于数据分析成果，为管理层和业务部门提供商业策略分析和业务优化建议。
 
岗位要求：
1、计算机，统计，信息，数学等相关专业硕士及以上学历；
2、扎实的数理统计基础，了解常见的数据挖掘算法；
3、熟练使用SQL，熟悉至少一种数据库软件，如：oracle、mysql、sql server等，熟悉hadoop者优先；
4、熟悉相关数据分析和挖掘工具，如：R SAS clementine；
5、善于沟通和逻辑表达，良好的团队合作意识和高度的责任心；
 ",20,30,25.0,移动互联网,数据分析
数据分析,20k-25k,旺资,金融,50-150人,不需要融资,上海,经验3-5年,本科及以上,全职,"职位描述
        数据分析师
简介：
作为风控团队的一员，工作的主要职责是三个部分，风险报告，风险控制策略模型，工具端APP信息处理。风控报告用户衡量整个公司资产质量、经营情况，这是公司决策的重要数据来源。风险控制策略模型，持续更新研发新的风险控制模型，使得更有效更精准。我们为渠道人员提供工具APP，监控并分析使用数据，辅助运营和后续产品开发。
 
主要工作：
1.      清洗整理数据
2.      分析公司运营数据，量化经营情况
3.      分析消费终端用户情况，寻找出有效的数据维度，提出新的方案。收集数据、设计模型并验证方案，针对不同的消费终端客户群设计并实施新的算法
4.      分析渠道终端用户使用情况，针对用户使用情况数据，识别出趋势或者模式，以推动下一步的改进
要求：
1.      数学、统计学、计算机、模式识别等专业的硕士
2.      三年以上相关工作经验，金融行业，咨询行业，数据分析行业
3.      扎实的数学基础和丰富的数据挖掘和机器学习经验，Regression, RPA, NNs, Cluster Analysis, Markov chains
4.      Python / R
5.      良好结构化(SQL)数据库知识、经验
6.      独立解决复杂问题的能力，学术研究经验
7.      良好的沟通能力，注重细节",20,25,22.5,金融,数据分析
数据分析,15k-25k,木仓科技,移动互联网,150-500人,B轮,北京,经验3-5年,本科及以上,全职,"职位描述
         职责1、 负责各商业广告运营分析及营销活动效果分析，根据数据分析结果提出改进优化建议；2、 建立和完善品商业广告管理及运营日常数据报表体系，为日常运营提供数据支持及积累；3、 建设运营模型，加强运营决策数据模型的完善&amp;不同场景下的用户行为数据分析。4、 支持领导层、业务部门及外部需求方不定期的数据需求，包括异常排查、变化原因分析、趋势监测等； 5、 挖掘竞品及第三方行业报告等相关数据，定期内部分享要求1、3-5 年数据分析相关岗位的工作经验；2、具备较强的逻辑分析和数据分析能力，精通Excel 和 PowerPoint，同时精通 SQL 者优先考虑；3、有较强的创新思维、执行力和沟通能力、高保密意识熟悉Oracle、MySQL等数据库；4、具有较强的归纳、逻辑思维与表达能力；5.互联网行业数据挖掘分析经验者优先。艳儿 2016/7/11 16:31:07新的岗位需求石晓霞 2016/7/12 9:38:24产品经理岗位地点：北京职位描述岗位职责：1、负责消息推送、IM等相关需求分析管理、功能规划和设计；2、跨部门协调资源推进、跟踪项目进度，管理产品设计、研发、测试到发布的整个过程3、研究行业细分市场和竞争对手产品，分析运营数据，主动提出产品改进建议4、协助运营团队提升推送触达率、点击率，支持个产品线个性化推送需求。任职要求：1、本科（含）以上学历，3年及以上产品工作经验2、有良好的文档编写能力、语言表达能力和逻辑思维能力，熟练使用产品设计工具3、熟悉产品过程，有项目管理能力，包括竞品分析、需求分析管理、产品及流程设计、界面设计、开发、测试、发布等过程4、对产品和服务缺陷敏感，数据分析能力较好5、有强烈的责任心和上进心，有良好的团队合作精神，积极主动，能承受较大的工作压力6、有消息推送、相关推荐、即时通讯等产品设计经验者优先",15,25,20.0,移动互联网,数据分析
数据分析,6k-12k,映客直播,"移动互联网,文化娱乐",500-2000人,B轮,北京,经验1-3年,本科及以上,全职,"职位描述
        岗位职责：
1、对产品、运营有良好的理解能力，对数据产品有一定的理解
2、能通过数据发现产品、运营中的一些问题并能给出好的建议
3、跟进运营活动、运营策略、产品改动等相关调整的数据统计、数据分析工作
4、建立良好的数据监测和汇报机制，制定产品、运营等重要数据的报表模型
5、每日监控重要数据指标，能及时发现数据变化趋势并能深入分析原因
6、定期完成周报、月报等日常数据报告工作

任职要求：
1、计算机、统计学、数学等先关专业本科及以上学历
2、工作年限1-3年，一年以上移动互联网数据分析经验
3、对数据敏感，能从数据中发现问题、解决问题
4、有清晰缜密的逻辑思维能力、独立的分析调研能力
5、做事主动，执行能力强，沟通能力好
6、熟练掌握SQL语言、excel、ppt等",6,12,9.0,移动互联网,数据分析
数据分析,12k-24k,中信银行信用卡中心,"移动互联网,金融",2000人以上,上市公司,深圳,经验1-3年,本科及以上,全职,"职位描述
        工作职责：
1. 熟悉了解信用卡基础数据，按财务管理需要建立并维护财务分析数据集市；
2. 周期出具分析报表，供各财务模块及业务部门使用；
3. 不定期对重要产品、项目等进行专项跟踪分析，对经营中的策略调整及出现的问题进行解读分析，提交决策报告。
4. 配合管理会计项目，测试分摊规则、分摊因子及分摊结果的合理性；
5. 其他日常分析工作；
岗位要求：
1. 本科以上学历，计算机、统计、数学或金融类专业优先；
2. 2年以上数据分析工作经验，有信用、消费金融领域的工作经历优先；
3. 精通SAS  BASE模块（必备技能，不符合请不要投递），熟练使用SQL编程语言优先；
4. 了解大数据基础知识，了解hadoop、python、R等语言；
5. 统计学基本知识扎实，具有数据分析能力，数据敏感，优秀的沟通协作能力；",12,24,18.0,移动互联网,数据分析
数据分析,15k-25k,华宝证券,金融,150-500人,不需要融资,上海,经验1-3年,本科及以上,全职,"职位描述
        职责：
1、 负责相关平台（app、微信、投客网）与用户数据分析体系的建立，对产品和运营的分析需求负责，并能通过数据挖掘主动发现需求与痛点；
2、 根据需求形成用户行为分析模型以及日常运营监控指标，分析数据成因，为优化产品和运营提供依据,；
3、 协助产品和运营人员完成产品、运营分析报告； 
4、 定期收集和监控市场及同类产品数据，进行行业内的预测分析和竞争力分析；
 
任职要求： 
1、2年以上知名互联网公司数据分析相关工作经历，有金融行业数据分析经验尤佳；
2、对商业和业务逻辑敏感，良好的数据敏感度；
3、熟练使用常用统计软件或者编程语言； 
4、熟悉证券投资，加分；",15,25,20.0,金融,数据分析
数据分析,9k-12k,诺莱仕,文化娱乐,150-500人,上市公司,上海,经验1-3年,大专及以上,全职,"职位描述
        岗位职责 ：
1.负责底层数据的批量清洗、转换、测试等工作，并定期将整理好后的数据部署到应用层；
2.响应业务部门的数据分析需求，并及时交付分析报告；
3.协助团队成员利用海量数据定制风险模型；

岗位要求：
1.计算机、数学、统计等相关专业；
2.熟练使用Oracle，hive等
3.具备良好的团队合作精神，沟通表达能力强，工作积极主动；
4.同等条件下，熟悉SAS、R者优先；
5/要会SQL，会脚本，有测试经验更好
6：2年以上工作经验，会数据处理，需计算机专业相关背景",9,12,10.5,文化娱乐,数据分析
数据分析,15k-25k,首汽约车,"移动互联网,O2O",2000人以上,B轮,北京,经验1-3年,硕士及以上,全职,"职位描述
        任职要求

负责客户数据价值挖掘、为战略、公司运营部门提供决策支持；

根据业务需求，与BI工程师对接，生成业务需求报表；

建立相关的分析统计模型，为公司经营管理提供数据分析、决策支持；

熟练掌握SQL，R语言，SPSS,使用BI工具;

 

岗位要求
硕士学历，统计、计算机等相关专业；硕士或985、211学历优先；有MBA学历优先；有海外知名院校毕业优先；
两年以上的客户研究与BI相关项目经验,，有互联网、专车行业背景优先考虑；
熟练掌握R/ SQL/Python等数据分析和数据处理工具，有丰富的数据分析、挖掘和建模的经验；
对互联网、大数据领域有着浓厚的兴趣，具备较高的行业洞察力和数据敏感性；
工作认真细致，具备良好的学习和创新能力；

具有良好的沟通能力；",15,25,20.0,移动互联网,数据分析
数据分析,6k-8k,上海合志,"移动互联网,游戏",15-50人,未融资,上海,经验3-5年,本科及以上,全职,"职位描述
        岗位职责：
1、负责日常数据的统计与分析
2、负责月度运营数据总结与分析
3、负责公司收入数据的汇总整理及进度控制
4、负责专项数据统计分析
5、负责建立并分析公司相关数据分析体系及模型
 
任职资格： 1、本科及以上学历，统计学、应用数学、计算机相关专业优先 2、3年以上工作经验，具有互联网公司数据运营经验优先 3、对数据敏感，较强的逻辑分析能力和文字表达能力 4、良好的沟通能力与团队合作精神，良好的主动性与责任心，能承担一定工作压力 5、可以熟练使用SQL。掌握至少一种脚本语言者优先",6,8,7.0,移动互联网,数据分析
数据分析,15k-30k,腾讯,"移动互联网 ,游戏",2000人以上,上市公司,深圳,经验1-3年,本科及以上,全职,"职位描述
        岗位要求：
统招本科以上学历，工作经验2年以上，
熟悉数据仓库和数据建模的相关技术细节，
熟悉SQL/Hadoop/Hive等大数据分析工具；
熟悉数据处理、加工、分析相关项目经验；参与过完整的数据采集、数据清洗、分析和建模工作；有Spark Storm等主流的大数据计算组件有开发和使用经验者优先；有推荐系统，实时计算，计算广告，用户行为分析，大数据处理，广告投放运营经验方面经验者优先。
有较强的学习能力和优秀的沟通表达。

岗位职责：
负责海外产品运营数据的采集、传输、计算、分析；搭建海外产品精准营销建模，营销活动效果评估与优化平台，提升产品、运营团队数据分析的能力，实现数据的最大价值。",15,30,22.5,移动互联网 ,数据分析
数据分析,12k-16k,榴莲科技,"移动互联网,游戏",50-150人,天使轮,成都,经验3-5年,大专及以上,全职,"职位描述
        岗位职责1、负责用户行为数据，业务运营，产品转化率模型搭建，流量统计分析，建立分析模型，撰写分析报告2、通过数据分析，及时、准确、完整的披露整体各数据情况，形成转化率提高的可行性优化解决方案3、对平台运营、业务数据的深入挖掘，建立运营数据分析模型，为运营和业务及产品提供数据支撑4、完成各项数据分析需求内容
岗位要求1、大专以上学历，具备2年以上工作经验2、2年以上的数据分析相关工作经验3、熟练的掌握各种数据分析工具4、沟通执行能力强，文档及写作能力强，熟悉Excel/PPT/word/Visiot等的使用",12,16,14.0,移动互联网,数据分析
数据分析,15k-25k,优信集团,电子商务,2000人以上,D轮及以上,北京,经验不限,本科及以上,全职,"职位描述
        岗位职责：
1)监测分析业务数据并撰写报告，为业务团队提供数据分析解决方案和策略调整方案；
2)能够抽象数据分析需求，形成数据产品工具，帮助业务方更深刻地理解并更方便地运用数据；
3)建立并保持对二手车拍卖、产品和用户的深度理解，提出相应的策略建议。 

任职条件
1)全国重点大学本科及以上学历，具有良好的商业敏感度和优秀的数据分析技能，能够用数据分析解决复杂的商业问题；
2)1-3年汽车或互联网行业的数据分析经验（同时考虑优秀应届毕业生）；
3)至少掌握1种算法（如回归算法等），并具有数据分析项目或产品的经验；
4)熟练使用SQL从数据库（SQL SERVER或My SQL）提取数据；
5)熟练使用excel处理数据，熟练使用PPT撰写分析报告；
6)熟悉一种数据分析工具（如R语言、SPSS、SAS等）；
7)工作积极主动，善于发现问题；
8)善于跨部门的协调沟通，合理安排多项工作的进度；
9)热爱汽车互联网行业，具备团队合作与分享精神；
10)熟练使用Tableau的优先考虑。",15,25,20.0,电子商务,数据分析
数据分析,10k-15k,汇付,"移动互联网,金融",500-2000人,C轮,上海,经验应届毕业生,硕士及以上,全职,"职位描述
        岗位描述：
根据业务要求，精细化处理公司各类交易数据及业务数据，形成数据报表及分析报告，为公司决策提供依据；
能够基于用户静态数据、交易数据、行为数据和地理数据等进行分析建模，洞察数据背后的真相；
能够及时响应公司业务部门提出的各种数据项目，负责在项目推进过程中的跨部门协调沟通工作，确保项目顺利发展。
 
工作要求： 
全日制硕士及以上学历，统计学、运筹学、计算数学、金融学等相关专业； 
一年及以上工作经验，银行、支付行业和咨询行业从业经验者优先； 
具有数据挖掘、机器学习等方面项目经验者优先； 
熟练使用office软件运用（excel、power point），精通SQL、SAS、Matlab、R、Python等常用数据分析及数据挖掘工具； 
对数据敏感，良好的数据分析和总结能力，出色的逻辑思维和文档处理能力；
学习能力强，能够快速进入新的领域，掌握新的知识；
良好的团队合作精神和沟通意识，能够承担一定的工作压力。",10,15,12.5,移动互联网,数据分析
数据分析,18k-35k,360,"移动互联网,游戏",50-150人,上市公司,北京,经验3-5年,本科及以上,全职,"职位描述
        岗位职责：
1.对用户行为数据进行统计并开发报表，为产品改进提供决策支持，提升用户体验；
2.对运营和推广数据进行统计，设计相关的数据报表，为运营和推广提供数据支持；
3.分析和监控数据报表，通过深度挖掘用户的行为数据，帮助各部门发现、分析和解决问题，出现问题能够分析出最根本的原因。
职位要求：
1.对数据敏感，有数据统计和分析经验，能够根据需求构建数据模型；
2.互联网2年以上数据分析挖掘经验，善于沟通，有独立的数据探查能力；
3.熟练掌握SQL和Linux基本操作，熟练使用数理统计、数据分析、数据挖掘工具软件（如Excel、R、Python）；
4.有Hadoop、Hive的使用经验，熟悉shell、awk等脚本语言。
 ",18,35,26.5,移动互联网,数据分析
数据分析,8k-10k,京东商城,电子商务,2000人以上,上市公司,北京,经验3-5年,本科及以上,全职,"职位描述
        职位描述： 1、在零售企业从事过采销业务方面的数据分析工作，有零售销售行业数据分析背景;
2、熟悉零售业务所需要的各项数据维度，建立和完善日常数据报表体系，为日常运营提供数据支持及积;
3、完成定期报告和专题报告，包括变化原因分析、趋势监测等周、月、季、半年度、年度等总结类数据的提;
4、根据数据分析业务趋势，挖掘业务规律和问题，给出专业结论与建议.
招聘要求： 1、本科及以上学历，数学、统计、计算机软件、市场营销等相关专业，2年以上大型零售公司分析经验;
2、具有良好的商业敏感度和优秀的数据分析技能，具有良好文字表达和报告撰写能力，熟练使用office等报告展示工具;
3、擅长与内部及外部合作团队交流沟通，有良好的表达能力及沟通能力;
4、熟练使用SSPSS、SQL、SAS等数据分析挖掘软件，有数据建模实践经验（2年以上相关工作经验）者优先。",8,10,9.0,电子商务,数据分析
数据分析,3k-4k,谋道,移动互联网,15-50人,天使轮,广州,经验不限,本科及以上,全职,"职位描述
        职位描述：
1、负责统计业务部门的相关数据，并对数据进行分析
2、要求掌握计算机应用知识，加工成有用的信息提供领导进行决策。
任职资格：
1、大学本科以上学历，2 、细心，对数据分析有浓厚兴趣3 、CET4以上，具备基础英文读写能力4 、有处理过大数据量经验者优先
5、会基础excel函数的运用",3,4,3.5,移动互联网,数据分析
数据分析,10k-15k,合稞同创,移动互联网,50-150人,B轮,北京,经验1-3年,本科及以上,全职,"职位描述
        岗位职责：
1、 对业务数据进行整合、整理、统计、分析，为策略提供数据支持；
2、 负责数据分析，风险建模并利用建模方法解决实际问题等；
3、 分析网站上各类违规和违法行为（包括欺诈、被盗、炒作、违禁品等），构建精准的监控模型；
4、 参与对风控系统的风险策略、决策引擎的设计和研发；
任职要求：
1、 本科及以上学历，2年以上统计分析相关工作经验。
2、 了解使用SQL；或其他如SAS、R、SPSS软件及数据库软件；
3、 熟悉使用Excel、word、PPT；
4、 数学、统计、计算机、计量等相关专业研究生学历优先，有丰富经验者学历要求可放宽；
5、 对数字，数据敏感，具备良好的逻辑思维能力，能够从海量数据中发现有价值的规律；
6、 优秀的执行力，良好的学习能力，具有对目标负责的品质。",10,15,12.5,移动互联网,数据分析
数据分析工程师,12k-24k,UCloud,数据服务,500-2000人,C轮,上海,经验1-3年,本科及以上,全职,"职位描述
        工作职责：
1. 负责UCloud 数据分析开发,参与相关架构设计
任职资格：
1. 3年及以上开发工作经验;
2. 精通Unix/Linux操作系统下的后台开发
3. 熟练掌握数据库设计优化等技术;
4. 扎实的软件知识结构(操作系统、软件工程、设计模式、数据结构、数据库系统);
5. 熟悉Web前端开发，熟悉echarts、highcharts图表库者优先
6. 有hadoop、hive等开发经验者优先
7. 有数据分析开发经验者优先;
8. 具备良好的分析解决问题能力, 独立承担任务,良好的团队合作能力,富有工作激情, 善于沟通, 热爱开发事业;",12,24,18.0,数据服务,数据工程
高级数据分析工程师,20k-35k,宝宝树,社交网络,500-2000人,D轮及以上,北京,经验5-10年,本科及以上,全职,"职位描述
        岗位职责：
1. 负责产品、运营、销售等部门针对网站和APP各产品线所需数据的收集、整理与分析挖掘，推动大规模海量数据分析系统的构建与完善，建立起基础数据仓库；
2. 负责分析、挖掘产品与运营各项工作中的业务数据变化和策略优劣，为业务发展提供决策支持；
3. 负责数据分析、挖掘领域的分析应用，定期对用户特征、需求、行为分析、活跃度、营销活动效果等特定业务的数据挖掘模型的需求分析，建模及实验模拟。  
任职要求：
1. 大学本科及以上学历；计算机、电子等相关专业；有hadoop进行分布式数据处理经验，对hbase、hive操作熟练；
2. 两年以上网站、移动产品分析相关经验；或者一年以上直接的数据分析经验；有海量数据处理、分析经验者优先；
3. 擅长数据分析，对数据具有足够的敏感性、对数据分析极为细心，熟悉常规的数据统计和挖掘知识、统计方法；
4. 诚实正直、责任心强，能承受较大的工作压力；具有良好的沟通能力和团队合作精神。",20,35,27.5,社交网络,数据工程
数据挖掘/数据分析工程师,12k-18k,智子云,"移动互联网,数据服务",50-150人,B轮,上海,经验1-3年,硕士及以上,全职,"职位描述
         

 维护与改进智子云推荐引擎相关的算法和应用；
 为智子云智能RTB广告的优化提供算法和数据分析支持；
 为客户定制大数据应用解决方案提供算法和数据分析支持；
 跟踪推荐引擎、精准营销领域相关的算法进展和发展趋势。

 
职位要求

 计算机、数学、统计或相关专业硕士以上学历；
 熟悉linux平台，熟练掌握一门以上面向对象编程语言；
 熟悉数据结构，统计学，数据挖掘，机器学习的基本理论和常用算法；
 熟悉SQL，有关系数据库开发经验；
 有机器学习或数据挖掘相关实践经验者优先；
 有Hadoop分布式计算平台开发经验者优先；
 喜欢学习，善于钻研，习惯查阅英文材料；
 具备良好的组织和沟通能力，责任心强。",12,18,15.0,移动互联网,算法/挖掘
数据分析/数据挖掘,8k-15k,玖富分期go,金融,2000人以上,不需要融资,成都,经验不限,本科及以上,全职,"职位描述
        工作职责：1. 通过对数据的敏锐洞察，设计评估模型，对用户个人信用进行评估，控制借贷风险2. 基于大数据的业务数据统计分析与展示3. 数据质量度量与监控岗位要求：1. 计算机相关专业，具备一定编程基础，对数据结构和算法设计有较为深刻的理解2. 至少熟练掌握R、MATLAB，python中的一种挖掘工具3. 优秀的分析问题和解决问题的能力、较强的沟通能力与逻辑表达能力
 
优先条件:
1、 具有大规模数据处理经验
2、有map/reduce\流式数据处理经验
3、熟悉数据挖掘，机器学习，自然语言处理等专业知识
4、 活跃的 Github/Bitbucket 用户
 
福利：【双休】【BAT团队】【餐补】【晋升快】
 
【我们是一个由多名BAT核心员工组建，旨在用数据驱动的方式开发完善的风控系统和技术服务的初创技术团队，期待你的加入。】",8,15,11.5,金融,算法/挖掘
数据挖掘/数据分析工程师,15k-30k,斗米兼职,"移动互联网,O2O",150-500人,A轮,北京,经验1-3年,本科及以上,全职,"职位描述
        数据工程师
岗位职责：

1、根据对产品业务的理解梳理数据需求，建立相关业务模型，负责业务的数据需求和报表开发;

2、从海量数据中提取有价值的信息，指导业务、产品、运营、开发等进行有效决策和行动。

3、负责大数据开发平台的维护和优化工作；


任职要求：
1、在互联网领域2年以上工作经验，1年以上数据产品经验；

2、有以下经验者优先：

（1）精通SQL，熟悉Hadoop、Hive、Spark、Storm和拥有海量数据处理和挖掘经验者优先；

（2）熟悉Shell和Linux开发环境，拥有Java、Python、php开发经验者优先；

3、优秀的团队合作精神、诚实、勤奋、严谨，能够积极创新，乐于沟通，负责敬业；",15,30,22.5,移动互联网,算法/挖掘
数据分析,6k-8k,申金贷,"移动互联网,金融",50-150人,不需要融资,上海,经验1-3年,本科及以上,全职,"职位描述
        岗位职责：
从数据层面驱动公司业务的增长&amp;优化，包括但不限于：
1、对既有业务流程&amp;数据进行梳理、挖掘，搭建相关业务数据分析体系，确保业务稳定高效运行；
2、作为公司核心业务数据的生产者、编制者及最终解释人，确保对内/对外输出数据的客观、准确&amp;完整性；
3、通过科学严谨的方法进行用户画像，准确把握客户生命周期，提升客户价值；
4、提炼商业模型，参与公司经营计划的制定工作。
任职资格：
1、硕士及以上学历，数学、统计学、经济学等相关专业，数据能力优异的本科生也可以考虑；
2、熟练掌握SQL或MySQL（会使用大数据工具则是一个加分项）；
3、优秀的定量分析&amp;逻辑思维能力，熟练使用至少一种数据建模工具；
4、极强的责任心、应对挑战的激情&amp;承压能力；
5、良好的沟通表达能力&amp;团队合作素养；
6、加分项：严谨的学术性论文写作功底、强悍的Excel能力或高大上的PPT制作功力。",6,8,7.0,移动互联网,数据分析
数据分析,8k-15k,上海华腾软件系统有限公司,金融,2000人以上,上市公司,上海,经验1-3年,本科及以上,全职,"职位描述
        岗位要求：
1、 熟悉sql 、excel ，能够独立使用plsql进行数据提取及统计分析2、 了解R、Python3、 有一年以上的数据分析经验

此岗位是外派到中国电信支付公司，请投递者注意！",8,15,11.5,金融,数据分析
数据分析,5k-8k,中海微银,金融,2000人以上,不需要融资,北京,经验1-3年,本科及以上,全职,"职位描述
        岗位职责：

1、负责公司各分公司产品、业绩、人力、费用、客户数据分析，能够对核心数据进行分析；
2、负责公司全国各机构业绩数据的管理、统计、分析，日常能够按时出具各种分析报告（日报、周报、 月报、年报） ；
3、根据日常数据分析需要，与研发人员沟通提出系统需求，对现有业务系统各模块的功能进行改进、补充、优化，满足日常数据分析需要；
4、对公司其他部门及各分公司的日常数据支持工作 。

任职要求：

1、本科以上学历，数学、统计、金融数学或计算机等相关专业优先
2、要求必须熟练运用excle(数据透视表、vlookup、sumif、if）等公式
3、数据敏感度高，善于数据提炼
4、有互联网金融行业，保险公司行业工作者优先",5,8,6.5,金融,数据分析
数据分析师/数据分析专员,5k-10k,达飞金融,金融,2000人以上,B轮,深圳,经验1-3年,本科及以上,全职,"职位描述
        工作职责1、制作运营部内各部门的周期性报表 ；2、对业务数据（如客户行为数据）进行分析和挖掘；3、开发自动化工具和小型软件；4、其他上级交待的工作。
 
岗位要求：1、大学本科或以上学历，数理统计、信息技术、信息系统等专业优先考虑；2、一年以上数据分析等相关经验；3、积极主动，能够独立工作，执行力强；4、坚持、可靠、诚信；良好的沟通能力和表达技巧；5、具备数据分析统计能力，懂分类、回归、关联规则等数据挖掘方法优先考虑；6、熟悉Excel，懂SAS、SPSS等数据分析软件优先考虑；7、熟悉SQL、VBA、python或其他编程语言优先考虑。
 ",5,10,7.5,金融,数据分析
数据分析,7k-12k,杭州蓝喜,"移动互联网,金融",15-50人,未融资,杭州,经验不限,本科及以上,全职,"职位描述
        1、了解常见的数据分析或挖掘算法；2、熟悉MapReduce, Hadoop等分布式计算框架 ；",7,12,9.5,移动互联网,数据分析
数据分析,4k-6k,正邦创意,"移动互联网,广告营销",500-2000人,不需要融资,北京,经验不限,大专及以上,全职,"职位描述
         岗位职责：1、根据要求完成统计分析工作，做到及时、完整、准确的进行统计工作；2、编辑和上报各项统计报表，并建立健全数据统计流程；3、做好统计数据的保密和归档工作；4、善于分析数据，能够根据分析结果撰写分析报告；5、完成上级领导交代的其他工作；任职要求：1、熟悉统计学相关的专业知识，了解常用的统计方法和模型；2、精通EXCEL等常用办公软件的使用；3、良好的洞察能力，善于根据数据变化，发现问题；4、工作认真负责，严格的数据保密意识。",4,6,5.0,移动互联网,数据分析
数据分析（北京）,15k-25k,达达,O2O,500-2000人,D轮及以上,北京,经验3-5年,本科及以上,全职,"职位描述
        工作职责：  1、负责O2O业务的数据分析工作，挖掘数据分析需求，制定并实施分析方案，并根据数据分析结果为业务的改进提出合理化建议；  2、通过专题分析，对业务问题进行深入分析，为产品改进、大区运营决策、营销推广策略提供数据支持，推动业务部门数据驱动业务决策的转化 3、通过对公司运营数据研究，提出改善运营质量的方法和建议，搭建BI数据分析体系，为公司决策提供支持。  
任职资格：  1、统计、数学、信息技术相关专业本科以上学历，互联网3年以上数据分析/挖掘相关经验； 2、熟练独立编写商业数据分析报告，及时发现和分析其中隐含的变化和问题；  3、良好的数据敏感度，能从海量数据提炼核心结果；有丰富的数据分析、挖掘、清洗和建模的经验；  4、思维敏捷，具有发散性，能够举一反三，良好的逻辑分析能力及问题解决能力 5、良好的跨团队、部门沟通及推动能力，有强烈的主人翁意识，积极发扬团队合作精神",15,25,20.0,O2O,数据分析
数据分析,8k-15k,上海回天,"移动互联网,O2O",50-150人,未融资,上海,经验1-3年,大专及以上,全职,"职位描述
        岗位职责
1.海量数据的提炼、分析，探寻用户的行为等特征，完成分析报告；
2.挖掘数据背后的市场方向、规律、短板，为业务提供决策依据；
3.针对具体的落地活动，分析投入产出比、产品转化率等数据，生成活动报表、可优化的方向等；
4.针对具体的业务事件，研究业务开拓中的局限性或亮点，进行数据分析并提出优化方案或提炼可复制的模板；
5.满足业务方对数据的各类获取、过滤、分析等需求；
6.参与业务部门的其他重点项目，支撑业务的决策。

任职要求
1.大专及以上学历，数理统计、经济、信息类等相关专业优先，2年以上相关工作经验；
2.对数据敏感，对数据应用有浓厚的兴趣；
3.对商业和业务逻辑较敏感，具备良好的逻辑分析能力，较强烈的数据决策意识，且思维缜密，做事认真严谨；
4.熟练使用sql、excel。

选优条件
1.具有数据运营或市场分析工作经验者优先；
2.熟练使用统计软件者优先
 ",8,15,11.5,移动互联网,数据分析
数据分析,6k-9k,口袋记账,移动互联网,15-50人,A轮,上海,经验1年以下,本科及以上,全职,"职位描述
        岗位职责：
1、根据现有的业务数据分析统计成报表展示，实现日常数据可视化；
2、通过用户数据挖掘，建立用户分析模型；
3、对产品的用户行为分析，挖掘用户特点、偏好、使用行为等，并输出有价值结论，指导产品改进和运营活动优化。
任职要求：
1、本科及以上学历，应用数学、统计学、经济学等相关专业优先，一年以上数据分析经验优先；
2、熟练编写SQL语句进行日常的查询分析，熟悉R语言、SAS、SPSS使用经验者更佳。
3、优秀的定量分析&amp;逻辑思维能力，熟练使用至少一种数据建模工具；
4、熟练掌握各种图形化报表技术；
5、熟悉PC端、移动端数据统计方式；有用户行为分析、用户运营、产品分析等分析经验的优先；",6,9,7.5,移动互联网,数据分析
数据分析,10k-15k,驴妈妈旅游网,"电子商务,旅游",2000人以上,上市公司,上海,经验3-5年,本科及以上,全职,"职位描述
        岗位职责：1、熟悉互联网业务, 了解数据库原理,熟悉流量工具;2、负责日常报告数据提取,撰写等工作,定义数据指标,完善细化数据内容;3、熟悉各种运营业务,并在数据报告中予以体现,完成日常的其他数据支持工作；4、和负责主管密切沟通，完成主管交付的各项数据支持工作。
 
任职资格:1、本科及以上学历，计算机相关专业优先；2、1年以上网站数据统计分析工作经验；2年以上互联网工作经验；3、熟悉互联网电商行业，尤其是B2C业务，具有一定的数据统计及优化经验，能独立担当部门分析工作及对各部门沟通； 4、熟悉百度统计，GA等网站分析软件；了解网站运营和数据库原理，APP相关经验优先考虑；熟练使用EXCEL，善于使用Excel制作图表；5、对数据敏感，细心耐心，对数据分析有一定的兴趣，工作认真负责，勇于承担责任，有良好的沟通能力，注重团队合作精神。
 ",10,15,12.5,电子商务,数据分析
数据分析,10k-20k,实投互联网金融,"移动互联网,金融",150-500人,A轮,上海,经验不限,本科及以上,全职,"职位描述
        岗位职责：
a) 协助网站产品经理、开发人员布置第三方流量统计工具。 b) 搜集各业务部门需求，配合BI工程师完成BI报表工作. c) 监控运营数据，配合或驱动产品部门、业务部门进行产品、业务的更新、优化。 d) 完成直线领导布置的其他任务。
任职要求：
a) 本科及以上学历，3年以上互联网企业网站行为数据分析相关工作经验，互联网金融企业更佳,沟通能力佳，能够与业务部门有效沟通 b) 熟悉第三方前端（包括PC/Web）数据采集工具的埋点工作，了解前端页面代码html\js\sdk的原理，能够与工程师配合推进数据采集代码的部署。 c) 熟练应用excel进行各类数据统计处理。 d) 对网站用户行为数据进行分析.",10,20,15.0,移动互联网,数据分析
数据分析/产品助理,4k-8k,盼达用车,其他,150-500人,不需要融资,杭州,经验1-3年,本科及以上,全职,"职位描述
        岗位职责：
1、负责收集整理系统平台数据以及业务数据，形成经营性分析报表；2、负责需求调研、商业分析以及数据挖掘；3、通过对用户的行为进行分析了解用户的需求，并提出解决方法；4、根据用户体验发现的问题，整合报告，与产品开发部门协调解决；5、对运营车辆进行监控并收集异常信息
 
任职要求：
1、本科及以上学历；2、有较强的需求分析能力、逻辑推断能力、沟通能力；、宏观把控能力3、要求掌握较深的业务知识和计算机应用知识；4、能用行业各种应用软件进行各种数据分析和综合数据处理，并能形成数据分析报告；5、有数据分析工作经验者优先，有完整的调研-产品设计-跟进研发-推动上线-迭代产品的产品工作经历者优先6、C1及以上驾照

待遇：
1、月薪：4000-8000
2、公司理念：扁平化管理，年轻、平等、自由，坦诚相待，没有复杂的关系，只有真诚的你我和无悔的青春
3、办公环境：杭州中心地带（西湖区），开放式的办公环境，浓厚的互联网文化氛围
4、公司福利：五险一金、年终奖、公司旅游、带薪年假等各种福利补助
5、公司制度：弹性管理，注重个人思考及个性化发展，提倡发挥主观能动性

工作地址杭州市西湖区",4,8,6.0,其他,数据分析
数据分析专员,5k-7k,妈妈好,"移动互联网,电子商务",150-500人,天使轮,杭州,经验1-3年,大专及以上,全职,"职位描述
        
岗位职责：
1. 负责app系统后台各项数据整理、汇总与分析；
2.与营运部门核对报表数据；
3. 协助主管编制数据报表，提交给相关负责人；
4.监控日常数据的异常点；
5.测试软件的逻辑性，提出相应的软件优化方案；

任职要求：
1.一年以上大量数据处理经验；
2.熟悉office软件，尤其精通excel、ppt；
3.熟悉ERP系统原理者优先；
4.良好的工作态度，有责任心、上进心、良好的团队合作精神。",5,7,6.0,移动互联网,数据分析
数据分析专员,4k-8k,畅圣科技,金融,50-150人,B轮,杭州,经验1-3年,大专及以上,全职,"职位描述
        静安区，我们的办公室，
位于那座楼的最高层。

宛如在楼顶广瞰这座城市的生生不息，
我们也深潜于数据的海洋，
探寻有趣，有魔力的数字，
悉心解读现象之中的奥秘。

嘿，正全力研究新课题，
需要同样聪明靠谱的你，
与我们一起，
冲浪于数据奔腾的潮汐，
实现更好的我们，
也助你成就，
不一样的自己。


你主要负责:
1、完成日常数据统计分析工作；
 2、编制相关数据统计表；
 3、协调管理统计信息系统，维护和更新统计数据平台；
4、做好统计资料的保密和归档
 5、负责协调数据对接，根据业务需要进行数据分析，制作数据绩效表


 
希望你具备：
1.男女不限，23-30岁，大专及以上学历，（有2年以上数据分析相关工作经验）
2.熟练精确使用word、excel等相关办公软件；
3.具备数据分析能力，
4.工作认真负责，细心，对数字敏感，良好的团队合作精神

 
和我们一起冲浪，你将获得如下装备：
1. 具有竞争力的薪资福利（是的，我们也关心你关心的）
2. 机智靠谱的伙伴们（我们的程序员有的是从童年时代就开始写代码的哦）
3. 越来越好玩和人性化的办公环境（老板一直盯着这事儿呢）
4. 和静安体育中心作邻居（打球，健身，约起来！）
5. 市中心的工作地点（跟爸妈汇报时，底气都足好多）
6. 听大伙的，我们将持续改进的……（对，让我们一起做的更好）",4,8,6.0,金融,数据分析
数据分析专员 /主管,8k-16k,百世物流,"移动互联网,O2O",2000人以上,D轮及以上,杭州,经验3-5年,本科及以上,全职,"职位描述
        数据专员/主管
职责：
构建全面的、准确的、能反映服务业务线特征的整体指标体系, 并基于业务监控指标体系，及时发现与定位业务问题 ；
与研发配合，对数据进行清洗，建设数据库表；
为各业务部门提供数据支持，进行深度数据分析；
BI数据产品设计，设计产品原型，MRD文档，产出BI产品；
任职资格：
统计、数学、信息技术、计算机技术专业，硕士以上学历（本科要求4年以上行业经验） ； 
有互联网经验，快销或零售品牌行业经验者，或供应链行业经验者优先；
精通SQL，熟练掌握R，掌握Axure，有数据分析产品经验；
对数据库及hadoop技术有一定了解",8,16,12.0,移动互联网,数据分析
数据分析专员,8k-15k,点我达,"移动互联网,电子商务",2000人以上,C轮,杭州,经验1-3年,本科及以上,全职,"职位描述
        岗位职责：
1. 熟练使用SQL语句按照业务提供的逻辑，按要求进行数据提取；
2. 为日常运营、商业决策提供数据维护和报表管理；
3. 定期梳理数据需求文档，参与到数据分析项目中，从中抽象出可用的数据模型；
4. 发现主要业务指标数据异常波动，负责原因查找并汇报；
5. 基于数据分析，结合公司实际业务，发现问题并能及时反馈及跟进；
 
任职要求：
1. 全日制统招本科及以上学历，数学、统计学、数量经济学、计量经济学、运筹学、计算机等相关专业优先；
2. 对于数据分析工作有热情，逻辑性强，学习能力强，且有一定的数学、计算机、统计学基础；
3. 熟练使用EXCEL、MySQL，对数据分析工具有一定了解（R、SAA、SPSS等）；
4. 良好沟通和团队合作意识，工作踏实，认真细致；",8,15,11.5,移动互联网,数据分析
数据分析专员,5k-8k,玖富超能,金融,2000人以上,不需要融资,深圳,经验1-3年,大专及以上,全职,"职位描述
        岗位职责：
1.建立并维护部门日常数据报表，负责日常的数据统计、处理及与相关部门同事的沟通协作；
2.在确保业务数据的准确性、及时性、有效性前提下，完成数据分析过程中的数据提取、数据分析、数据展示工作； 
3.开发并持续完善各项业务数据的统计分析模型，确保其准确性、实用性及可衡量性；
4.参与建立和完善数据分析体系、制定数据统计规范、制定数据统计模型，并实施落实； 
5.辅助其他部门完成必要的数据统计分析，制作相关数据报表，对特别业务项目进行专项分析，将数据分析结果结合业务实际，最终利于业务开展；
6.能够基于数据分析得到有价值的信息，为运营决策、人员管理等提供数据支持；
7.完成上级领导交办的其他工作。

任职要求：
1、大专及以上学历，数学、统计学、经济、金融学等相关专业优先；
2、能熟练使用Excel各类函数、数据透视表、SPSS、SAS、ORACLE等统计软件和分析工具，熟练使用SQL语句优先；
3、心思缜密、注重细节、不辞劳苦，能在专业领域深耕苦干，有金融行业背景者优；
4、有进取心，能够承担高压力高产出的工作，具有较高的职业道德，有极强的保密意识。",5,8,6.5,金融,数据分析
风险数据分析,20k-40k,友金所,金融,500-2000人,A轮,深圳,经验3-5年,本科及以上,全职,"职位描述
        岗位要求：
1、3年及以上信贷风险数据分析经验，有数据挖掘、数理模型建设等工作经验，数学、统计学、计量经济、金融等相关专业，具有银行、信贷公司相关风险管理经验者优先；
2、熟练使用MSExcel、SAS、SQL等数据分析工具；
3、有较强的学习能力、数据分析及逻辑思维能力；
4、工作细心、责任心强、为人正直，良好的团队沟通和合作能力。
工作职责：
1、根据信贷管理需求，设计风险追踪的信贷管理报表，完善风险指标追踪体系；
2、实时跟踪借款业务数据变化情况，为调整信贷政策、产品方向、运营决策等提供数据支持及建议；
3、日常监控各地风险指标，对异常指标进行分析，提供调整意见；
4、研究、搭建风险管理统计模型，并设计模型应用方案、流程；
5、领导安排的其他工作。",20,40,30.0,金融,数据分析
数据分析工程师,18k-28k,招联金融,金融,500-2000人,不需要融资,深圳,经验3-5年,本科及以上,全职,"职位描述
        岗位职责:对海量用户数据进行挖掘与建模，建立有效的客户、产品的分析模型供业务部门数据化运营使用，提高效率；提供清晰明确的行业、产品、业务分析报告，为决策层、产品、运营人员提供决策支持。
任职资格:全日制本科及以上学历，统计学、应用数学、计算机等相关专业；3年及以上相关工作经验；具有深厚的数据仓库、数据分析、数据挖掘理论知识，深入了解相关技术，具有海量数据挖掘项目实施和管理经验；熟练使用SAS、SPSS、Excel等工具，了解常用数据挖掘方法和模型；掌握MySQL、Oracle、SQL Server、DB2等主流数据库及其数据仓库的开发、设计和调优；责任心强，有良好的合作精神，沟通能力较强；熟悉金融业务优先。",18,28,23.0,金融,数据工程
数据分析专员,8k-15k,酷开网络,移动互联网,150-500人,不需要融资,深圳,经验3-5年,本科及以上,全职,"职位描述
        岗位职责：1.负责对网站的UV、PV、访问深度、跳失率、转化率等做专业数据分析；2.负责对业务数据进行分析，挖掘用户行为特征，构建用户精准运营或营销的指标体系；3.负责完成运营平台产品范围内小型项目的需求分析评审、立项，并协助项目经理完成项目执行；4.负责通过行业产品和竞争对手数据的收集，并对数据趋势及现象有比较深入的分析；
任职要求：1.2年以上互联网或移动互联网数据分析经验；2.能熟练使用网站统计工具，擅长进行数据分析和数据挖掘；3.有制作分析报告经验，熟悉EXCEL等统计方法；4.熟悉各类数据分析方法。",8,15,11.5,移动互联网,数据分析
客户数据分析,8k-16k,飞贷金融,"移动互联网,金融",500-2000人,B轮,深圳,经验1-3年,本科及以上,全职,"职位描述
        岗位职责：
1)     根据公司销售KPI及不同维度的数据进行性分析，发现问题并建立数据模板体系与分析模型；
2)     针对营运销售数据进行深度诊断，发现业务问题与机会点，辅助制订营销策略，提升运营和销售效率；
3)     通过大量数据挖掘用户群体行为和属性特征，建立客户标签，帮助业务更好的理解客户消费习性；
4)     商品销售数据分析效益，库存情况及时总结、报告和提出建议。
任职要求：
1)     本科以上学历，数学、统计、金融等专业优先；
2)     1年以上数据运营、数据分析、数据挖掘等相关工作经验；
3)     熟悉掌握EXCEL等数据工具，了解常用数据挖掘方法和模型；
4)     良好的分析报告撰写能力；
5)     对数据敏感，具备良好的逻辑思维能力；
6)     工作细致、具备较强的学习能力及及理解能力，具备高度的责任心及较强的执行能力。",8,16,12.0,移动互联网,数据分析
数据分析工程师,5k-10k,ZAKER,移动互联网,150-500人,C轮,广州,经验3-5年,本科及以上,全职,"职位描述
        岗位职责：
1、基于海量数据进行分析，洞察数据价值，为产品、运营、市场部门提供决策支持；
2、分析产品不同模块、不同版本的数据变化及趋势，为产品迭代提供数据依据；
3、分析运营数据，为运营策略提供输出支持；
4、研究行业动态，负责数据商业化的思考和探索；
5、通过用户行为数据分析、实验方法量化评估用户对推荐系统的满意程度，发现影响用户留存、增长、参与度的关键因素。
任职要求：
1、本科及以上学历，二年以上数据相关工作经验；
2、有用户行为分析经验，熟悉在线实验方法和解释实验结果；
3、有良好的产品设计和规划能力，能独立主导一个产品方向，制定规划，并推进实施；
4、有丰富的数据产品经验，熟悉数据可视化工具及方法；
5、对数据敏感，能从大数据中洞察价值，具备敏锐的商业嗅觉。",5,10,7.5,移动互联网,数据工程
数据分析工程师,8k-12k,东风日产数据营销公司,电子商务,150-500人,未融资,广州,经验3-5年,本科及以上,全职,"职位描述
        岗位职责：
1、负责数据挖掘结果业务与日常结果数据统计分析，并针对性进行模型优化；2、负责对运营报表数据分析，对数据进行深度挖掘并提供辅助决策支持；3、负责构建公司业务领域海量数据分析与挖掘模型和相应分析方法理论，优化经营效果；4、负责分析用户行为特征与规律，并建立评估模型，提出改进方案；5、负责数据产品的设计、测试、推广。
任职要求：
1、全日制本科以上学历，经验丰富者可适当放宽，数学、计算机等专业优先；2、3年以上数据分析经验，有汽车互联网、电子商务等行业相关分析工作优先；3、熟练掌握各种数据分析软件（如excel、SPSS、Clementine等），并具备较强的数据建模和撰写分析报告能力；4、熟悉常用的数据库语言（Oracle，SQL）；5、善于产品设计，对产品分析、数据分析、竞争分析等有独特的见解；6、具备较强的组织协调及人际交际沟通能力； 7、热爱电商行业，吃苦耐劳，能承受工作压力。",8,12,10.0,电子商务,数据工程
CRM数据分析（电商）,4k-7k,麦优,"电子商务,医疗健康",150-500人,不需要融资,广州,经验1-3年,大专及以上,全职,"职位描述
        岗位职责：1、利用专业分析工具，负责日常CRM数据的分析整理，例如新老顾客分析、会员活跃度、转化率、复购率、沉睡和流失分析、积分损益分析等，发现问题，形成洞察报告；2、针对CRM业务需求、问题和机会，寻求有效解决方案，与信息部和消费者洞察部门紧密合作，评估数据提取及与业务目标的一致性；3、专注于电商行业客户行为和消费习惯研究，对会员管理及业务进行深入分析，提供定期市场调研和可行性报告；4、参与数据挖掘项目，包括数据准备、数据建模及后期的模型评估等工作；5、参与公司市场和会员相关项目，为项目实施提供分析支持。任职要求：1、大专及以上学历，统计学、数学、经济学毕业；2、3年以上传统、电商、社会化媒体CRM数据分析工作经验，熟悉CRM流程建立与运作；3、熟练使用Excel、Word、PPt等办公软件以及SQL、SPSS、SAS等数据分析工具；4、计算机基础扎实，良好的数据分析能力，丰富的数据分析、挖掘经验技巧；5、熟悉互联网数据采集，具备大数据处理能力；6、善于沟通，具有良好的团队合作精神。",4,7,5.5,电子商务,数据分析
数据分析专员,4k-6k,网易公司,"移动互联网,文化娱乐",2000人以上,上市公司,广州,经验不限,本科及以上,全职,"职位描述
        岗位描述
1  广告服务业务的相关数据梳理；2、对业务各环节产生的数据，做统计与深度运营挖掘分析；3、服从部门的管理及安排，推动分析问题的解决，为营销决策提供支持；岗位要求
1. 具备较强的计算机操作能力，能熟练运用excel、SQL等工具，熟悉VBA优先；2. 擅于发现、收集、甄别有价值的各类信息，有良好的数据敏感性、严谨的思维逻辑；3. 具备较强的沟通协调能力、学习能力、解决问题能力；4. 了解互联网广告生态环境，统计、广告相关专业优先；",4,6,5.0,移动互联网,数据分析
数据分析实习生,2k-3k,艾媒数聚,移动互联网,150-500人,上市公司,广州,经验不限,大专及以上,实习,"职位描述
        岗位职责：
1、网页特征挖掘，对网页进行数据的提取；对垂直站点进行定向抓取程序开发；2、协助进行用户刻画、用户推荐相关功能的分析与开发；3、根据需求开发管理、展示接口；4、与其他同事共享开发经验，优化系统平台的功能和性能。5、及时修改、解决系统平台在测试、运营阶段发现和潜在的各种问题。任职要求：1、熟悉python/java语言，有一定的爬虫实践开发经验2、了解Linux服务器环境的使用；能够编写简单的脚本程序；3、熟悉基于正则表达式、Xpath等网页信息抽取技术；4、具有较好的算法基础及数据分析能力;5、具备良好的责任心与服务意识。",2,3,2.5,移动互联网,数据分析
数据分析专员,5k-6k,有道,移动互联网,150-500人,未融资,广州,经验不限,本科及以上,全职,"职位描述
        工作职责：1、  广告服务业务的相关数据梳理；2、 对业务各环节产生的数据，做统计与深度运营挖掘分析；3、 服从部门的管理及安排，推动分析问题的解决，为营销决策提供支持；任职资格：1、  具备较强的计算机操作能力，能熟练运用excel、SQL等工具，熟悉VBA优先；2、  擅于发现、收集、甄别有价值的各类信息，有良好的数据敏感性、严谨的思维逻辑；3、 具备较强的沟通协调能力、学习能力、解决问题能力；4、 了解互联网广告生态环境，统计、广告相关专业优先； ",5,6,5.5,移动互联网,数据分析
数据分析工程师,25k-50k,广东数果科技有限公司,"数据服务,信息安全",15-50人,天使轮,广州,经验1-3年,本科及以上,全职,"职位描述
        招聘要求：
本科以上学历，计算机相关专业优先，计算机、统计类专业优先
熟悉机器学习的基本原理和常用算法，有使用及调参经验
熟练掌握python以及theano，scikitlearn，
tensorflow等常用框架中至少一种
有实际运用机器学习和深度学习算法解决问题的经验
有兴趣去学并迅速掌握新技术，能适应快节奏的工作环境
沟通能力强，有一定英文读写能力者优先


投递简历请附上github或博客地址，谢谢。",25,50,37.5,数据服务,数据工程
数据分析工程师,5k-8k,成都康赛,"教育,数据服务",150-500人,未融资,成都,经验1-3年,本科及以上,全职,"职位描述
        岗位职责：
1）负责部门教育大数据挖掘、统计分析工作；尤其是数据的关联分析、预警、舆情分析；
2）负责部门爬虫需求的实施；
3）负责编写过程文档；
4）项目结束后可能会有培训需求；

任职要求：
1)熟悉Oracle,Mysql、mangodb等主流数据库操作；
2)对非结构化数据的处理有一定的认知；
3)具有良好的ETL素养，能完全理解ETL过程并有主流ETL工具的项目经验；
4)对数据分析工具，数据挖掘工具（SAS, SPSS，Modeler, R, MATLAB）有很好兴趣和研究（或有参加Kaggle的经验者优先）；
5)对统计学有一定的理解，对数据可视化有兴趣；
6)熟悉爬虫程序的开发；
7)本科以上文凭，最好有2-3年数据分析工作经验，30岁以下优先，计算机、数学、统计学相关专业优先；",5,8,6.5,教育,数据工程
数据分析岗,8k-9k,锦程消费金融公司,金融,150-500人,未融资,成都,经验不限,本科及以上,全职,"职位描述
        岗位职责：
1. 准确理解公司各数据源系统数据表结构，熟练使用数据库查询语句处理复杂查询逻辑；2. 准确理解银行业风险管理数据分析维度及统计口径，明确数据分析需求维度、规范统计口径；3.根据分析要求，及时准确的进行数据处理、报表制作及上级报送。确保统计分析数据一致性、分析结构清晰、统计口径符合分析需求；解读分析管理相关数据及报表；4.支持市场、产品、财务等公司各部门数据需求、深入分析需求及汇报、策略分析等。根据分析报告及数据进行解读、分析建议及汇报。5.【信贷风险】通过统计、数据挖掘建模等数据分析手段，分析公司的数据信息，预估、识别及衡量信贷风险，为信贷风险管理提供决策依据，协助风险业务监控管理；6.【催收分析岗】催收业务支持：熟悉催收业务运作，相关绩效考核测算上报及指标优化等，以协助催收业务日常管理；7.【市场】支持客户精准营销策略分析以及日常管理数据需求；制定及优化老客户筛选规则协助市场营销客户的准确定位，提出业务产品研发、推广应用等方面的策略和建议；8.【评分模型及规则等相关项目】模型及规则监控及分析、验证，参与模型及规则开发分析；9.参与配合评分模型开发、数据仓库建设等数据相关项目建设及相关项目文档制作等。10.协助管理办法、制度及流程的梳理及制定。11.按照数据质量要求，对于出现的数据问题及时明确问题原因及汇报，并跟进问题解决。12.负责数据仓库报表平台用户管理，协助报表平台报表固化。13.协助梳理和制定业务数据标准规范，跟进数据标准落地。14.满足业务需要的其他数据需求或分析需求、完成上级交办的其他工作。

任职要求：
1.经济学、金融学、统计学、应用数学、信息管理与技术等相关专业本科及以上学历；2.熟练掌握数据库查询并具有统计分析专业背景，具有一定的银行相关数据分析工作经验；3.有银行、担保公司及其他金融行业相关数据分析工作经历，或数据相关的项目实施或项目管理经验者优先。
4.具有一定的数据库相关专业知识；5.熟知统计分析及查询相关软件及工具：SAS、SQL；6.熟练掌握Excel数据处理、分析统计功能。
 ",8,9,8.5,金融,数据分析
数据分析,12k-24k,中软国际,"电子商务,移动互联网",150-500人,不需要融资,南京,经验1-3年,本科及以上,全职,"职位描述
         负责报表项目的设计、开发和实施任职要求： 1、具备丰富的数据库设计和开发经验，有大批量数据的处理经验，有1年及以上数据仓库或BI项目实施和开发经验； 2、具备丰富的数据库模型设计及数据库管理经验，熟悉一种以上主流ETL工具，有大型的数据仓库设计或者数据分析经验者优先；3、掌握MySQL、Oracle、SQL Server、DB2等主流数据库及其数据仓库的开发、设计和调优；4、精通PL/SQL &amp; SQL编程；5、责任心强，有良好的合作精神，沟通能力较强；",12,24,18.0,电子商务,数据分析
产品运营数据分析,5k-10k,YOHO!,"电子商务,文化娱乐",500-2000人,D轮及以上,南京,经验3-5年,本科及以上,全职,"职位描述
        岗位职责:1. 熟悉公司产品，并根据产品制定数据监测方案与分析模型；2. 通过数据监测的结果，分析异常数据的原因；3. 通过数据分析的结果，提出产品和运营改进建议；4. 产品功能AB测试阶段，提供AB测试数据监测方案；5. 通过对AB测试的结果分析，给出产品合理化建议；
任职资格:1. 本科及以上学历，计算机、统计、数据挖掘等相关专业方向； 2. 精通Excel、PPT以及其它主流数据分析工具，有大数据分析经验者优先； 3. 有电商行业从业经验，熟悉各类电商指标，尤其是产品相关指标； 4. 良好的逻辑分析能力和文字表达能力；敏锐的商业嗅觉，对数字敏感； 5. 具备良好的分析和解决问题的能力，具备良好的项目推动能力及执行力； 6. 沟通能力佳，学习能力强，充满自信且有团队意识。",5,10,7.5,电子商务,数据分析
数据分析/挖掘工程师,10k-20k,东集,"移动互联网,硬件",500-2000人,不需要融资,南京,经验3-5年,本科及以上,全职,"职位描述
        岗位职责：
负责文本抽取、融合、清洗构建知识图谱
负责文本语义分析、用户行为分析相关研发工作；
负责海量用户数据处理平台建设；
负责大规模并行机器学习算法研发应用工作；
深入信息流推荐业务做数据分析和优化。

岗位要求：
扎实的数据结构和算法功底，编码强悍；
熟悉 Linux 开发环境，掌握Java，熟悉C++，Python更好；
有自然语言处理、机器学习知识背景，有实践经验更佳；
有深度学习开发经验（有 RNN/LSTM 模型训练经验优先），熟悉常用深度学习框架（Theano、Tensorflow、Keras 等）
有海量数据处理和并行计算开发经验者优先，如 Hadoop、Storm、Spark等；
有良好的分析问题和解决问题的能力，对大数据工作充满热情；
本科及以上学历，硕士优先。",10,20,15.0,移动互联网,算法/挖掘
数据分析/挖掘工程师,4k-8k,南京亚软信息技术有限公司,移动互联网,15-50人,未融资,南京,经验1-3年,学历不限,全职,"职位描述
        岗位职责：  1)、负责项目中通信数据的分析、设计、代码开发、测试和维护工作；  2)、和客户进行需求沟通和澄清，并输出需求说明书。  3)、编写功能模块的设计及实现文档；  4)、协助完成指定模块的任务分解和指派工作。  任职要求：  1)、计算机或通信相关专业,具有两年以上工作经验，有通信行业经验者优先  2)、掌握Java、perl等开发技术，会ETL工具者优先  3)、掌握Oracle,informix,MySQL、SQL Server等数据库开发技术  4)、熟练使用SOLARIS，AIX，LINUX等操作系统，  4)、具有一定根据需求进行设计的能力,学习能力强，良好的沟通能力，善于与人交往.  5)、具有良好的编码习惯及文档编写能力。",4,8,6.0,移动互联网,算法/挖掘
数据分析工程师,5k-10k,香港新世界--武汉K11,其他,50-150人,不需要融资,武汉,经验1-3年,本科及以上,全职,"职位描述
        岗位职责：1、在数据挖掘领域，针对结构化和非结构化数据分析研究发现前沿领域技术和分析方法；2、应用数据挖掘技术（深度学习，神经网络，自然语义理解，模式识别等）并开发分析模型；3、从大数据分析中获得业务洞察；4、针对于业务需求开发实现分析算法、分析模型和BI应用；5、探索新技术新方法，在团队内创造协作分享的技术研发氛围。
任职要求：1、数学、统计、计算机科学与技术相关专业，硕士及以上学位；2、10年以上数据领域分析及研发相关经验，2年以上大数据平台相关系统分析、设计、研发经验；3、熟练掌握至少1种数据分析工具或语言（SAS、SPSS、R等）
候选人应熟练掌握以下至少一种编程语言1.Python Coding, Java, Perl, or C/C++.2.Hadoop 平台 – 具备Hadoop相关平台或框架研发经验者优先，如Hive、Pig等3.SQL Database/Coding – NewSQL or NoSQL.4.Unstructured data – 如社会化媒体，视频、音频、文本分析等.",5,10,7.5,其他,数据工程
数据分析挖掘工程师,10k-19k,卷皮,电子商务,500-2000人,C轮,武汉,经验3-5年,学历不限,全职,"职位描述
        岗位职责：1. 对接公司管理层及业务部门的数据分析需求，建立数据分析系统，独立完成问题分析，模型研发，模型校验，模型总结并编写商业数据分析报告等相关工作；2. 从海量数据中发现问题，在数据发生异动时及时感知数据背后的业务原理，从数据中找出原因，解决问题，提炼出有价值的信息，指导业务决策；3. 通过数据报告、产品和建模成果推动业务部门的数据化运营；4. 其他日常数据维护或者透视化工作。任职要求：1. 本科及以上学历，3年以上互联网相关工作经验，数学，统计学等优先考虑；2. 良好的商业嗅觉，有丰富的数据分析、挖掘和建模的经验，熟悉聚类，判别分析，回归分析，协同过滤，用户画像等模型，擅长机器学习优先考虑；3. 熟悉数据库技术，熟练运用SQL及其他語言，能高效的与技术团队进行沟通；4. 至少能熟练使用一种数据分析工具（R、SAS、SPSS、 Matlab）进行数据的分析和整理，以及利用PPT编写分析报告。5. 具备良好的文档功底和业务分析能力，语言表达能力强；6. 具备较强的学习能力、责任心、抗压能力；7. 有互联网电商行业数据分析相关经验者优先。",10,19,14.5,电子商务,算法/挖掘
运营数据分析,5k-10k,云天下数字传媒,"移动互联网,教育",50-150人,A轮,武汉,经验1-3年,本科及以上,全职,"职位描述
        岗位职责：
1、熟悉互联网的数据分析原理，特别是移动端的相关数据的分析；
2、能够根据所分析数据找出持续改善业务关键指标的解决方案；
3、能够根据业务需要主动进行数据测试、实验，找到业务方向侧重点；
4、负责日报/周报/月报分析，给业务提供数据合理化建议；
5、对付费推广渠道的ROI等数据进行实时监控和改进提升；
6、通过数据发现运营薄弱环节和漏洞，提出改善和优化方案，并通过数据监控，评估优化结果；
7、为运营质量管理和改善提供数据监控和解决方案，并持续跟改善效果；
8、负责活动效果评估，会员生命周期分析，用户画像，流失分析等；
9、通过数据分析驱动业务，能够给业务部门提供合理化建议，提高业务关键指标，包括不限于注册转化率，沉睡客户激活率，营销响应率率，复够率，营销ROI等；
10、结合类目做类目会员分析，找到类目会员运营问题，联合业务共同提升类目会员数量；
11、负责运营活动制定、执行，效果评估；
12、支撑业务团队的需求，同时协调产品、技术迅速反馈，给出最优方案。
 
任职要求：1、统计学、数学、经济学、计算机相关专业统招本科，不少于2年互联网行业数据相关工作经验；2、熟练掌握EXCEL软件，能够运用SPSS，SAS等数据软件更佳；3、对互联网推广数据有敏感性，对数据有深度分析能力；
4、逻辑能力强，对数据高度敏感，具备优秀的数据分析能力；5、具备良好的交流沟通能力、逻辑思维能力。
6、熟悉互联网、电商行业相关的数据指标、数据量化方法者优先。",5,10,7.5,移动互联网,数据分析
运营-数据分析,5k-10k,木仓科技,移动互联网,150-500人,B轮,武汉,经验1-3年,本科及以上,全职,"职位描述
        岗位职责：
1、 分析日常的业务数据，为产品，业务、运营部门提供分析报告和改进建议；
2、 负责数据分析，定期完成日、周、月、季报等数据报告工作；
3、 负责用户调研、及用户行为分析等数据商业价值挖掘工作；
4、 负责数据统计平台的维护、优化、升级；
5、 制定数据预警机制，分析和研究app流量，对异常流量和数据进行深度挖掘和跟踪；
6、 分析网站用户访问日志、深度挖掘用户行为特征及规律，为产品改进提供数据支撑；
 
任职要求：
1、 本科及以上学历，统计学、经济学、社会学、数学，计算机等相关专业；
2、 对数据敏感，具有较强逻辑思维能力，具备优秀的分析能力和数据挖掘能力；
3、 具有良好的沟通表达能力，能够独立完成数据产品的培训和报告；
4、 熟练使用统计软件或统计工具，如SPSS、SAS、百度移动统计优先；
5、 了解和熟悉至少一种数据库软件，如：oracle、mysql、sql server等；
6、 熟练使用MS Office办公软件，尤其是熟练使用Excel与PPT；
7、 有研究或咨询行业，汽车行业、电商行业及互联网从业经验者优先。",5,10,7.5,移动互联网,数据分析
数据分析(002212),3k-4k,美菜网,"电子商务,O2O",2000人以上,C轮,苏州,经验1-3年,本科及以上,全职,"职位描述
        岗位职责:1、数学、统计学、经济学、计算机等相关专业优先；2、熟练运用office，掌握SAS/SPSS/R等专业统计分析软件的一种或几种。
任职资格:1、认真负责，原则性强2、1年以上数据统计和分析相关工作经验。",3,4,3.5,电子商务,数据分析
数据分析工程师(J10068),10k-20k,苏小研,移动互联网,500-2000人,不需要融资,苏州,经验3-5年,硕士及以上,全职,"职位描述
        工作职责：1.负责研究适合的算法，应用于业务运营和通信网络管理产品相关数据分析应用及数据报表开发；
2.负责产品运营数据分析，维护运营报表数据，并提取所需数据对产品优化提出建议。

任职资格：
学历及工作经验要求：硕士研究生以上学历；有3年以上工作经验
意向专业：计算机或数学专业 
知识技能素质要求：
1.统计学、数学、计算机专业，硕士及以上，具有扎实的统计和数据分析知识；    
2.对数据敏感，具有良好的逻辑思维能力、理解业务的能力、沟通能力和表达呈现能力； 
3.了解数学建模相关知识，熟悉常用的数据模型和数据建模工具；
4.熟练掌握SQL开发，善于编写复杂查询语句和存储过程；
5.掌握JavaPython编程，对HadoopHiveMapreduce编程熟悉优先；
6.具有良好的沟通、团队协作、计划和创新的能力；。
工作态度：拥有较强的自我驱动力和学习能力，逻辑思维能力和自我管理能力优秀，时间意识良好
工作地点：苏州",10,20,15.0,移动互联网,数据工程
数据分析产品经理,10k-20k,智慧芽,移动互联网,150-500人,B轮,苏州,经验3-5年,本科及以上,全职,"职位描述
        工作职责：
   1、与国内外客户沟通，收集并分析用户需求，确定产品研发路径、优先级及优化用户体验，完成各个版本的产品开发原型及需求文档；    2、与公司内部产品研发相关人员密切沟通，推动产品按期并高质量发布；    3、与销售和市场部门配合，开发新产品市场；
任职资格:  1、具有3年以上互联网或软件产品经理的相关工作经验； 
2、英文流利，能与国外销售团队及客户书面及口头自由交流。 3、擅长数据分析、数据挖掘的优先； 
4、有投资、咨询类经验的优先；",10,20,15.0,移动互联网,数据产品
数据分析专员,7k-14k,药药好,"移动互联网,电子商务",150-500人,不需要融资,杭州,经验1-3年,本科及以上,全职,"职位描述
        岗位职责：1、负责对网站数据中的商品、库存管理、流量、订单、会员等维度的数据进行分析；2、可以通过各类数据向上级反馈网站运营中存在的问题；3、对接技术部门，提出数据需求及报表需求。任职资格：1、专业不限，2年以上互联网行业网站运营数据经验；2、有数据应用的工作经验，具备较强的数据分析能力和逻辑思维能力；3、有医药行业经验者优先。",7,14,10.5,移动互联网,数据分析
数据分析工程师,13k-25k,触手TV,移动互联网,50-150人,B轮,杭州,经验3-5年,本科及以上,全职,"职位描述
        岗位职责：
1、利用Hadoop生态圈Hadoop-hive架构，对海量日志数据进行分析。
2、搭建和维护hadoop-Hive开发环境，利用Python等开发语言，统计和分析数据。

任职要求：
1. 三年以上相关领域工作经
2、精通Python、shell、java、C 至少一门编程语言，了解Linux/Unix平台。
3、擅长hadoop生态系统各个组件的运用和调优，  如Spark、hadoop、hbase、hive、flume、sqoop等任意3项以上, 有相关参数调优, 性能优化等有实际经验。
4、实际处理过各种集群在线版本升级, 数据迁移, 集群扩容, 稳定性监控等工作。 
5、有openstack经验者优先。
6、有学习新技术的能力和不怕挑战的精神。

下面我们说一些实在的：
每月提前拿到当月工资，这种感觉真的很爽歪歪！
年底双薪，五险一金，公积金基数根据工资来！买房贷款不愁~
工作日每天有餐补，一年1~2次加薪机会；
7天带薪病假，5-15天年假，世界那么大，随便去看看；
弹性工作时间，再也不用因为地铁故障，公交堵车而迟到扣钱；
充足的团建经费，撸串，K歌，烤全羊，massage，想想有点小激动呢~
一年一次国内外旅游，说不定还能带个妹子回来~去年就去了越南~",13,25,19.0,移动互联网,数据工程
业务数据分析,6k-8k,量子防务,"移动互联网,O2O",15-50人,不需要融资,深圳,经验3-5年,本科及以上,全职,"职位描述
        工作职责:
1、通过与客户沟通与调查，发现客户洞察，制定合作提案；
2、对宏观环境与行业环境进行分析，擅长相关分析工具；
3、获得所需一手信息，搜集所需二手信息与资料；
4、协助项目经理推进项目；
5、与客户联系沟通；
6、在总监指导下，制定项目所需方案；

任职资格:
1、本科学历及以上，市场营销、统计、工商等专业优先；
2、有行业分析、市场调研、企业服务类三年以上工作经验；
3、对高科技与新技术有浓厚的兴趣，有深入了解者优先（如物联网、大数据、工业4.0、新材料）；
4、自学能力强、工作态度积极认真，具备较强的逻辑思维能力，善于通过数据、现象对事件进行归纳分析；
5、性格主动、勤奋坚韧、博观约取。",6,8,7.0,移动互联网,数据分析
数据分析工程师,6k-10k,北川,"分类信息,其他",150-500人,不需要融资,深圳,经验1年以下,硕士及以上,全职,"职位描述
        岗位职责：
1、负责后台大容量数据分析挖掘；
2、参与相关产品需求讨论及业务系统架构设计；
3、参加框架优化、性能优化、系统重构等工作；
4、部门领导安排的其他工作。

任职要求：
1、本科及以上学历，计算机或相关专业毕业；
2、熟练c++编程语言，熟悉linux系统、熟悉mysql、网络编程，有一定后台开发经验；
3、具备良好的分析解决问题能力，能独立承担任务和有系统进度把控能力；
4、具备Mysql数据库相关优化经验或熟悉底层嵌入式设备通讯原理优先；
5、责任心强，良好的沟通能力和团队协作能力，工作积极主动，学习能力强。",6,10,8.0,分类信息,数据工程
数据分析专员(002540),3k-5k,美菜网,"电子商务,O2O",2000人以上,C轮,长沙,经验不限,学历不限,全职,"职位描述
        岗位职责:1.销售数据分析：针对销售情况，分析商品，走势（毛利率、售价、成本、销售额）、弱势产品、强势产品进行分析。2.销售部激励图片制作，需要懂简单的PS
任职资格:1.2年以上数据统计和分析相关工作经验。2.熟练使用excel,PS软件操作。",3,5,4.0,电子商务,数据分析
数据分析工程师（技术中心）,8k-16k,芒果tv,文化娱乐,500-2000人,B轮,长沙,经验3-5年,本科及以上,全职,"职位描述
        岗位职责：
1、主要对CDN业务数据和日志等信息进行收集、存储、计算、统计开发
2、外部平台数据交换对接

任职要求：
1、本科以上学历，计算机及相关专业毕业。两年以上Python开发经验； 
2、熟练掌握Python数据分析相关开发，并能通过WEB图形化展示分析结果，如百度echarts；
3、熟悉TCP/IP协议和socket网络编程； 
4、熟悉MYSQL等常见数据库系统管理操作，并熟练掌握SQL；
5、熟悉主流的分布式文件存储技术、分布式计算技术，有Hadoop、Storm、Elasticsearch、NoSQL使用经验者优先；",8,16,12.0,文化娱乐,数据工程
数据分析工程师,6k-12k,Trafree/自由飞越,电子商务,150-500人,B轮,长沙,经验1-3年,本科及以上,全职,"职位描述
        
岗位职责:1.运营加价投放，投放效果分析；2. 建立运营数学模型最优化运营策略3.以数据为基础，实现风险识别和风险监控的系统支撑。
任职要求:1.能够熟练使用SQL、excel、matlab（或其他数学分析工具）进行数据分析、能够熟练使用一种编程语言进行数据分析；2.本科以上学历，统计学、数学、计算机或相关专业；3.有数据挖掘经验者优先；4.熟悉互联网，能准确理解和发掘新的业务需求；5.良好的沟通及理解能力，有耐心，性格稳重、勤奋、细心；6.爱好旅游，有值得夸耀的业余爱好者优先",6,12,9.0,电子商务,数据工程
广告数据分析专员,6k-10k,五八到家有限公司,"O2O,移动互联网",2000人以上,A轮,长沙,经验1-3年,大专及以上,全职,"职位描述
        1、多维度数据挖掘，发现广告投放优化空间；
2、制定广告优化投入组合，对广告的ROI负责；
3、参与SEM数据产品、SEM优化工具的产品规划；

任职要求:
1、熟悉Excel，会Spss Python优先
2、有数据分析工作背景优先
3、熟悉聚类、回归、决策树等算法优先
4、本科学历，计算机相关专业优先",6,10,8.0,O2O,数据分析
数据分析专员,5k-10k,美图公司,"移动互联网,硬件",500-2000人,C轮,厦门,经验1-3年,本科及以上,全职,"职位描述
        工作职责：
-负责构建数据分析和监控体系，为产品和技术部门提供数据支持和决策依据；
-通过数据进行商业价值挖掘，并能够定期形成相关产品数据分析文档；
-把握产品数据变化并能快速定位原因；
-通过分析数据，不断推动相关产品提出优化策略；
 
职位要求：
-有统计、数据挖掘等背景的优先；
-优秀的文档撰写表达能力和口头表述能力；
-对数字极其敏感，做事严谨，有洞察力；  
-具有较强的数据分析和预测能力，帮助十亿美图用户改进产品体验；",5,10,7.5,移动互联网,数据分析
数据分析专员,4k-6k,浩渺网络,"移动互联网,数据服务",15-50人,不需要融资,厦门,经验1-3年,本科及以上,全职,"职位描述
        岗位职责：
（1）作为项目成员配合项目组完成基于数据挖掘/分析的部分模块工作； 
（2）根据数据情况分析项目情况，并负责项目建议书的撰写； 
（3）发现新客户和现有客户在数据挖掘项目上的新需求。 

岗位要求：
1、本科及以上学历，统计学、数学、计算机或具有数学建模知识结构的相关专业优先考虑；
2、精通Excel、SPSS、SAS、Stata等至少一种数据分析方法和工具，了解数据库查询语言SQL；
3、精通R、Python以及其他快速算法原型实现语言或者工具；
4、具备较强的逻辑思维能力，对数据有敏锐的洞察力，责任心强，有团队协作精神；   
5、1年以上工作经验，具有互联网公司数据运营经验优先",4,6,5.0,移动互联网,数据分析
数据分析工程师,10k-20k,美图公司,"移动互联网,硬件",500-2000人,C轮,厦门,经验1-3年,本科及以上,全职,"职位描述
        主要职责

 深入了解业务，运用多种数据源进行组合分析、挖掘和建模，为业务决策及时、有效地提供参考；
 基于业务发展要求，开发自动化的数据分析解决方案

 
经验要求

 全日制本科及以上学历，计算机、统计及其相关专业优先；
 具备编程、开发经验，熟练使用Java或C++，有PHP编程经验者优先；
 具备数据处理、分析经验，熟练使用SQL，熟悉Hadoop相关技术；
 具备数据挖掘、建模能力，有python、R等编程经验者优先；
 善于结合产品需求思考和发掘数据中的规律和趋势，对数据分析中遇到的问题有好奇心，善于创造性的思考和解决；
 有优秀的口头、书面表达能力，高度的责任心和诚信的品质。",10,20,15.0,移动互联网,数据工程
数据分析平台开发工程师,5k-10k,Datartisan 数据工匠,"企业服务,数据服务",少于15人,未融资,厦门,经验不限,学历不限,全职,"职位描述
        职位描述


 参与大数据分析、处理、数据挖掘等系统的设计和开发；
 针对具体业务，与数据分析人员配合设计并开发算法；
 负责 ETL 逻辑、OLAP 设计和数据挖掘算法设计；
 应用各种数据挖掘技术、机器学习进行数据分析与数据挖掘；


技术路线


 统计学、计算机、数学等相关专业，本科以上学历；
 能熟悉使用 Python、 R 、Java 、Scala 、 C/C++ 或其他任一编程语言，能快速建立模型并对模型进行验证；
 拥有优秀的分析问题和解决问题的能力，能主动发现并解决问题；
 熟悉常见的数据挖掘和机器学习算法，精通数据仓库的相关知识；
 有大数据分析和 BI 系统研发和实施经验者优先；
 了解大规模分布式系统、海量数据处理、实时分析等方面的算法设计优先；
 有 Hadoop 、 Spark 等相关分布式系统使用经验优先；",5,10,7.5,企业服务,数据工程
数据分析总监,15k-30k,美图公司,"移动互联网,硬件",500-2000人,C轮,厦门,经验5-10年,本科及以上,全职,"职位描述
        岗位职责：1. 建立公司产品相关的数据统计、数据分析和数据挖掘体系工作，提出优化建议，为策略制定提供决策支持；2. 公司整体宏观市场及具体产品市场动态追踪和分析；3. 互联网行业宏观趋势追踪和分析；4. 研究产品，发现潜在的缺陷与机会，并从数据角度进行分析论证，对产品功能设计提出有效建议并推进落地；5.从数据角度分析和挖掘公司整体或某具体产品的用户行为对公司，行业和社会带来的价值和意义；6.关注竞争对手产品功能及运营方式的变化，能对产品使用流程及各项功能进行细分和对比，结合数据来建立主题分析模型和评测专题；职位要求：1. 5年或以上工作经验，本科以上学历，硕士优先;2. 了解互联网，热爱数据分析；对数学建模，数据挖掘有一定理解，能够提出并推动数据分析项目的需求与执行;3. 市场感觉敏锐，有优秀的市场分析能力，数据分析能力和需求分析能力，能主动寻找产品各环节中数据分析的应用机会；4 出色的逻辑思维能力和沟通交流能力，思维严谨且具有较强的数据敏度感。5. 有团队管理经验或跨部门项目领导经验。",15,30,22.5,移动互联网,数据分析
数据分析（实习生）,3k-5k,TalkingData,移动互联网,150-500人,C轮,北京,经验不限,学历不限,实习,"职位描述
        岗位职责：
1、利用数据分析等工具从各类源数据中总结规律，挖掘潜在问题和规律，为产品迭代提供决策依据
2、通过用户特征、行为数据等对业务进行挖掘和分析，挖掘数据并进行数据的统计建模分析；
3、定期输出数据分析报告和数据评估报告为相关业务提供参考依据

岗位要求：
1、理工科专业毕业（数学、统计、计算机等专业优先），本科及以上学历，1年以上工作经验
2、具有大数据处理、数据分析、数据产品、项目管理相关工作经验优先
3、可以熟练使用SOL、R语言、hadoop等数据平台和软件中的至少1种，可以熟练使用EXCEL、WORD、PPT等办公软件；
4、对数据敏感、逻辑分析能力强，有良好的沟通表达能力、团队合作精神、执行力强
5、工作认真负责，有耐心，能够承担一定的工作压力和加班要求。",3,5,4.0,移动互联网,数据分析
数据分析(000480),15k-25k,百度游戏,移动互联网,2000人以上,上市公司,北京,经验3-5年,学历不限,全职,"职位描述
        岗位职责:1）独立承担复杂分析任务，对业务问题进行深入分析，为运营决策、产品方向、销售策略提供数据支持，能对关键分析思路进行产品化； 2）牵头数据建模工作，并推动业务部门的数据化运营。
任职资格:1、从业经历要求：本科学历， 计算机、统计、数学等相关专业，有3年以上游戏数值工作经验。 2、素质要求： 1）良好的数据敏感度，能从海量数据提炼核心结果，有丰富的数据分析、挖掘、清洗和建模的经验。 2）能独立编写数据分析报告，及时发现和分析其中隐含的变化和问题。 3）具有丰富的数据模型建立和数据化运营经验。",15,25,20.0,移动互联网,数据分析
数据分析专员,6k-12k,金色家园科技,O2O,500-2000人,不需要融资,北京,经验1-3年,大专及以上,全职,"职位描述
        岗位职责：
1. 配合各业务部门提取需要的数据，对多种数据源进行深度诊断性组合分析、挖掘和建模，提交有效的分析报告；
2. 主动发现值得关注的数据现象并汇报，通知相关同仁；
3. 对各类数据进行验证核对，确保数据的准确性、有效性；
4. 协调相关部门实施关键数据的纪录，进行日常数据的汇总保存；
5. 各类业务周期性报表制作、专项报表制作。

任职要求：
1、 从事相关工作2年以上；
2、 统计学、数学、电子商务、市场营销、工商管理等相关专业；
3、 能熟练运用Excel、SQL， 精通各类数据分析与图表简报制作工具；
4、 具备充分电子商务相关知识与经验、具备基本财务观念、对商业流程有清晰认知；
5、 强大的逻辑分析能力和统计能力；较强的沟通协调能力、学习能力、解决问题能力；
6、 条理清晰、思维敏捷、领悟力强、认真、严谨、负责。",6,12,9.0,O2O,数据分析
数据分析,10k-15k,新浪网,文化娱乐,2000人以上,上市公司,北京,经验1-3年,本科及以上,全职,"职位描述
        岗位职责： 
1、深入了解网站产品结构，负责进行相关产品的日常数据监测、分析、统计和设计 
2、负责对网站的UV、PV、访问深度、跳失率、转化率等做专业数据整理与分析 
3、分析网站产品及用户行为，配合产品经理、运营及市场推广人员提供数据支持 
4、能依据网站用户行为数据推测客户潜在需求，提高目标转换率。 
 

任职资格 
1、大学本科以上，1年以上网站数据分析经验，有制作分析报告经验，熟悉EXCEL等统计分析软件，对数据敏感； 
2、了解互联网应用技术知识、网络知识，理解Web产品业务逻辑及相关衡量标准； 
3、数据分析能力和数据敏感度，能够从数据中发现问题； 
4、具备较强的思维逻辑能力、决策判断力，具备SEO工作经验与技术基础优先。",10,15,12.5,文化娱乐,数据分析
数据分析,4k-8k,太和顾问,"数据服务,企业服务",150-500人,A轮,北京,经验不限,本科及以上,全职,"职位描述
        数据研发中心

职位：数据分析师
岗位职责：
1、协助、指导企业完成调研工作；
2、对企业一线数据进行高质量管理与深度挖掘；
3、按各行业标准，为企业制作专业版薪酬报告；
4、指导、协助企业高效使用数据产品，充分发挥效能；
5、其他数据分析类工作。
职位要求：
1、本科以上学历； 
2、1-2年工作经验，能熟练运用Excel、Word、PPT等办公软件；
3、热爱数据调研、数据挖掘；
4、工作具备主动性，可以在快节奏、充满挑战的环境中工作，并能够承受一定的工作压力；
5、具备良好的协调和组织能力、出色的沟通技巧，高效的时间管理能力。",4,8,6.0,数据服务,数据分析
数据分析（应届生）,6k-8k,北纬通信,"移动互联网,游戏",500-2000人,上市公司,北京,经验应届毕业生,本科及以上,全职,"职位描述
        岗位职责： 1、根据业务发展的需求，统筹从数据采集到分析汇报的全流程，监控分析项目KPI，为部门战略指标规划提供有效的数据依据及支撑； 2、根据运营需求, 收集产品运行数据, 并以此作为分析基础提出参数调整/修改方案, 并在修改方案上线后持续跟踪、逐步完善； 3、深度挖掘用户行为，为产品、运营及市场推广的优化提供数据支持； 4、分析推广活动的效果，研究客户使用行为，并及时提供新的解决方案建议； 5、建立并完善产品指标，运营指标、风控指标等效果及质量的模型定义、确保数据准确性与统一性。 任职资格： 1、计算机、统计、数学、信息技术本科及以上学历， 2、熟练运用SQL；熟练操作excel,SAS/SPSS，PPT ； 3、严密的逻辑思维能力, 对数字敏感, 熟练运用各种数学公式, 具有较强的数学演算能力, 能够搭建数学模型进行数值演算； 4、熟练独立编写商业数据分析报告，及时发现和分析其中隐含的变化和问题； 5、具备良好的沟通能力和团队精神，推动能力强；",6,8,7.0,移动互联网,数据分析
数据分析专员,6k-8k,红缀,电子商务,150-500人,未融资,北京,经验1-3年,大专及以上,全职,"职位描述
        岗位职责：    
 1.收集、整理、统计日常所需数据，并制定相应报表内容，确保各种报表按时准确发出；    
 2.按时整理经营分析报告，包含基础数据及分析结果，用以反映集团整体运营情况    3.根据所需数据特性，及时并精准的提供个性化数据报表    
 4.对数据进行监测，及时反馈经营数据变化，同时了解数据支持的效果。    

任职要求：    
1.熟练使用常见office办公软件，熟练使用excel及ppt, excel功能掌握常用函数和数据透视表.    
2.熟悉各种类型报表制作，对数据敏感。    
3.语言组织能力强，有一定的数据分析能力。    
4.有很强的学习能力及协调能力，能独立处理紧急问题。良好的团队合作精神、责任意识和保密意识；    
5.执行力及抗压能力强。有责任心、耐心、细心，对数据分析有兴趣优先    
工作地址北京市丰台区科丰桥诺德中心二期6号楼11层",6,8,7.0,电子商务,数据分析
数据分析助理,6k-8k,北京数云普惠科技有限公司,"金融,数据服务",15-50人,A轮,北京,经验应届毕业生,硕士及以上,全职,"职位描述
        职位描述：
如果我们成为共同奋斗的伙伴，我们会一起：
- 对原始数据实施数据清洗：分析，制定，实施和调优数据清洗规则和方法。
- 学习最新的数据处理，数据挖掘的方法和技巧，参与对海量数据的分析和处理。
- 制定不同场景的风控规则。
- 实施数据建模，完成相关算法的设计和调优。
- 构建标准化风控系统模型

任职要求：
- 一本统招数学及相关专业；
- 有数学建模竞赛经验者优先；
- 熟悉Python优先；
- 具备良好的逻辑分析能力和解决实际问题的能力
- 对数据具有强烈的好奇心，学习能力强，喜欢研究新技术
- 良好的沟通技巧和团队合作意识。",6,8,7.0,金融,数据分析
高级数据分析,15k-25k,一起作业网,"移动互联网,教育",500-2000人,D轮及以上,北京,经验3-5年,本科及以上,全职,"职位描述
        工作职责：
分析行业前沿动态，扫描相关领域国内外投资动向，为公司业务策略制定及投资方向提供决策支持，主要工作包括：
1、  辅助建立全方位的竞品与行业监控体系，收集市场动态，定期输出竞争分析报告与行业动态报告。为公司业务策略制定及投资方向提供决策支持；
2、  扫描互联网教育领域前沿，包括新产品/技术/公司，深入洞察行业发展趋势及最新动态，推动新业务模式探索，辅助公司的业务发展决策；
3、  跟踪诊断内部各业务线发展情况，对相关产品、用户、商业数据进行高质量、多维度的分析，为管理层和业务层提供决策支持，输入策略建议并推动落地；
4、  针对管理层需求和关注领域进行深入的市场分析或战略分析。
工作要求：
1、  本科学历以上，有5年左右互联网领域的商业分析经验或投资分析、行业咨询经验，有国外学习工作经历优先；
2、  有互联网相关经验、熟习互联网教育或传统教育行业及相关产品技术者优先；
3、  具备优秀的信息整合、数据挖掘、逻辑组织、观点提炼的能力，能撰写商业分析报告，提出独立思路和见解，为策略规划提供建议；
4、  熟练使用PPT和Excel，具备优秀的报告撰写和陈述能力；
5、  优秀的沟通协调、资源整合能力，具备进取精神和团队合作意识，能有效推进解决方案落地；
6、  工作细致认真、作风务实、学习能力和抗压能力强。",15,25,20.0,移动互联网,数据分析
数据分析工程师,15k-30k,SenseTime,移动互联网,500-2000人,A轮,北京,经验1-3年,本科及以上,全职,"职位描述
        岗位职责：
1.基于大数据平台，对用户和业务数据进行分析和管理
2.为相关团队提供数据分析工具和技术支持

任职资格：
1.大学本科及以上学历，计算机类专业
2.两年以上数据分析或软件开发工作经验
3.熟悉Linux开发环境，至少掌握一种常用脚本语言
4.熟悉基于Hadoop的大数据生态体系，具备相关开发经验
5.熟练掌握数据分析体系架构、方法和相关数据建模知识，有海量数据分析经验者优先
6.责任心强，有良好的学习能力及团队合作精神",15,30,22.5,移动互联网,数据工程
数据分析专员,4k-6k,鸿博时代,"硬件,信息安全",15-50人,天使轮,北京,经验1-3年,本科及以上,全职,"职位描述
        岗位职责：
1、熟悉招投标流程，跟进项目的整体进度，做好与各部门的协调工作；
2、分析招标文件，收集投标相关资料及时间把控，以及资料核对无误后在规定时间内进行标书制作，打印装订等直到投标顺利完成
3、负责投标结束后，保证金的退回，与其他一切与招投标相关工作
4、工程项目文件的编写、报审、归档和整理工作；
5、负责公司资质认证年审工作
6、负责合同管理，合同条款审阅，组织协调各部门进行合同评审，跟进合同条款，进行付款/收款跟踪以及发票开具、索要、邮寄等
7、完成领导交办的临时工作。

任职要求：
1、工作严谨、敬业、责任心强，具备较强的沟通协调、投标策划能力
2、熟练使用计算机和office、photoshop办公软件，尤其是排版问题
3、计划和实施能力强，具备了解招投标流程，且有相关经验的专科生可优先录取",4,6,5.0,硬件,数据分析
数据分析工程师,15k-30k,阿里巴巴－神马搜索,移动互联网,500-2000人,不需要融资,北京,经验3-5年,本科及以上,全职,"职位描述
        岗位描述：
1. 业务数据报表设计、开发及日常维护 2. 对现有数据分析平台进行功能维护、性能优化和系统升级； 3. 及时响应数据统计分析需求，并根据数据分析结果提出业务策略建议 4. 结合业务特点，探索并建立分析主题，对数据进行深度分析和挖掘
岗位要求：
1. 本科或以上学历，计算机、统计、数学等相关专业毕业 2. 熟练使用SQL，熟练使用MySQL/PosgreSQL/Oracle中至少一种数据库 3. 熟练使用Linux，能够熟练使用各种脚本工具 4. 熟悉Hadoop、spark/storm或在MPI并行环境有应用实践经验； 5. 充分的数据敏感度，能从海量数据表现中提炼核心结果，及时分析数据中隐含的变化和问题 6. 优秀的分析问题和解决问题的能力，能够把合理的思路成功应用于实践 7. 表达能力强，具备优秀的快速学习能力、沟通协调能力及团队精神 8. 有较强的责任心和学习积极性",15,30,22.5,移动互联网,数据工程
数据分析专员,7k-14k,KTplay移动游戏社区,"移动互联网,游戏",15-50人,A轮,北京,经验1-3年,本科及以上,全职,"职位描述
        -岗位职责

 负责平台业务相关的数据采集和分析系统相关的产品规划和设计
 负责平台业务相关的统计分析数据库的数据定义和数据维护
 基于业务导向收集分析用户需求，使用工具设计和制作可视化数据报表
 基于业务需要提供数据统计分析支持
 对已有的用户数据和用户内容进行分析挖掘，为提升整体产品体验提供数据支持

 
-知识技能

 熟悉关系型数据库相关知识，有 SQL Server 经验者优先
 熟练掌握 T-SQL ，能够独立编写存储过程及查询
 熟练使用 Excel 等数据相关工具

 
-工作经验

 有数据库产品开发经验者优先
 有从事系统化内容分析和用户画像相关工作经验者优先",7,14,10.5,移动互联网,数据分析
数据分析工程师,20k-40k,猿辅导,"移动互联网,教育",150-500人,D轮及以上,北京,经验3-5年,本科及以上,全职,"职位描述
        岗位职责：
1. 分析用户行为的数据，为提升产品质量提供依据；
2. 分析线上搜索case，寻找背后的深层原因；
3. 统计分析日常数据，挖掘规律。
招聘要求：
1. 理工科研究生背景，会 SQL 和正则表达式
2. 熟悉 Scrum 等基本的项目管理框架
3. 会总结数据质量的问题
4. 可以推进相关的工作实施
5. 思维灵活，逻辑能力强，喜欢钻研，有数据分析能力。",20,40,30.0,移动互联网,数据工程
高级数据分析,25k-36k,美团点评,"移动互联网,O2O",2000人以上,D轮及以上,北京,经验不限,学历不限,全职,"职位描述
        岗位职责:岗位职责：1、负责对几亿老客群进行细分，针对用户人群的行为特征挖掘，针对性提出老客活跃策略，为老客持续增长负责；2、和运营端协作，将相应策略落地实施，持续对策略进行迭代，找出最优策略。
任职资格:任职要求：1、有非常强烈的探索精神，有极强的自驱力和学习能力，有较强的优先级判断能力，有较强的团队协作能力。2、极强的数据敏感性、逻辑能力、商业敏感度，能建立分析模型，较好的框架和分析能力，撰写分析报告3、重点大学数学、统计、金融、计算机等相关专业本科或者以上学历4、3-5年的数据分析或者数据挖掘经验，电商、O2O行业优先5、熟悉SQL以及EXCEL，熟练使用MySQL、Hive、SAS等数据分析软件",25,36,30.5,移动互联网,数据分析
数据分析工程师（068-XXS）,5k-8k,四维图新,"移动互联网,生活服务",2000人以上,上市公司,北京,经验1-3年,学历不限,全职,"职位描述
        工作职责：
1、  根据业务需求，对相关数据进行处理、整合、分析，撰写数据分析报告；
2、  通过数据分析发现软件产品的缺陷，协助研发工程师对软件产品进行改进；
3、  负责对改进后的软件产品进行测试，分析是否达到预期指标；
4、能准确、及时的完成数据分析日常工作。
职位要求：
1、  本科及以上学历，数学、统计、数理统计、信息技术或计算机等专业方向；
2、  熟练使用R语言，python/java，SAS/SPSS等进行分析；
3、  具有较强的独立分析及判断能力，良好的数据敏感度，能从海量数据提炼核心结果；
4、  较强逻辑思维能力，较高水平的信息整合、文字加工能力；
5、  掌握SQL，对数据库的相关知识有所了解；
6、1年或以上数据分析、数据挖掘相关工作经验。",5,8,6.5,移动互联网,数据工程
数据分析实习生,2k-4k,达达,O2O,500-2000人,D轮及以上,北京,经验不限,本科及以上,实习,"职位描述
        工作职责：
1、负责质量相关数据的整理和输出及部分数据分析工作；
2、负责与数据的同事沟通解决各项报表事宜；
3、负责京东到家平台上入驻商家的资质审核工作；
4、其他日常工作。

任职资格：
1、北京地区2017年及以后毕业的本科或硕士学生，统计学、数据分析、数据建模相关专业；
2、熟练使用excel、word、ppt、ps等办公软件；
3、对待工作认真负责、做事耐心、仔细，且有良好的语音沟通能力；
4、需尽量保证每周5天的出勤。",2,4,3.0,O2O,数据分析
数据分析专员,4k-6k,七彩如虹,移动互联网,50-150人,不需要融资,北京,经验1-3年,大专及以上,全职,"职位描述
        岗位职责：
1、  汇总整理推广、销售和会员等相关数据；
2、  分析相关数据表露出的问题，并及时提出预警；
3、  处理领导提出的临时数据需求；
 
任职要求：
1、  本科及以上学历，数理统专业毕业优先；
2、  对数据有浓厚的兴趣，并且热衷于钻研；
3、  具备利用Excel处理和分析数据的能力，及良好的PPT图标呈现能力；
4、  工作认真、细致，有很好的自我学习能力；
5、  具备团队协作精神，责任心强，考虑事情周全；",4,6,5.0,移动互联网,数据分析
数据分析专员,6k-10k,凤凰金融,金融,150-500人,A轮,北京,经验1-3年,本科及以上,全职,"职位描述
        工作职责
1．协助统筹数据分析工作，确定各类数据的收集途径和方法，采集数据并及进行初步分析。
2．协助建立相关业务数据分析模型， 判断经营健康度并对未来趋势进行合理预测。
3．根据各类市场指标，对市场推广渠道效率进行判断，指导市场推广资源的分配和优化。
4．不定期组织用户、产品、服务等调研，并形成调研报告，向管理层提供建议。
5．协助制定整体市场预算，实时监控市场费用投入情况，严格控制预算；
6．参与并协助其他市场营销活动的开展，配合相关部门工作。
 
任职资格
1. 1-2年工作经验，统招本科以上学历，市场营销、统计学、计量经济学、管理学等相关专业优先。
2.  1年互联网/金融/电子商务数据分析及市场研究经验。
3.  精通市场营销知识，熟悉市场调查，掌握数据分析的方法论及常用模型。
4.  精通情报和数据处理及业务模型搭建，优秀的逻辑思维能力、分析能力和报告撰写能力。
5.  踏实认真、缜密细致、善于钻研，表达能力强，有团队协作能力。",6,10,8.0,金融,数据分析
高级数据分析,15k-20k,慧享科技,"移动互联网,教育",50-150人,A轮,北京,经验不限,学历不限,全职,"职位描述
        岗位职责：
         1.应用统计建模方法，开发各类分析方法及模型工具，以实现对业务的深入分析；
         2.建立并保持对行业，产品，和用户的深度理解；
         3.对业务过程和结果，给出分析建议，并推动实施；
         4.对业务趋势，给出分析建议，推动决策。
任职要求：
         1.具有业务敏感度，反应迅速，能够良好沟通；
         2.具有数据分析和数据仓库建模的项目实践经验；
         3.3-5年及以上数据分析经验，有互联网产品、运营分析经验； 
         4.熟悉R、SAS、SPSS等统计分析软件，熟练使用 SQL、Hive等；
         5.本科或以上学历，数学、统计、计算机、运筹学等相关专业",15,20,17.5,移动互联网,数据分析
数据分析工程师,10k-20k,助理来也,"移动互联网,O2O",50-150人,A轮,北京,经验1-3年,本科及以上,全职,"职位描述
        职位描述
负责「助理来也」后端数据处理、统计、分析、挖掘相关的任务
职位要求
1、熟悉Python、iPython、Shell、awk、SQL；2、良好的数学、统计学基础，良好的沟通能力；3、熟悉MySQL、MongoDB、Redis等常见的数据存储工具；4、熟悉NumPy、pandas、Hadoop、Spark等；5、加分项：熟悉或者使用过Kafka、Flume、NSQ等日志收集工具。



我们的产品——“助理来也”：
——私人助理应用，微信公众平台，ios, andriod都可以找到。
——无论是打车、外卖，还是机票、酒店，一键帮你搞定。
——上线以来，关注度持续超高速增长，获微软Demo Day最高人气奖。
 
公司介绍
  我们【来也】是一个自我驱动不断追求卓越的团队，团队成员来自常青藤、北大、清华、上海交通大学等国内外知名院校，60多个小伙伴中20%具有留学背景，5%博士毕业，30%硕士毕业，65%一本毕业，我们是精英，We are champions！For examples：
CEO——Princeton博士
CTO——宾夕法尼亚大学博士
COO——斯坦福大学MBA
    CEO汪冠春与CTO胡一川都是连续创业者，在创立了“今晚看啥""并成功出售于百度后，作为百度集团的中流砥柱，主管智能硬件和交互领域，带领“筷搜”团队获戛纳科技创新大奖，同时负责百度视频项目。
COO顾及曾为世界上估值最高的游戏公司之一Funplus的商务总监兼Studio Head，带领数十人的跨国团队，管理流水过亿的游戏产品。
我们看好搜索完成时的千亿级的市场，我们坚信人工+智能的未来，让电影里的高智商高情商机器人助理成为现实！我们的创始团队由百度、阿里互联网老兵组成，我们不设条条框框，只等优秀的你！
  我们在世界著名的YC孵化器拿到offer，可是助理「来也」放弃了硅谷的offer，来到了大陆开辟中国市场。我们在天使轮融资中得到红杉资本沈南鹏、真格基金徐小平等业内大佬的鼎力支持，获得了2500万元天使投资。So，公司初创，求贤若渴。
  我们为一流的人才提供一流的环境。我们还会不定期为员工提供按摩、美容美发美甲，下午茶甜点，鲜花等福利。
  我们的办公地点在北京中关村和上海交大慧谷，交通便利。我们提供具有行业竞争力的薪酬，更有五险一金、午晚餐、车费补助、定期团建等多种福利！为了让你工作舒服，我们的每一台办公椅都是德国进口的！",10,20,15.0,移动互联网,数据工程
数据分析工程师,20k-35k,百度外卖,"O2O,生活服务",500-2000人,B轮,北京,经验1-3年,本科及以上,全职,"职位描述
        你会做这些：
负责百度外卖大数据平台的数据实时对接、实时处理、入库的研发和设计工作；
理解用户数据分析和挖掘应用场景，抽象为数据产品需求，不断完善基础数据的建设；
负责基于Spark/Storm流式计算引擎的设计开发工作，满足业务平台化建设；

我们希望你：
精通Java（jdk8及以上）或者Scala、Python、PHP语言中至少一门，并有实战经验；
精通Hadoop以及Hadoop生态圈上各种应用的几种，如Hbase、Hive，或者分布式数据库Impala等；
熟悉Spark、Kafka、Flume、Storm、Tungsten Replicator其中至少2项，并有实战经验；
熟悉Apache、Tomcat、Mysql、zookeeper、Memcached、redis等软件，能进行常规问题分析处理；
熟悉MySQL，掌握mysql分区、分表、集群等相关设计方案，具备mysql优化经验；
了解memcache、redis、mongodb等常用nosql解决方案，了解各自优缺点以及使用场景；
有良好的系统分析、故障诊断能力者优先；
有数据统计分析、机器学习、数据挖掘能力优先；
有移动端开发和性能优化经验优先；",20,35,27.5,O2O,数据工程
数据分析专员,6k-8k,神州专车,"移动互联网,电子商务",2000人以上,上市公司,北京,经验1-3年,大专及以上,全职,"职位描述
        岗位职责：
-负责公司维修管理部系统中数据的整合分析；
-构建业务数据分析体系，帮助确定业务数据指标；
-协助领导的其他数据工作安排。
 任职资格：
-专科（含）以上学历，统计学、数学等相关专业；
-2年以上数据分析工作经验；
-熟练使用各种办公软件，如EXCEL、PPT等；
-头脑逻辑清楚，沟通表达能力强，较强的数据敏感度。",6,8,7.0,移动互联网,数据分析
数据分析负责人,25k-35k,北京捷越联合,金融,2000人以上,不需要融资,北京,经验5-10年,本科及以上,全职,"职位描述
        岗位职责:
1，熟悉互联网金融行业数据运营模式，规划产品所需基础数据、衍生数据的统计及应用2，核心产品的市场调研、竞争对手相关信息、数据的收集与分析3，擅长数据处理及分析，熟练操作相关软件、工具的应用，理解业务方向和战略，辅助建立量化模型工具，为不同产品、策略提供服务4，负责撰写数据运营报表、分析报告
任职资格:
1，5年以上金融、咨询、互联网行业背景，偏重数据报表编制、数据调研与研究方面经验者优先2，具备良好的沟通能力、执行力敏锐的市场洞察力，热爱互联网金融行业3，熟练使用excel、visio、spss等相关统计分析工具 4，有一定的数据资源者优先考虑",25,35,30.0,金融,数据分析
数据分析工程师,20k-40k,云聚汇,移动互联网,50-150人,A轮,北京,经验5-10年,本科及以上,全职,"职位描述
        岗位描述：1.负责支撑业务平台的数据分析需求；
2.负责完成各种面向业务目标的从数据模型、数据分布、数据传输、数据存储等方面进行大数据系统架构的设计和数据架构；
3.开发具有数据分析、数据挖掘能力的创新型产品；
职位要求：
1.熟练使用Linux，扎实的Java基础。
2.熟悉主流的大数据产品(包括hadoop, hbase, spark, storm)和数据分析技术并具有相关项目经验；
3.有大数据分析与数据仓库设计及开发经验；
4.熟练使用解释性语言做临时工具；
5.熟练使用Git，vim等开发和协作工具；
6. 精通主流IT技术和移动互联网技术，思想意识开阔；
7.逻辑思维能力强，具备优秀的文档编写和良好的沟通与表达能力；
8.具有较强的沟通协调、团队合作和抗压能力。
 ",20,40,30.0,移动互联网,数据工程
数据分析助理,5k-10k,瑞商网,"移动互联网,数据服务",15-50人,不需要融资,北京,经验不限,本科及以上,全职,"职位描述
        
岗位职责：
1.   连锁药店数据分析会的预约与工作推进；
2.   工作计划及日常简报的书写；
3.    数据分析的答疑及担任基础课程的讲师；
4.    数据分析课件的制作及档案管理；
任职要求：
1. 专科及以上学历，医、药学等专业优先；
2. 具有较强的逻辑思维及学习能力，对数字敏感；
3. 良好的沟通能力及快速的执行力，能够独立承担讲师工作；
4. 具有较强的责任心与耐心、抗压能力强，能独立出差；
5. 熟练使用办公软件，诸如PPT、excel、word；
 
 ",5,10,7.5,移动互联网,数据分析
数据分析实习生,3k-5k,猎豹移动,"移动互联网,信息安全",500-2000人,上市公司,北京,经验不限,学历不限,实习,"职位描述
        任职资格：1、本科以上学历在校学生，一周工作至少4天，3个月以上。2、细心，耐心，有数据意识。 3、最好理工科背景。 
工作职责：1、每日工作至少3小时，包括周六周日（主要以日报完成效率为主，效率高可缩减工作时间）；周六日可远程处理。2、汇总各广告平台的广告数据及收入数据，针对异常波动情况进行分析工作。3、协助查询各部门临时增加的数据报表需求。",3,5,4.0,移动互联网,数据分析
数据分析工程师,20k-25k,抱财网,移动互联网,50-150人,B轮,北京,经验3-5年,本科及以上,全职,"职位描述
        数据分析工程师

岗位职责：1、 能利用数据分析手段，对多种数据源的进行深度诊断性组合分析、挖掘、分析，并通过分析潜在业务机会给出建议；2、 负责整理编写数据分析报告，及时发现和分析其中隐含的变化和问题，为业务规划提供决策支持；3、 分析及预测部门业务未来业绩能力达成及趋势；4、 参与部门数据分析需求的调研、分析及实现；5、 对口业务部门提供数据分析服务，与业务部门合作开展业务数据分析；6、 通过数据分析用户群体行为和属性特征，帮助业务更好的理解客户。职位要求：1、统招本科及以上学历，3年以上数据分析相关工作经验；2、熟练掌握SQL等相关数据提取技术，精通Excel，至少熟悉一款统计分析软件，如R、SAS，SPSS等，有独立的数据探查能力；3、有丰富的数据分析、挖掘、清洗和建模的经验，具备良好的数据敏感度，能从大量数据提炼核心结果；4、熟悉决策树、聚类、逻辑回归，关联分析、SVM，贝叶斯等常用数据分析算法；5、计算机、统计学、数学、经济学、金融学等相关专业，有支付、互联网金融相关行业背景尤佳；
6、 具备良好的抗压能力、沟通能力、逻辑思维能力，有独立开展分析研究项目经验；",20,25,22.5,移动互联网,数据工程
数据分析实习生,2k-4k,美团点评,"移动互联网,O2O",2000人以上,D轮及以上,北京,经验1年以下,本科及以上,实习,"职位描述
        职位描述：1. 负责对接数据建设需求，维护数据定义文档，并推动数据建设，管理并按期汇报建设进度；2. 协助分析师提取数据，进行数据处理，并进行日常数据分析或专题数据分析；3. 利用工具建设数据报表或其他数据应用；4. 主动补位，发现需求，并在导师指导下推进将项目落实；职位要求：1. 大学本科或以上学历，经济、统计、计算机等相关专业优先；2. 数据敏感，逻辑性强，反应快速敏捷，具有快速学习能力；3. 主动性强，执行力强。附加题（可不选）1. 请阅读《金字塔原理》一书，并写一份读后感；2. 请了解Metrics和Dimensions的概念，并用自己的理解独立写一份对此概念在分析中的应用的理解；",2,4,3.0,移动互联网,数据分析
高级数据分析工程师,20k-30k,亿玛在线-互联网营销领航者,"移动互联网,电子商务",500-2000人,上市公司,北京,经验3-5年,本科及以上,全职,"职位描述
        岗位职责 ：
1.负责DSP业务各模块数据分析工作，能够从数据中发掘商业价值；
2.人群画像、统一用户识别、关键指标统计、可视化展示及深入分析；
3.采用统计分析/数学建模/数据挖掘等方法，提供有价值的商业数据、模型、算法支持。
4.对海量数据进行分析，分析数据之间的相互作用关系和联系，发现潜在规律，为优化产品的设计和业务方向提供决策支持；
5.         指导团队成员根据不同业务需求、业务场景构建业务模型， 负责与业务部门沟通、寻找业务突破点，提出解决方案；
6.跟踪大数据应用市场动向，市场竞争对手分析，及时调整市场策略，创新产品应用
职位要求:
1、本科及以上学历，3年以上互联网行业数据统计与分析经验；
2、3年以上互联网行业工作经验，负责设计过数据分析、数据挖掘、数据可视化、在线数据相关产品经验，至少一年以上移动端领域数据分析工作经验；
3、精通使用Excel/SPSS/SAS分析数据，有多年撰写商业数据分析报告经验；
4、熟悉 Storm/Spark或其他类似实时计算系统，熟悉编写Map Reduce和Hive SQL统计和分析数据；
5、有Adx/DSP/SSP/DMP等程序化购买业务工作经验者优先考虑；
6、对业务系统的日志数据的实时分析、监控有实际工作经验，对数据敏感，有较强的学习能力以及快速解决问题的能力；
职位优势：
1、准上市公司，我们将于下半年宣布上市，核心研发人员会有股票期权；
公司福利：
1、年薪制，一年15薪-17薪
2、六险一金，社保、公积金全额缴纳；
3、弹性工作制，上班时间9：00-10：00，下班时间18：00-19：00；
4、自有大厦，世外桃源，景色优美，环境清新，让你远离市区的喧嚣和拥挤；
5、开放式办公环境，工位和空间足够宽敞，沟通无极限；
6、班车免费接送；让你远离挤公交车、地铁的窘状和无奈；
7、年度健康体检，一年2次外出旅行的机会，1个月1次工作日带薪团队活动；
8、不仅有美女相伴，还有 一群志同道合、对技术执着的攻城狮、程序猿与你并肩奋斗；
9、核心人员公司代办工作居住证",20,30,25.0,移动互联网,数据工程
数据分析开发工程师,25k-35k,美团点评,"移动互联网,O2O",2000人以上,D轮及以上,北京,经验3-5年,本科及以上,全职,"职位描述
        职位职责：
1、负责外卖业务数据分析开发工作，发掘数据价值
2、对接数据产品经理，负责O2O生态下数据产品的研发
职位要求：
1、本科及以上学历，统计、数学、计算机等专业优先；
2、熟悉各类数据分析统计方法，并具有一定的解决业务问题的实践经验；
3、熟练使用R、Python或SQL等编程工具，了解hadoop及spark等数据计算平台；
4、具有较强的数据推理及分析能力、具有较强的执行力及创新能力；
5、具有较强的互联网业务分析能力和主动思考意识，可以体系化分解业务问题，并用数据给出合理答案。",25,35,30.0,移动互联网,数据工程
数据分析工程师,7k-13k,人人贷,金融,150-500人,A轮,北京,经验不限,本科及以上,全职,"职位描述
        职位介绍: 1、负责市场、营销、产品、用户行为等数据的挖掘、业务逻辑分析等工作，对公司的战略决策、业务优化需求提供支撑； 2、建立相关的分析统计模型，为公司经营管理提供数据支持； 3、基于大规模用户行为数据，建立并优化推荐系统的基础算法和策略； 4、与前Google、百度、华为、宜信、知名私募等互联网和金融领域TOP公司的同事组队工作； 5、团队多名成员在10+个国家拥有工作经验或毕业于清华北大等一线院校；  任职要求： 1、金融、经济、数学、物理、计算机等相关专业本科、硕士研究生或博士研究生； 2、熟悉统计分析，有R、Python、Matlab或SAS、SPSS等使用经验； 3、了解数据库相关和Linux基本操作为佳； 4、良好的框架思维能力和优先级判断力； 5、个性开放，易沟通，良好的表达能力，责任心强，考虑问题细致，执行力强； 6、有BI分析、管理咨询、数据挖掘等相关领域项目经验者优先；",7,13,10.0,金融,数据工程
数据分析专员/助理,5k-6k,华中投资,金融,150-500人,上市公司,北京,经验不限,大专及以上,全职,"职位描述
        岗位职责： 1.负责收集及整理各分公司数据，并整理撰写报表； 2.定期编制各部门需求数据 日报表、周报表、月报表。 3.征信数据的整理与上报； 4.领导安排的其他数据信息类工作； 5.为人耐心细致，工作认真，有求知欲，具敬业精神、沟通能力和团队合作精神。 任职要求 1、2年以上的数据分析相关经验，有电商或金融类行业经验者优先； 2、精通OFFICE软件，特别是EXCEL，了解SPSS等数据分析工具； 3、条理清晰，有良好的表达能力及沟通能力； 4、做事认真细心，有上进心，有责任感，能承受一定的工作压力，团队意识强。 技能态度：对数据敏感 ，思维敏捷，有很强的逻辑分析能力。较强的自我管理能力，有上进心、踏实肯干。
零基础无经验的，公司提供免费提供带薪的岗前培训。",5,6,5.5,金融,数据分析
数据分析专员,8k-12k,58月嫂,"生活服务,O2O",50-150人,A轮,北京,经验3-5年,本科及以上,全职,"职位描述
        职位描述
工作职责:
1.月报、周报、日报等固定报告的综合分析和管理工作，并保证数据准确、完整、安全；
2.项目数据统计分析：对平台上线项目或业务改进数据进行分析，为公司相关部门提供数据支持与决策帮助；
3.临时需求分析处理：支持业务部门日常临时数据需求的处理，向部门提供可行建议与方案；
4.通过数据模型能够用于监控重要业务发展趋势，分析原因及做出合理的预测；
5.带领并培养其他数据人员。
任职要求：
1.数学、统计、计算机相关专业本科学历；
2.熟练使用流量分析工具、数据库查询语言及其他数据统计工具(Google Analytics，SQL，Excel，SPSS等)；
3.较好的数据分析能力，敏锐的洞察力，良好的逻辑分析能力，善于从海量数据中总结规律，可及时根据积累的数据发现潜在问题；
4.通过数据模型能够用于监控重要业务发展趋势，分析原因及做出合理的预测，推动业务的调整或改善；
5.有良好的沟通技巧、较强的责任感和团队合作精神。
 优先条件：
1.传统IT行业；
2.较强数据分析能力和执行力、较强的风险评估能力、创新意识；
3.良好的团队合作意识、较强的责任感。",8,12,10.0,生活服务,数据分析
数据分析开发工程师,10k-20k,链商,"移动互联网,电子商务",150-500人,A轮,北京,经验不限,本科及以上,全职,"职位描述
        1、参与商业数据基础数据平台的研发;2、参与数据采集、大数据存储、数据分析、可视化研发； 3、参与报表系统、ETL系统等基础平台系统的设计与开发； 4、参与数据产品的设计和开发。  任职要求： 1、计算机相关专业本科及以上学历； 2、算法基础扎实，熟悉常用数据结构和算法； 3、精通Java/Python/php/go至少一种； 4、熟练掌握SQL，有mysql相关开发经验； 5、熟悉常见的开源分布式计算/存储相关技术，精通Hadoop/MapReduce/Hive/Spark等，并有运维和调优经验者优先； 6、有ETL、日志采集、海量数据处理、BI、数据仓库建模、数据挖掘等相关工作经验者优先； 7、有较好的沟通交流能力,善于主动思考和行动，乐于解决具有挑战性的问题。",10,20,15.0,移动互联网,数据工程
数据分析实习生,2k-4k,AbleCloud,硬件,15-50人,A轮,北京,经验不限,本科及以上,全职,"职位描述
        [职位描述]与客户沟通数据分析需求客户数据对接，做ETL后导入数据分析平台优秀者可参与数据分析平台研发[任职要求]计算机本科及以上学历熟练掌握C++/JAVA/GO/PHP/PYTHON至少一门语言有日志解析经验、数据库知识者优先有Linux环境开发经验有工作热情，fulltime实习时间至少2个月实习生待遇200~300元/天
=====AbleCloud简介=====AbleCloud（智云奇点）是国内首家智能硬件PaaS云平台，面向IoT企业/开发者提供可定制云端功能开发，海量硬件数据存储与分析等基础设施，加速硬件实现联网智能化。AbleCloud拥有业界最优秀的技术团队，由来自百度，阿里，小米，微软，腾讯的十多位核心架构师组成豪华云计算梦之队（团队平均值为百度T6,阿里P7,腾讯T2.3）。团队从1000多家企业中脱颖而出入选微软加速器第七期。万物联网的时代，AbleCloud已经准备好了最专业稳定的基础设施。『云端服务一体化开发引擎』，业内独创一体化开发引擎架构，自动解决底层连接、存储、分布式集群部署、弹性扩容、安全等难题，让开发者直接基于AbleCloud平台开发出硬件需要的任何云端服务；『大数据分析引擎』提供海量数据分析平台，可以支持T级别以上数据的实时分析，提供简单易用的数据收集方案；『IoT功能组件及方案超市』，提供丰富的IoT功能组件及方案，开发者可直接使用，无需“重复造轮子”。我们的合作平台包括了微信，阿里云，京东JD，联想，海尔等。=====创始团队：我们期待与更多优秀的人一同前行=====CEO李海磊：前百度大数据平台架构师,微软Bing架构师，小米开放云平台负责人，在智能硬件云平台和大数据方面有丰富的经验。Co-founder孙志东:前百度基础架构部架构师,阿里巴巴核心系统部架构师，分布式系统设计和大数据存储领域技术专家。Co-founder孙文现:前百度高级产品运营经理，2006年加入百度，曾担任百度质量部技术委员会主席，领导百度联盟，网盟推广系统，曾带领过超过50人的团队，具有丰富的商业产品研发，拓展和运营经验。Co-founder陈鹏：前百度架构师，2008 年加入百度， 在基础架构部从事分布式系统研发。主导百度分布式消息队列、百度 IDC 带宽调度管理系统、公有云计费 /IAM 系统、大数据分析平台等研发。在分布式系统、大数据分析及 hadoop、 hbase 等开源系统方面经验丰富。Co-founder崔潇扬：天津大学，毕业后加入大唐移动从事通信技术的研发。是国内首批参与4G通信协议的制定和研发人员，拥有多件通信技术专利。曾担任大唐移动的产品经理，带领团队推出了国内首家通过GCF认证的4G手机一致性测试仪表，目前应用于多个认证组织和运营商的手机入网入库测试当中。地址：北京市海淀区西二旗软件园二期博彦科技大厦",2,4,3.0,硬件,数据分析
数据分析 | BI,8k-15k,艺宝网络,电子商务,50-150人,不需要融资,北京,经验3-5年,大专及以上,全职,"职位描述
        岗位职责：
1.负责公司运营数据分析，对流量、用户、商品、订单、进销存等数据进行分析与研究，为公司运营、市场、产品研发、销售策略提供数据分析支持；
2.配合业务部门，为各部门决策层提供战略决策数据支持，建立并规范数据分析流程；
3.根据数据分析结果，发起并带领公司级改善项目

任职资格：
1.数理统计相关专业本科，3年以上数据分析相关工作经验；
2.对数据敏感，有较强的数据分析判断能力；
3.熟悉电商业务运营，熟悉电商BI系统的相关产品和数据分析模型；
4.熟练使用各种数理统计、数据分析、工具软件；
5.良好的沟通能力，文字表达能力，具备较强的撰写分析报告的能力",8,15,11.5,电子商务,BI/报表
客服数据分析,4k-6k,麻小外卖,"O2O,电子商务",150-500人,不需要融资,北京,经验不限,大专及以上,全职,"职位描述
        岗位职责：
1、业务部门相关数据统计分析
2、和业务部门沟通解决相关问题
3、客服部门相关数据统计
岗位要求：
1、大专及以上学历
2、有耐心、抗压能力强
3、沟通能力和解决问题能力强",4,6,5.0,O2O,数据分析
数据分析工程师,4k-8k,百合网,移动互联网,500-2000人,未融资,北京,经验应届毕业生,本科及以上,全职,"职位描述
        岗位职责： 1. 公司运营数据分析体系的建立、维护及优化；
2. 负责运营、产品等内部数据的整理、分析，并建立相关的分析统计模型；
3. 管理和改进项目的数据分析模块，建立数据异常预警机制；
4. 建立重要的数据监控流程，周期性的提供运营分析报告；
5. 负责专项数据分析，为公司运营管理提供数据支持；任职资格：1.熟悉掌握SQL语句；
2.熟悉数据仓库相关技术者优先；
3.熟悉数学、统计学和计算机中有关数据分析相关的方法论和原理者优先； 
4.了解一门语言者优先，如R、Python、Java、Php等；
5.了解hadoop生态组件优先（如：Hive/MapReduce/Spark/Hdfs等）；
6.了解ETL原理//工具/语句者优先；
7.了解可视化工具者优先；
8.学习领悟能力强，能快速的接收和转化新知识的能力。",4,8,6.0,移动互联网,数据工程
BI数据分析,20k-40k,滴滴出行,移动互联网,500-2000人,D轮及以上,北京,经验3-5年,本科及以上,全职,"职位描述
        工作职责：
1、数学、统计、计算机等相关专业本科及以上学历；211大学本科毕业，硕士毕业希望有3年以上工作经验；
2. 具有数据挖掘相关项目实施经验，参加过完整的数据挖掘项目并有过完整的独立建模者优先考虑；
3、熟练使用Excel，Word，PPT等办公文档，精通 SPSS、SAS、R等统计软件；
4. 熟练使用SQL查询语句，精通C, C#, Java, Matlab, PHP等语言的其中之一； 
5. 具有较强的逻辑思维能力和对数据拥有较高的敏感度；
6. 具有良好的人际沟通能力。

任职资格：
1、负责互联网行业相关业务数据的收集、整理及统计计算；
2、基于数据分析，为业务问题提供诊断，撰写相关数据分析报告和文档；
3、根据客户特定需求，通过数据统计和数据模型研究来实现构建业务应用模型。",20,40,30.0,移动互联网,BI/报表
数据分析实习生,2k-4k,百度外卖,"O2O,生活服务",500-2000人,B轮,北京,经验不限,本科及以上,实习,"职位描述
        岗位职责:
1、理解学习各类业务，熟悉相关业务流程；
2、在理解业务的基础上，满足需求方的数据需求，完成数据提取、分析等工作；
3、根据数据分析结果，提供相应的分析报告，完成相应沟通和汇报工作；
任职资格:
1、本科（含）以上学历，计算机、数学、统计学、金融、经济学等相关专业；
2、每周实习天数至少四天，可以实习六个月及以上的同学优先；
3、熟练使用SQL，可以熟练使用php或python脚本语言者优先；
4、工作认真负责，对数据分析有热情，对数据有一定的敏锐观察力",2,4,3.0,O2O,数据分析
数据分析专员,5k-8k,百利天下教育,教育,500-2000人,不需要融资,北京,经验1年以下,本科及以上,全职,"职位描述
        数据库管理员
职位描述
负责公司后台数据库的设计、存储和维护等相关工作
公司数据库的性能优化
临时性数据的整理和分析工作
根据业务流程要求确定公司数据库相关规范标准和贯彻执行
任职资格
熟练使用SQL Server或MySQL数据库（函数、存储过程、触发器、视图）
较强的学习能力和抗压能力
本科（含）以上学历，计算机相关专业
有数据分析或相关软件实施工作经验优先考虑
有报表设计、BI、ETL相关经验优先考虑",5,8,6.5,教育,数据分析
数据分析专员,5k-7k,优配良品,"移动互联网,O2O",150-500人,B轮,北京,经验1-3年,本科及以上,全职,"职位描述
        岗位职责：
1.分析业务部门实际需求，规划、全方面分析客户端数据，对产品改进提供数据支持；
2.通过数据挖掘和统计报表，提升业务部门运营数据的透明度，提升运营效率；
3.熟练运用各种内外部数据统计工具，快速响应各个部门的数据需求；
4.整理、提炼已有的数据报告，发现数据变化，进行深度专题分析，形成结论，撰写报告；
5.与业务部门进行业务需求沟通，并整理出相应的需求和流程文档，确定开发目标；
岗位要求：
一、经验要求：
1.本科及以上学历；
2.有数据分析/用户行为研究的项目实践经验；
二、知识技能要求：
1.有扎实的分析理论基础，精通1种以上统计分析工具软件，如SPSS、SAS，熟练使用Excel、SQL等工具
三、素质要求：
1.具有良好的沟通能力、协调能力，愿意与人主动沟通，具备团队协作精神
2.自我驱动力强，具有较强的个人影响力；
3.心态良好，能承受挫折与压力，保持积极的工作状态；
4.思维敏捷，性格开朗，责任感强；
5.有较强的学习、逻辑思维及分析能力。",5,7,6.0,移动互联网,数据分析
数据分析工程师,10k-20k,陌陌,社交网络,150-500人,上市公司,北京,经验1-3年,本科及以上,全职,"职位描述
        工作职责：1、负责陌陌的日常数据监控和分析研究，发现产品问题和用户变化并提出建议，为产品和运营提供数据支撑；2、基于用户行为的分析建模，利用用户属性和行为模型对陌陌产品进行评估和改进；3、配合公司的战略发展，对现有业务或新业务进行高质量的数据分析，支持管理决策；4、跟踪行业趋势，定期输出竞品/行业分析报告；5、参与相关数据分析、评估监控的工具平台的研发，负责需求抽象、数据模型设计等工作。
职位要求：1、计算机、应用数学、统计或相关专业本科及以上学历（硕士或博士优先）；2、扎实的数据分析/数据统计理论和技术基础，有1年以上的实际工作经验；3、良好的沟通表达能力，较强的产品和用户意识，对问题抽象概括能力强；4、精通SQL数据查询语言，熟练使用一种数据分析工具（R、matlab、spss等）和Excel工具；5、熟悉Linux开发环境，熟悉一种脚本语言（Python / Awk等）编程经验者优先；6、对数据仓库、多维分析建模有深刻的理解优先；8、具有良好的学习能力、时间和流程意识、沟通协作能力。",10,20,15.0,社交网络,数据工程
数据分析专家,15k-20k,汽车之家,"移动互联网,文化娱乐",2000人以上,上市公司,北京,经验3-5年,硕士及以上,全职,"职位描述
        职位描述：所谓专家是指在自己的领域能够独立的推动业务进展，能够独立的探索问题解决路径。
岗位职责:
1.算法设计。负责项目评估、推荐算法、排序算法的理论研究或项目实践。
2.数据化运营。对用户行为研究、用户画像、精细化运营有相关的工作经验和深刻理解；
3.专题报告。具有数据敏锐性，能够发现数据变化，进行深度专题分析，形成结论，撰写专业的有价值的分析报告；
4.推动数据平台建设。能够根据业务分析从专业的角度对BI体系和可视化平台提出建设性意见；
5.支持业务。根据数据报表或专题研究成果对业务运营提出具有可操作性的意见。
 
职位要求：
1.统计学、计量经济学、数据挖掘、计算机、经济学等相关专业硕士及以上学历。
2.三年以上数据分析经验，有在互联网公司、咨询公司等平台进行数据分析工作经验优先。
3.在专业的数据建模能力、很好的业务敏感性、很好的常用数据脚本的开发功底这三者中具备两个以上。
4.能满足岗位职责中三条及以上需求。
5.熟悉linux系统及常用命令；熟练使用 SQL，熟练使用 Excel，掌握JAVA、 R、PYTHON、SAS 等至少一种语言的。
6.有项目评估、数据挖掘、用户行为研究、推荐算法、排序算法的理论研究或项目实践经验的优先。",15,20,17.5,移动互联网,数据分析
BI(数据分析),8k-15k,凯奇谷（北京）信息技术有限公司,"移动互联网,游戏",150-500人,不需要融资,北京,经验1-3年,本科及以上,全职,"职位描述
        职位描述：1、负责游戏数据的日常处理、监控和统计分析。2、制作数据分析报告，为决策层提供数据支持。3、深度挖掘游戏用户的行为特点，用数据推动运营。4、参与BI数据分析系统的搭建。
任职要求：
1、一年左右数据分析工作经验，统计、数学、计算机等相关专业优先。
2、熟悉常用的数据统计和分析方法和工具。
3、熟悉excel、ppt的基本操作。4、熟悉Linux的基本操作，熟悉python脚本语言、mysql等关系型数据库，优秀的sql语句编写能力。5、思维缜密，学习能力强，工作积极主动，有较强抗压能力，对数据分析感兴趣。",8,15,11.5,移动互联网,BI/报表
数据分析工程师,10k-20k,乐视,移动互联网,2000人以上,上市公司,北京,经验3-5年,本科及以上,全职,"职位描述
        1、根据对产品业务的理解，梳理数据需求，建立相关业务模型并开发报表;2、及时响应数据统计需求，并提供适当的分析解读;3、现有数据平台的管理、维护和优化;==我们爱这样的你==1、熟悉SQL，有较好的SQL性能调优经验，理解Hive/Mysql的基本原理和调优策略;2、熟悉Shell和Linux开发环境，拥有Perl、Python等开发经验;3、了解Hadoop及其相关项目,如Hive、Spark、Storm、Hbase等优先;4、有日志采集、海量数据处理、数据仓库建模等经验者优先；5、对数据敏感，逻辑严谨，沟通能力好，工作积极主动，乐于接受挑战;",10,20,15.0,移动互联网,数据工程
数据分析工程师,10k-15k,HyperStrong,"企业服务,分类信息",150-500人,天使轮,北京,经验不限,本科及以上,全职,"职位描述
        1、负责新能源汽车数据平台相关产品的数据分析，进行数据挖掘
2、监控车联网系统数据运营情况，整理相关报告
3、根据客户或公司其他部门的要求，整理相关数据分析报告
4、跟踪分析车辆运行数据，发现问题，验证电池算法等",10,15,12.5,企业服务,数据工程
数据分析研发工程师（中级）,20k-30k,学乐,教育,150-500人,C轮,北京,经验3-5年,本科及以上,全职,"职位描述
        工作职责：
1、负责公司数据分析类产品的设计与实现。
2、负责公司用户数据建模及行为分析。
职责要求：
1、熟练使用hadoop/hive/hbase/spark/kafka/storm 等大数据相关开源工具中至少2种，并有一定任务优化经验。
2、掌握JAVA编程语言，至少熟悉php, python, shell等一种脚本语言。
3、有数据仓库开发经验，熟悉数据仓库基础理论。
4、优秀的分析问题和解决问题的能力。
5、较强的沟通能力和逻辑表达能力，具备良好的团队合作精神和主动沟通意识。
6、具有以下条件者优先： 熟悉OLAP、数据挖掘、推荐系统者优先。",20,30,25.0,教育,数据工程
数据分析实习生,1k-2k,新东方在线,"移动互联网,教育",500-2000人,不需要融资,北京,经验不限,硕士及以上,实习,"职位描述
        工作职责：测试分析、处理数据
任职要求:
1）具备良好的行业分析、判断能力、及文字表达能力；
2）沟通能力强，有较高的数据敏感性及分析能力；
4）具有良好统计学及相关领域的理论基础，熟悉数理统计、数据分析的工作方法，具有较强的数据分析能力；
5）熟悉数据分析与数理统计理论，具有相关课程研修经历。
6）熟悉Linux操作系统及至少一种脚本语言(Shell/Perl/Python)者优先；
7）熟悉C/C++/Java中的一种，有分布式平台（如Hadoop）开发经验者优先；
8）熟悉数据库原理及SQL基本操作者优先；",1,2,1.5,移动互联网,数据分析
数据分析高级工程师,15k-30k,爱狄特,"数据服务,其他",150-500人,不需要融资,北京,经验5-10年,本科及以上,全职,"职位描述
        岗位职责：1、全面理解业务和数据，识别可通过数据分析解答和帮助解决的业务问题或流程、系统缺陷，并将其转为分析项目，推动分析项目的执行；2、设计和实施数据分析项目，通过统计、数据挖掘建模等数据分析手段分析数据，并将分析过程整理成技术类分析报告，将分析成果和应用建议整理成业务类汇报材料，完成相应沟通和汇报工作；3、通过培训和分享，带动其他团队成员成长。 任职资格：1、大学本科或以上学历，计算机科学、数学、统计等相关专业。2、5年以上数据分析、BI领域工作经验，成功实施过大数据分析项目；3、熟练使用数据挖掘、机器学习、统计学的常用算法。拥有海量数据处理和挖掘经验者优先；4、精通一种数据分析工具，例如R\SAS\SPSS等，熟悉R语言者优先；5、熟练掌握SQL，熟悉Hadoop者优先；6、具有良好的商业敏感度和优秀的数据分析技能。能够开发创新且实用的分析方法以解决复杂的业务问题。7、具有优秀的报告撰写能力、讲解及沟通能力，擅长商业性质的交流沟通；8、具有服务客户的思维模式和意识；9、优秀的团队合作精神，善于沟通、乐于分享、诚实、严谨、勤奋。",15,30,22.5,数据服务,数据工程
数据分析岗,15k-20k,九州证券,金融,500-2000人,不需要融资,北京,经验不限,硕士及以上,全职,"职位描述
        岗位职责：
1. 与业务部门沟通协作，进行需求分析，建立有效的分析模型和分析展现；
2. 运用统计分析和数据挖掘技术，对业务和技术数据进行深入分析。
任职资格：
1. 全日制硕士及以上学历，统计学、数学、计算机、金融工程等相关专业，3年以上数据分析工作经验；
2. 熟练使用EXCEL、R/Python、SQL，能够进行复杂数据处理，具有良好的分析报告撰写能力，能制作数据分析报告；
3. 熟练掌握数据分析体系架构、方法和相关数据建模知识，有海量数据分析经验者优先；
4. 具有证券等金融行业相关项目经验两年以上。",15,20,17.5,金融,数据分析
数据分析专员,4k-5k,中企信星,"移动互联网,电子商务",150-500人,未融资,北京,经验应届毕业生,大专及以上,全职,"职位描述
        岗位职责：
1.随时关注网络舆情，对话题和情绪进行引导与监控；
2.探索并归纳各项行业资料，做好竞品分析，撰写分析报告；
3.对公司舆情数据的相关资料进行采集和研究，完善重要数据监控流程，对数据进行深度分析和挖掘，发现负面新闻时及时预警，并发掘有价值的信息，为公司运营提供帮助；
4.管理相关供应商，包括监督与优化其工作流程，提升其研究成果的质量；
5.与相关部门紧密配合，协调沟通；
岗位要求：
1.掌握基本的Office办公软件（如Outlook、Excel、ppt、visio）应用。
2.有较强的集体荣誉感及团队协作精神，熟悉产品运营和流程优化，对于重大投诉和突发事件需要有危机意识，并有快速应对的能力。
3.学习能力强，工作积极主动，有较好的抗压能力，能适应周末值班的工作安排。
4.大专以上学历，应届生即可；",4,5,4.5,移动互联网,数据分析
高级数据分析开发工程师,15k-30k,阿里巴巴－神马搜索,移动互联网,500-2000人,不需要融资,北京,经验3-5年,本科及以上,全职,"职位描述
        岗位描述：
1、参与/负责用户产品效果评估和支撑，并构建规范化评估体系与流程2、参与/负责用户行为数据的挖掘与建模，研发用户体验指标3、参与/负责基于海量数据的日志分析计算、大数据产品设计与开发
岗位要求：
1、熟悉互联网、热衷前沿技术，具有良好的开放思维能力2、具有良好的数据嗅觉，充分挖掘数据中潜在价值3、精通Python/C++语言和数据结构，编码基本功扎实4、具有丰富的大规模日志开发经验，支持海量数据的计算、分析服务功能5、具有优秀的分析和解决实际问题的能力和态度6、具有统计学、数学相关背景者优先",15,30,22.5,移动互联网,数据工程
数据分析经理,14k-25k,金色家园科技,O2O,500-2000人,不需要融资,北京,经验3-5年,本科及以上,全职,"职位描述
        岗位职责：
1、 负责制定数据统计规范，设计统计及分析模板；
2、 协调、监督各相关部门的数据操作行为，保持数据的一致性、精确性、完整性，不断改善数据质量；
3、 负责大数据提取，自动化报表设计开发工作；
4、 负责各项运营数据统计与分析工作，并能结合运营实际，提出改善意见，撰写各项运营问题分析报告；
5、 负责对数据业务进行培训与指导，推进相关业务模块的标准化建设。

任职资格:
 
1、 有丰富的数据产品经验，熟悉数据可视化工具及方法；
2、 对数据敏感，能从大数据中洞察价值，具备敏锐的商业嗅觉，具有较强的数据挖掘和数据分析能力；
3、 熟练运用数据统计分析等相关软件，SQL、最好熟悉统计分析软件（SPSS、R等等），统计学等相关专业毕业优先考虑；
4、 业务需求：了解或熟悉电商或物流业务；
5、 2年以上数据分析相关工作经验，1年以上的团队管理经验；
6、 个人特质：有激情、思维灵活。",14,25,19.5,O2O,数据分析
数据分析实习生,4k-6k,时趣social-touch,移动互联网,500-2000人,D轮及以上,北京,经验应届毕业生,本科及以上,实习,"职位描述
        工作内容：
1、将一线业务运营情况通过数据分析及时总结，梳理，提炼，并将结果反馈;
2、分析会员积分政策存在的问题，结合行业现状，指导会员积分策略的优化;
3、分析会员行为数据，将会员合理分层，同时结合会员策略，提出会员引导优化建议;
4、负责会员画像、会员标签及其算法研究，对会员标签精准度负责，对会员交叉营销和精准营销提出建议;
5、基于会员主题营销活动策划，根据活动执行效果形成分析报告。

任职资格：
1、数学、统计学相关专业本科以上应届毕业生，可稳定实习者优先;
2、具有会员分类、产品研究与积分策略的分析模型设计能力。",4,6,5.0,移动互联网,数据分析
数据分析工程师,15k-28k,百度,移动互联网,2000人以上,上市公司,北京,经验1-3年,本科及以上,全职,"职位描述
        岗位职责：
    1.  基于对业务的深入理解，支撑部门数据需求；
    2.  负责数据预处理、清洗、迁移和维护
技能要求：
    1.1-3年互联网相关经验
    2.熟悉Mysql或Oracle数据库，能够熟练编写SQL，熟悉SQL优化
    3.熟悉java、Php、Python中至少一种语言
    4.熟悉hadoop使用和MapReduce计算原理，至少熟悉Hbase/hive/spark中一种应用
    5.有清晰的逻辑思维，能理解统计分析要求，数据处理认真细致
符合以下条件优先：
    1.英文技术文献阅读和理解能力
    2.大型互联网公司海量数据处理经验
    3.思路清晰，主动性强，有很强的自我驱动能力",15,28,21.5,移动互联网,数据工程
数据分析工程师,15k-25k,三一重能,其他,500-2000人,不需要融资,北京,经验1-3年,硕士及以上,全职,"职位描述
        岗位职责：1.对结构化数据进行数据清洗及相关性分析；
2.利用数据挖掘相关算法解决实际问题。
 
任职资格：1.硕士及以上学历，数学、统计学、计算机、信号处理等相关专业；2.1-3年数据分析、数据挖掘相关工作经验，必须具有数据挖掘具体项目实施经验；3.熟悉数据挖掘相关算法，熟练使用Python等相关数据挖掘工具。",15,25,20.0,其他,数据工程
数据分析专家,6k-9k,美团点评,"移动互联网,O2O",2000人以上,D轮及以上,北京,经验1-3年,本科及以上,全职,"职位描述
        岗位职责： 
1.根据商家经营数据维度，监测商家各项数据指标并诊断分析；
2.建立并完善日常业务数据报表，负责日报、周报、月报数据展示及分析；
2.负责专项数据分析并输出分析报告，为业务提供数据支持；     
3.能够持续动态的挖掘业务数据，发现问题并提出优化建议；
4.对营销活动和运营活动等数据进行总结优化；     
5.分析竞对商家数据，出具商家多平台对比数据分析报告。

岗位要求：
1.2年以上数据分析/挖掘相关工作经验；有互联网相关行业经验； 
2.具备大数据的处理能力，掌握hive、SQL等相关数据提取工具，熟练操作excel、SAS/SPSS、PPT等工具；               
3.良好的数据敏感度，能从海量数据提炼核心结果；
4.具备良好的数据呈现能力，能够及时、准确、完整的完成数据分析报告；
5.有丰富的数据分析、挖掘、清洗和建模的经验；     
6.具备良好的逻辑性和系统性思维能力，良好的跨团队的沟通能力；   ",6,9,7.5,移动互联网,数据分析
数据分析经理,15k-20k,去哪儿网,移动互联网,2000人以上,上市公司,北京,经验3-5年,本科及以上,全职,"职位描述
        工作职责：
1、深入理解产品、业务需求，以结果为导向进行数据分析挖掘，能落地；  2、支持从需求剖析、框架设计、分析挖掘、数据可视化到结果评估优化的完整项目流程；  3、基于海量用户行为数据和其他数据，分析和研究数据与实际业务的关联关系； 4、深入理解业务模型和未来趋势，从对产品、业务和商业的分析挖掘中寻找数据商业价值点，从整体的角度寻找数据的商业价值和机会。  任职资格： 1、两年以上数据分析岗位相关工作经历； 2、熟悉常用的统计工具，并能够形成相关的报表； 3、熟练使用各种办公软件，能独立撰写数据分析报告； 4、熟悉电子商务网站的数据分析模型和用户数据分析模型，了解如何通过数据分析优化电商平台； 5、对数据驱动业务有深入理解，对数据与业务方面有足够敏感性，有较强的逻辑分析能力，有较强的独立思考能力； 6、具备良好的沟通能力和团队合作精神。",15,20,17.5,移动互联网,数据分析
数据分析主管,8k-15k,京东金融,金融,2000人以上,上市公司,北京,经验1-3年,本科及以上,全职,"职位描述
        岗位职责：
1、负责业务运营数据提取工作，负责市场活动推广效果评估的数据支持；
2、提取数据后进行初级的数据分析及整理工作；
3、及时与数据部沟通，掌握数据仓库各表字段含义；
4、定期出具竞争产品分析报告。
任职资格：
1、熟练使用hive、MySQL，了解一般的SQL优化技术，了解LINUX系统常用命令，1年以上的数据提取及分析经验； 
2、具备一定的数据分析能力，能快速理解业务，熟练使用office办公软件，了解SPSS、R其一即可；
3、工作认真，善于沟通，具有良好的团队合作精神，具有互联网金融方面的经验优先。",8,15,11.5,金融,数据分析
用户运营（数据分析方向）,6k-8k,同仁堂国际,"移动互联网,电子商务",50-150人,天使轮,北京,经验3-5年,本科及以上,全职,"职位描述
        岗位职责：
1、了解电商行业，具备行业的数据分析经验，负责运营数据体系的搭建。
2、日常运营数据整理、分类、统计，定期（日/月/季度等）提交日常数据分析报告，并跟踪日常运营数据监测报表，及时发现运营过程存在的问题，为部门日常运营提供数据支持；
3、对营销活动、运营活动等进行数据总结和优化，提供决策支持；
4、跟踪产品发展，搭建PC/APP统计指标体系，监控重点数据，能从数据异动中发现问题并反映问题；
5、定期与技术团队沟通，输出报表展示需求及算法逻辑。
6、检测各关键数据是否存在异常，并将异常进行预警反馈。
 
任职要求：
1、2年以上电商数据分析工作经验；
2、具备大数据的处理能力，掌",6,8,7.0,移动互联网,数据分析
安全数据分析技术专家,25k-35k,滴滴出行,移动互联网,500-2000人,D轮及以上,北京,经验5-10年,本科及以上,全职,"职位描述
        工作职责：
1、负责安全数据平台建设，产出安全数据需求，推动丰富安全数据平台中数据
2、负责分析安全数据并进行监控策略的制定、优化
3、负责挖掘深沉潜藏的安全事件
4、参与安全事件的应急响应、调查分析、追踪
职位要求：
1、有三年及三年以上安全相关工作经验
2、有丰富的安全攻防经验
3、具备一定代码能力，能用自动化解决问题
4、具备大数据相关工具进行海量日志分析的能力，对告警事件有理解、分析、判断和优化能力
5、对技术有浓厚的兴趣
6、综合素质要求：逻辑能力，责任心，敏锐，主动
7、本科及以上学历",25,35,30.0,移动互联网,数据分析
数据分析主管,8k-15k,恒昌利通,金融,2000人以上,不需要融资,北京,经验1-3年,本科及以上,全职,"职位描述
        岗位职责：
1.负责对数据收集及前期数据变量模型搭建；
2.负责核算风险数据指标、出具相关透视图形及统计报表；
3.负责数据库每日更新、整理；
4.定期出具数据报告，根据数据报告进行贷后资产质量分析；
5.整合风控中心数据需求，完善风控中心数据支持工作。
 
 
岗位要求：
1.数学、统计学、数量经济学、计量经济学、运筹学、经济学、计算机等相关专业本科及以上学历；
2.具有1年以上银行信贷审查或大型担保公司风险控制从业经验，或1年以上法律专业、信托、基金公司工作经验；
3.熟练掌握风险识别的方法和工具；
4.有财务分析、项目评估、组合风险管理等理论方法与实务操作的经验；
5.具有较强的分析判断能力、数据敏感度高，有较强逻辑思维能力和数据统计分析理论基础；
6.熟练使用Excel函数、Access或SQL能够熟练应用。",8,15,11.5,金融,数据分析
数据分析经理,10k-20k,我的医药网,"移动互联网,电子商务",150-500人,B轮,北京,经验1-3年,本科及以上,全职,"职位描述
        岗位职责：
1.负责日常运营基础数据的统计分析，报告编制；
2.及时响应运营和产品的数据统计分析需求，提供恰当的解读分析，提供固定数据报表，并对数据进行详细阐述分析，为运营决策，提供数据支持。如数据有异常，能及时发现并联系相关部门解决；
3.收集部门内部以及各部门的数据需求，归纳提炼出数据统计需求，进行讨论确定数据立项，并负责推动产品及技术进行需求实现；
4.数据统计系统优化，根据发展重点、策略的调整，适时提出数据统计系统的优化需求并跟踪实现；。
任职要求：
1.统招本科以上学历，全日制统计学、数学或理工类大学本科及以上学历优先考虑；
2.3以上互联网业务数据分析经验，精通互联网特别是电商相关的数据指标、数据量化方法；
3.逻辑能力强，有极强的数据敏感度与数据分析能力；
4.熟练使用Excel，Powerpoint等工具；
5.责任心强，能承受较大的工作压力，具有较强的团队合作精神。",10,20,15.0,移动互联网,数据分析
数据分析经理,15k-30k,滴滴出行,移动互联网,500-2000人,D轮及以上,北京,经验3-5年,本科及以上,全职,"职位描述
        工作职责：
1、负责客服整体运营数据分析，指标测算与制定，考核及优化提升，撰写分析报告；
2、负责监控一线客服行为数据，分析数据得出异常原因，与相关部门上级沟通，拟定解决办法，优化工作流程，提升服务效率和质量；
3、负责收集、整理客户需求信息并对信息进行分析，提出改善产品或服务的具体建议和措施，并及时反馈给相关部门完成产品迭代，以及服务升级；
4、针对业务数据规律，建立数据分析模型，对客服系统提出相关修改意见；
5、按照PDCA流程，通过分析确定服务改善项目，并推动改善实施。 
 
 任职资格：
1、   专科以上学历，统计学、经济学、数学等相关专业优先；
2、   具备良好的专业背景、逻辑能力好，有较强的创新思维、执行力和沟通能力；
3、   具备战略思维能力和策略思维，有全局观念，善于做整体规划，思路清晰；
4、   能熟练使用SPSS、ACCESS或SAS等统计分析软件，以及OFFICE系列软件，PPT演示能力强；
5、   有互联网企业数据分析与呼叫中心相关数据分析经验者优先考虑；
6、 &amp;nb",15,30,22.5,移动互联网,数据分析
数据分析经理,15k-20k,汽车之家,"移动互联网,文化娱乐",2000人以上,上市公司,北京,经验3-5年,硕士及以上,全职,"职位描述
        职位描述：不仅仅具有专家的素质，还要求具有系统设计和把控的能力。
          能够配合好其他团队并合理安排工作。
          能够有很强的敏锐性发现新的业务重点。
岗位职责:
1.参与产品、运营的项目设计和实施，把控数据埋点；
2.推动数据分析主题、维度、指标等 数据基础体系的建设工作；
3.根据对运营、数据分析、管理决策的理解，推动BI平台的设计。
4.作为分析与产品、运营、市场等部门的接口人，响应重点的数据分析需求；
5.负责数据分析报告的商业化发展和数据可视化平台的建设。
职位要求：
1.统计学、计量经济学、数据挖掘、计算机等相关专业硕士及以上学历。
2.三年以上数据分析经验，有过10人以上数据分析团队管理经验。
3.熟悉linux系统及常用命令；熟练使用 SQL，熟练使用 Excel，掌握JAVA、 R、PYTHON、SAS 等至少一种语言的。
4.有过数据产品平台系统设计经验的优先。
5.有在互联网公司、统计软件公司、咨询公司等平台进行数据分析工作经验优先。",15,20,17.5,移动互联网,数据分析
数据分析实习生,2k-3k,去哪儿网,移动互联网,2000人以上,上市公司,北京,经验应届毕业生,本科及以上,实习,"职位描述
        工作职责：
负责处理各种数据需求
工作要求：
1、国家统招本科或以上学历，统计学、数学、计算机等相关专业在校生
2、熟练使用Excel，熟悉SQL
3、具备优秀的的数据敏感性和逻辑思维能力，具有较强责任感
4、一周到岗4天以上",2,3,2.5,移动互联网,数据分析
电影营销－数据分析,6k-8k,微影时代,"移动互联网,电子商务",500-2000人,C轮,北京,经验应届毕业生,本科及以上,全职,"职位描述
        工作职责：
1大量数据整理对接工作，协助公司投资发行影片市场评估，进行项目调研，数据分析，编制项目参考报告
2 根据公司不同独立发行影片（包括国内及国外影片），结合平台特点，一起参与制定电影线上发行以及线下发行策略
3 参与电影发行任务分解，监控电影发行中kpi考核，做好数据留存工作，配合产品部门进行发行动作产品化梳理
   


任职要求：
1 、211、985院校理工科毕业优先
2 、有电影宣传经验或及互联网娱乐营销相关背景优先
3 、熟练使用office办公软件，有文案功底优先。热爱电影，对数据、票房等有一定的敏感性和关注度",6,8,7.0,移动互联网,数据分析
高级数据分析工程师,17k-25k,银谷,"移动互联网,金融",2000人以上,不需要融资,北京,经验3-5年,本科及以上,全职,"职位描述
        岗位职责：
1、数据的提取与挖掘:对公司和行业相关的数据进行收集提取，运用不同方法从不同的媒介获得有效数据并对数据进行清洗、结构化的数据分析；
2、数据处理：采用统计学、机器学习等科学方法对业务数据中的和业务涉及到的数字、符号、文字、网址、音频或视频等数据进行处理获得有效信息，并通过编程和数据可视化的方式形成数据产品，从而支持业务的需要;
3、数据的统计分析:采用统计的方法从数据角度对公司业务，行业研究进行分析工作，为征信政策的制定和风险跟踪监控等业务提供数据支持；
4、机器学习模型算法:实现数据抓取系统，任务调度、以及性能优化算法设计等内容,对数据加工的算法和模型提出指导方案并开发特定算法支持；
5、数据产品开发:设计开发数据产品以及业务产品数据接口,数据可视化技术方案，负责部门可视化设计和研发，为决策层提供数据分析报告。
任职要求：
1.数据分析相关工作任职3年以上；
2.相关行业经验不限（互联网，金融，电商、制造业）；
3.熟悉自然语言处理，机器学习，对各类算法如聚类、分类、关联、回归、预测等模型有实践经验，参与过数据分析项目并承担主要工作；
4.扎实的理论基础，有独立开发算法完成分析需求的能力；
5.统计学、数学、或计算机等相关本科及以上学历；
6.具备github账号，Kaggle账号者优先考虑。
 
备注：简历反馈1-2个工作日，面试反馈1-2个工作日
 
工作地址
北京市朝阳区光华路SOHO二期B座5层（地铁1号线“永安里”站）",17,25,21.0,移动互联网,数据工程
数据分析算法工程师,10k-20k,阿凡题,"移动互联网,教育",50-150人,B轮,北京,经验1-3年,本科及以上,全职,"职位描述
        【你的工作职责】
1、对用户行为数据进行统计并开发报表，为产品改进提供决策支持，提升用户体验；
2、对运营和推广数据进行统计，设计相关的数据报表，为运营和推广提供数据支持；
3、分析和监控数据报表，通过深度挖掘用户的行为数据，帮助各部门发现、分析和解决问题，出现问题能够分析出最根本的原因.
【你的任职要求】
1、对数据敏感，有数据统计和分析经验，能够根据需求构建数据模型；
2、善于沟通，能够快速理解互联网、教育类产品的业务需求；
3、熟悉SQL，最好有Hadoop，hive的使用经验；
4、熟悉Python、shell、awk等语言，有Web系统开发经验，django开发经验者优先.

如果你有梦想、有激情、够认真，够快乐，我们虚位以待！
 ",10,20,15.0,移动互联网,数据工程
数据分析经理,20k-40k,亚洲旅游,移动互联网,150-500人,不需要融资,北京,经验5-10年,大专及以上,全职,"职位描述
        岗位职责：
1、负责整体公司的经营分析，通过数据分析不断指导优化业务；
2、负责整体公司数据体系的疏离，制定各业务部门的核心运营指标，根据运营数据分析报告协助制定产品修改及运营改进策略；
3、负责整体公司分析系统的需求疏理，并通过不断调整实现；
4、负责APP产品的数据收集、汇总，对数据进行良好的展现和输出；
5、定期监控收集竞争对手产品数据进行分析，帮助各业务部门更深理解市场现状、发展趋势等；
6、负责常规数据报告的整理和分析，定期向各相关部门推送报告。并对后台数据监测、数据分析、总结规律，提出优化建议，做实时异常提醒；
7、跟进运营的分析需求，撰写业务分析报告，结合数据趋势提出产品阶段性优化建议，为产品运营提供可靠的数据支持。
 
 任职要求：
1、应用数学、统计或电子商务等相关专业本科及以上学历；
2、具备互联网、电子商务网站 运营及数据分析3年及以上经验；
3、具有数据挖掘分析功底，熟练使用流量分析工具、数据库查询语言及其他数据统计工具(SQL，Excel，SPSS,SAS等)；
4、优秀的数据分析能力，数据敏感度高，善于从海量数据中总结规律，敏锐的洞察力，可及时根据积累的数据发现潜在问题；
5、具备良好的逻辑分析能力，善于沟通和表达，有很强的责任心，能承受较大工作压力，踏实，肯钻研；主导过公司经营分析系统开发优先；
6、能独立撰写数据分析报告，并具有良好的报告呈现和解说能力；",20,40,30.0,移动互联网,数据分析
医生——临床数据分析,9k-15k,北京智康通达信息技术有限公司,"医疗健康,数据服务",15-50人,不需要融资,北京,经验1-3年,本科及以上,全职,"职位描述
        1、临床数据管理工作，收集整理各种临床诊疗规范，临床知识库、疾病知识库、耗材数据库构建；2、合理用药检测平台的实施；负责建设和维护诊疗规范数据库，确保内容的完整性、准确性、一致性；3、在项目支持方面能深入理解并独立完成项目各规则拆分；4、能够指导审核规则拆分、并对其中的疑问进行解答；5、能较好地支援其他项目经理做好现场实施；6、能够快速有效地对各地的需求进行处理；7、能高效完成公司其他部门医学相关需求；8、熟练掌握Excel、PPT等常见办公软件知识；9、具有2年以上临床工作经验。",9,15,12.0,医疗健康,数据分析
数据分析总监,12k-15k,呜哩,移动互联网,150-500人,不需要融资,北京,经验3-5年,本科及以上,全职,"职位描述
        岗位职责:
1.参与产品、运营的项目设计和实施，把控数据埋点；
2.推动数据分析主题、维度、指标等 数据基础体系的建设工作；
3.根据对运营、数据分析、管理决策的理解，推动BI平台的设计。
4.作为分析与产品、运营、市场等部门的接口人，响应重点的数据分析需求；
5.负责数据分析报告的商业化发展和数据可视化平台的建设。
6.建立财务、产品分析模型，为公司管理层提供高价值的分析报告
职位要求：
1.统计学、计量经济学、数据挖掘、计算机等相关专业硕士及以上学历。
2.三年以上数据分析经验，有过10人以上数据分析团队管理经验。
3.熟悉linux系统及常用命令；熟练使用 SQL，熟练使用 Excel，掌握JAVA、 R、PYTHON、SAS 等至少一种语言的。
4.有过数据产品平台系统设计经验的优先。
5.有在互联网公司、统计软件公司、咨询公司等平台进行数据分析工作经验优先。",12,15,13.5,移动互联网,数据分析
高级数据分析专员,10k-20k,有利网,金融,500-2000人,C轮,北京,经验1-3年,本科及以上,全职,"职位描述
        工作内容：
1.  出具资产端日报，周报及月报，为管理层提供业务运行情况；2.  出具月度指标报告，包括业务线产品、地区等组成及变化情况，风控指标，产能指标等；3.  依照运营分析需求，出具如客群特征描述等专项报告；4.  理解业务情况和管理需求，在计算已有数据指标的基础上，完善数据指标监控体系；5.  其他部门负责人交办的事务。职位要求:1.  全日制大学本科及以上，统计学、金融、经济学、数学等相关专业；2.  1－3年数据分析工作经验，互联网行业经验加分。个人素质优秀的，可接受应届毕业研究生；3.  具有较强的逻辑思维能力，严谨的数据处理及分析能力，较强理解力和总结归纳能力；4.  对业务实质有兴趣，爱学习；5.  熟练使用SASS，SQL，excel等工具，除数据处理能力外，具有较好的图表展示技巧。",10,20,15.0,金融,数据分析
运营数据分析,10k-18k,多点Dmall,"电子商务,O2O",500-2000人,天使轮,北京,经验3-5年,本科及以上,全职,"职位描述
        岗位职责：
1、建立描述和预测模型预测操作指标和销售；
2、发送每日和每周报告给管理团队；
3、通过简单易读的可视化方式来展示复杂的数据；
4、通过开发SQL / R / Python脚本发送自动化报告；
5、通过数据发现运营薄弱环节和漏洞，提出改善和优化方案，并通过数据监控，评估优化结果；
6、为运营质量管理和改善提供数据监控和解决方案，并持续跟改善效果；

任职要求：
1、统计学、数学、经济学、计算机相关专业，本科及以上学历，两年以上数据分析经验；
2、熟练使用Excel，熟悉SQL、SAS、SPSS、水晶易表等工具优先；
3、优秀的Excel Skil,如计算器,数据透视表和VBA；
4、至少2年的R或Python编写代码经验，和SQL脚本经验；
5、3年经验的R / Python / SQL；
6、逻辑能力强，对数据高度敏感，具备优秀的数据分析能力；
7、熟悉互联网、电商行业相关的数据指标、数据量化方法者优先；",10,18,14.0,电子商务,数据分析
数据分析实习生,3k-4k,网易,"数据服务,文化娱乐",2000人以上,上市公司,北京,经验不限,本科及以上,实习,"职位描述
        岗位职责：1.负责传媒各产品的数据分析、数据提取等工作2. 监控业务指标体系的变化；3. 用数据分析手段进行业务洞察，提供业务改进建议；资格要求：1、本科或硕士学历2、统计分析、计算机相关专业学科3、掌握sql及excel等工具4、能够撰写分析报告",3,4,3.5,数据服务,数据分析
经营数据分析,10k-20k,瓜子二手车直卖网,O2O,2000人以上,A轮,北京,经验3-5年,本科及以上,全职,"职位描述
        岗位职责：
1、负责各类金融指标的分解、下达及释疑 ；
2、负责业绩数据整理和发布，业绩日报、月报等报表统计分析；
3、为区域经营分析提供数据支持；
4、负责金融大事记资料的整理、编写工作。

任职要求：
1、本科以上学历，统计，会计，金融，应用数学，计算机等相关专业；
2、3年以上分析经验，汽车金融或保险行业经验优先，能够从经营角度分析数据，提供决策支持；
3、能够熟练运用EXCEL复杂函数进行数据处理和分析，具有SAS操作经验优先；
4、 熟练运用PPT，具备数据分析可视化的思维和能力，数据模型制作经验者优先。",10,20,15.0,O2O,数据分析
数据分析经理,11k-15k,e田科技,"移动互联网,电子商务",150-500人,未融资,北京,经验3-5年,本科及以上,全职,"职位描述
        岗位职责：
1）负责数据统计，挖掘价值信息；
2）负责行业、用户等数据信息分析，为业务运营提供支持；
3）负责利用大数据相关技术对数据分析提供支持；
4）负责数据展现设计与开发。
任职要求：
1）熟练掌握一门以上编程语言；
2）掌握至少一种数据库开发技术（Oracle、MySQL等）；
3）具有Hadoop开发经验优先；
4）有较好的逻辑分析和数据分析能力;
5）责任心强、工作严谨认真。
工作地点：北京 潍坊",11,15,13.0,移动互联网,数据分析
数据分析管理,15k-20k,国网电商公司,电子商务,500-2000人,不需要融资,北京,经验3-5年,硕士及以上,全职,"职位描述
        岗位职责：
1.负责收集公司内部数据并分析整理，制作数据分析报告；2.负责对公司数据进行有效监督管控，制定数据标准，完善分析方法，优化工作流程；3.负责开发相关数据报表模板，为数据分析提供必要的数据支持；4.对公司的业务领域及项目进行深度需求分析，提出建模思路；5.设计挖掘投资项目所需要的数据结构，指导开发人员进行开发，并验证模型结果的合理性；6.完成上级领导交办的其他工作。
 
任职要求：
1.年龄35岁及以下；2.全日制硕士研究生及以上学历，计算机相关专业；3.三年及以上数据分析、数据建模相关工作经验；4.善于用合理的方式进行数据可视化，熟练掌握各种数据分析工具和数据建模的常用方式方法；5.具有较强的数据敏感性，开阔的思维和视野，擅于通过数据分析发现业务规律。",15,20,17.5,电子商务,数据分析
业务数据分析,10k-20k,百度,"移动互联网,数据服务",2000人以上,上市公司,北京,经验1-3年,本科及以上,全职,"职位描述
        职责:
-核算部门财务数据，负责部门财务收入计算 -预算费用分析，反馈预算执行建议，并针对执行情况通报相关情况  -协助费用专项分析评估，例如投产比、渠道有效性分析等，并提出合理化的改进建议 -负责产品运营数据汇总分析
要求:
-2年以上大型互联网公司数据分析工作背景 -本科或硕士研究生，经济或者商业管理专业优先，有财务背景 -逻辑清晰，具有出色的数据分析能力和解决问题能力  -学习能力强，可独立完成相关报告，工作认真、负责 -性格开朗，积极上进，有优秀的沟通能力和团队协作能力
 ",10,20,15.0,移动互联网,数据分析
数据分析高级研发工程师,15k-25k,北京中交兴路车联网科技有限公司,生活服务,500-2000人,未融资,北京,经验5-10年,大专及以上,全职,"职位描述
        
 岗位职责：
 1、负责模块子系统的设计和迭代开发；
 2、线上问题的排查及解决；
 3、技术培训、分享，代码review；  
 任职要求：
 1、5年以上工作经验，参与过1个以上互联网分布式系统研发与维护；
 2、精通大数据分析，并有至少1个项目或者产品的实战经验；
 3、精通Nosql、集群架构技术，熟悉主流开源产品；
 4、精通java，有一定的分析设计能力；
 5、快速发现问题、解决问题的能力，响应快；
 6、自我驱动，思路清晰、良好的沟通讲解能力。",15,25,20.0,生活服务,数据工程
数据分析经理,20k-40k,掌众金融,"移动互联网,金融",150-500人,A轮,北京,经验5-10年,本科及以上,全职,"职位描述
          1．组建数据运营团队，并带领团队完成各类数据运营分析工作；
        2．建立业务运营监测指标体系，并进行监测分析业务运行的健康度；
        3．建立客户分析体系，包括客户画像、客户需求、流失分析等；
        4．各类专项分析，如营销评估、推广策略、运营诊断等；
        5．部门协同，满足其他部门数据需求；
 岗位要求:
1.统招本科以上学历，5年以上工作经历，3年以上大中型企业运营数据分析相关管理经验；
2.曾经负责过多个数据分析的项目，熟悉相关应用场景及分析方法，有数据实际运用的经验；
3.曾带领团队进行数据分析工作，并运用数据分析结果驱动公司产品、业务成长；
4.精通excel、数据库脚本语言（mysql、sqlserver），熟悉SPSS、SAS或R，有运用SPSS、SAS或R进行数据建模或数据处理的项目经验；",20,40,30.0,移动互联网,数据分析
数据分析经理,25k-35k,信和财富-科技公司,金融,2000人以上,未融资,北京,经验5-10年,本科及以上,全职,"职位描述
        岗位职责： １、搭建、优化数据统计指标体系； ２、建立重要数据监控流程，跟踪产品每日、每周和每月的运营数据； ３、完善预测模型和提供每月重要指标的预测数据； ４、对运营各环节或产品进行有价值的专题研究，定期或不定期输出专题分析报告； ５、基于海量数据，挖掘数据规律并建立分析模型； ６、探索并固化数据分析角度、规范和评价模型，帮助团队提高数据跟踪、数据分析和数据决策的意识和能力。 任职要求： １、统招本科以上学历； ２、有5年以上数据统计、分析经验，熟悉数据分析的主要方法和思路； ３、有咨询公司数据项目经验或企业业务/运营/网站数据统计、分析经验，善长数据挖掘、数据规律分析及分析模型建立者优先； ４、对数据有高度的敏感度和警觉性；逻辑性及系统性思维强；工作细致，责任心强； ５、熟练使用Excel、Spss等相关统计工具。 
 ",25,35,30.0,金融,数据分析
数据分析主管,6k-12k,国美电器,O2O,2000人以上,上市公司,北京,经验1-3年,本科及以上,全职,"职位描述
        岗位职责：
1.负责各类销售、库存数据的整理、汇总;
2.负责市场竞争力分析报告;
3.负责核查违规低价案例;
4.负责完成相关战略分析报告;
5.负责差异化型号的审核及录入;
任职要求：
1.本科及以上学历，统计、金融、计算机、经济类相关专业;
2.三年及以上工作经验，具备一定的分析能力;
3.熟练操作 office 系列软件，ACCESS等数据统计软件;
4.性格外向开朗，逻辑思维能力强;
 ",6,12,9.0,O2O,数据分析
数据仓库--数据分析,15k-25k,包商银行,金融,2000人以上,未融资,北京,经验3-5年,本科及以上,全职,"职位描述
        任职资格：
1、硕士以上学历，计算机、统计、金融等相关专业；2、3-5年数据分析与运营工作经验； 3、精通数据分析、挖掘方法，能熟练运用SAS/SPSS、Matlab、R语言等挖掘工具和技能（至少精通一种）； 4、有良好的文案写作能力，PowerPoint展现能力； 5、较强的沟通与管理能力，有项目管理经验者优先（PMP）。6、有咨询、银行、互联网行业数据分析工作经验优先。
工作职责：
1、根据业务要求，结合战略目标，发现营销分析点，并制定相应的分析解决方案；
2、负责数据采集、处理、分析、展现等全流程；
3、与业务部门紧密合作，实施数据分析的结果并跟踪其效果。
 ",15,25,20.0,金融,数据分析
数据分析实习生,2k-3k,滴滴出行（小桔科技）,"移动互联网,电子商务",2000人以上,D轮及以上,北京,经验不限,本科及以上,实习,"职位描述
        职位描述：
1、负责策划并组织用户端线上线下活动，刺激用户端拉新和运营  2、负责用户端趋势分析，对运营活动进行效果跟踪和评估  2、协助跟进流程梳理，总结、资料汇总；  3、协助其他人员参与各项活动的开展；  4、协助完成其他工作；
任职要求：
1、良好到数据分析能力，熟悉EXCEL，懂R语音，SPSS尤佳  2、积极主动，有强烈的自我驱动力及责任感，对城市有一定认识了解 3、每周5天工作时间，愿意从事市场运营方面的工作，对于滴滴出行的工作有强烈的期待和愿景；  4、有较强的沟通能力，思维灵活、聪明，工作勤奋、主动性强、责任心强，抗压性强；  5、期待对滴滴市场工作有强烈愿望的同学。",2,3,2.5,移动互联网,数据分析
数据分析主管,10k-15k,新东方沃凯德国际教育旅行公司,"教育,旅游",50-150人,不需要融资,北京,经验3-5年,本科及以上,全职,"职位描述
        岗位职责：
1、搭建数据分析体系，独立完成全国区域性设团及预算管控的建模工作，并对模型进行评估、优化、应用；
2、撰写数据分析专项报告，为企业业务流程优化、员工绩效提升、业务风险管控等提供依据，为公司业务发展决策提供支持；
3、从数据分析角度支撑产品研发和业务运营的决策制定，参与产品和运营的业务讨论，并对效果进行评估分析工作。
 
岗位要求：
1、统计学、数学或计算机、数据分析等相关专业、本科及以上学历；
2、3年以上数据分析、数据挖掘，数据建模经验；
3、对统计、优化理论和分析方法有深入了解，精通SAS、SPSS、R、Matlab等统计分析软件工具，精通建模方法并有过完整的独立建模实践；
4、思维敏捷，具有发散性，良好的逻辑分析能力及问题解决能力；
5、良好的跨部门沟通及组织能力，积极发扬团队合作精神；
6、如有意向者，请务必携带以往的相关作品前来参加面试。",10,15,12.5,教育,数据分析
足球数据分析,4k-8k,球炮儿APP,"移动互联网,数据服务",15-50人,A轮,北京,经验不限,本科及以上,全职,"职位描述
        工作内容：
1.通过比赛数据解读，透视足球比赛。
  2.根据数据分析，编写球队分析报告及球员分析报告。
  3.根据数据的使用目的(包括：职业俱乐部，竞猜，游戏，媒体数据等)，提炼针对性数据。
  4.管理中超，中甲，中乙及国际主流赛事数据库。
 
岗位要求：
1.有着丰富的足球知识。
2.至少1年以上数据处理经验。Excel,SPSS,MATLAB,SQLSERVER数据库技能优先录用。
3.超强的主动学习能力及进取心。
4.本科及以上学历       ",4,8,6.0,移动互联网,数据分析
数据分析实习生,2k-4k,小信用,"移动互联网,金融",15-50人,未融资,北京,经验应届毕业生,本科及以上,实习,"职位描述
        岗位职责:
1、各类业务数据提取、汇总统计分析，依据数据分析结果为业务部门提供数据支持； 2、根据业务需求进行数据分析工作，完善业务统计分析模型，定期提交分析报告； 3、协助搭建内部数据库，建立数据分析挖掘模型、评估模型、应用模型并进行维护、部署和评估。
 任职资格:
1、本科（含）以上学历，数学、统计学、金融、经济学等相关专业； 2、熟练使用SQL，至少熟练掌握和运用一种统计软件（SAS、SPSS、R等），精通excel公式函数； 3、具备业务数据挖掘、数据分析、数据建模相关分析理论知识和工作经验。",2,4,3.0,移动互联网,数据分析
数据分析实习生,1k-2k,联想研究院,移动互联网,2000人以上,上市公司,北京,经验不限,硕士及以上,实习,"职位描述
        
工作职责：
1. 根据要求建立sql数据库并查询分析；  
2. 每周做亚太地区的销售数据报表，维护进现有数据库；  
3. 以及boss 分配的其他任务。  
    
专业技能：
1. 熟练使用sql语言进行编程,主要是查询语句的运用；
2. 熟悉excel的运用；
3. 英文基本读写能力（因为部门是海外区，邮件为英文）；
4. 每周工作3-4天，最好能实习四个月及以上（具体时间可协调）；
学历及专业：     
  在校本科、硕士研究生；
素质：
  工作细心、踏实，能够按时项目中的工作；
薪资：115RMB/天（税前）+18RMB/天（午餐补） + 18RMB（加班餐）",1,2,1.5,移动互联网,数据分析
数据分析与算法工程师,10k-20k,大鱼自助游,旅游,50-150人,C轮,北京,经验1-3年,本科及以上,全职,"职位描述
        
岗位职责
负责大鱼数据爬取、数据采集以及数据整理等工作。
 
任职要求
大学本科及以上学历， 2-3年左右相关工作经验
ruby, java, nodejs, python这些语言中至少熟练使用其中2种
有过相关数据处理的经验，了解并且使用过mongodb, elasticsearch, spark, hive至少两种，获取其它类似的数据库
对数据敏感并感兴趣，拥有独立思考能力，喜爱钻研问题
有过对前端、后端、移动端数据采集的经验
之前有过较完整的项目经验，有能力协作搭建完整的数据分析、可视化的平台
认可创业团队氛围，有上进心与自我驱动力，能够承受一定的工作压力
 
加分项
有详细的了解过数据处理相关的算法
意向度高，愿意为自己的短板复出努力",10,20,15.0,旅游,数据工程
产品数据分析专家,20k-30k,滴滴出行,移动互联网,500-2000人,D轮及以上,北京,经验3-5年,硕士及以上,全职,"职位描述
        
工作职责：1、深度理解业务，抽象并搭建数据模型，分析关键问题2、充分发挥自身在处理、分析数据的能力，组织建设数据化运营体系。任职资格：1、对数据工作充满热情，可承受高负荷的工作量2、坦诚、逻辑思维缜密、工作细致有耐心3、硕士及以上理工科背景学历4、3年及以上数据挖掘数据分析工作经验5、具有统计或数据挖掘背景，有大规模数据挖掘经验者优先",20,30,25.0,移动互联网,数据分析
高级数据分析经理,18k-30k,折800,"电子商务,O2O",500-2000人,C轮,北京,经验3-5年,本科及以上,全职,"职位描述
        岗位职责：
1. 理解抽象数据需求，进行合理的数据产品规划；
2. 规范底层数据定义并建模，协调各方资源实现目标，持续推动基础数据的创新和突破；
3. 基于业务场景搭建数据模型，拆解监控核心指标，制定出最佳的数据分析策略；
4. 挖掘出有价值的数据信息，解决问题驱动业务发展； 
 
任职要求：
1. 统招本科及以上学历，统计学、数学、计算机等专业。5年以上大型平台数据经验，有大型电商行业/移动互联网数据经验者可优先考虑；
2. 熟悉APP、M站、PC端的数据统计方式，对业内现有数据产品、分析方法及趋势有较深了解；
3. 能从海量数据识别关键核心问题，能灵活处理模糊情况，具有很强的数据敏感度；
4. 熟悉Hive，Spark，R，Python等数据分析技术；
5. 积极上进，具备很强的执行推动能力、跨项目组织能力和出色的分析陈述能力。 ",18,30,24.0,电子商务,数据分析
商业化数据分析,8k-15k,今日头条,"移动互联网,数据服务",2000人以上,C轮,北京,经验1-3年,本科及以上,全职,"职位描述
        岗位描述：
1、负责头条号日常关键运营数据的整理、统计及通报；
2、负责对日常运营数据进行分析，善于通过数据分析发现业务规律；
3、通过数据发现问题，制作分析报告，为产品优化提建议，为决策提供依据。
 
职位要求：
1、有互联网产品运营或数据分析相关工作经验，工作认真细致；
2、了解数据分析的主要思路和方法，有较强的逻辑分析能力；
3、对数据有较高的敏感度，能够从大量数据中分析出有价值的结论；
4、熟练操作excel、PPT等工具，会使用hive、SQL等相关数据提取工具者优先；
5、本科以上学历，学习能力强，理工科背景优先。",8,15,11.5,移动互联网,数据分析
数据分析及策略,20k-40k,滴滴出行（小桔科技）,"移动互联网,电子商务",2000人以上,D轮及以上,北京,经验5-10年,本科及以上,全职,"职位描述
        职位描述：
1，  你将有机会与公司决策层一起讨论业务的解读视角、制定业务数据分析报表、发现业务机会与问题，给决策层提供策略建议与分析支持等。
2，  与牛逼的产品经理、数据技术、算法工程师一道，打磨出优秀的有灵魂的数据产品。
职位要求：
1，  两年及以上数据分析师工作经验，本科学历及以上。
2，  互联网、O2O、汽车、保险相关行业背景优先。
3，  思维清晰，沟通良好，数据分析技术过硬，熟悉SQL等基本技术。
梦想驱动，顶得住压力",20,40,30.0,移动互联网,数据分析
风控数据分析经理,15k-30k,京东金融,金融,2000人以上,上市公司,北京,经验3-5年,本科及以上,全职,"职位描述
        职责：
1、分析与设计业务风险控制规则，建立风险识别、监控与预警机制；
2、建立风险监测指标体系，对业务线进行日常监测与运营分析，提供运营分析报告；
3、对可疑交易/账户进行预警分析与问题定位，提供有价值的结果，提高运营有效性；
4、建设业务相关的数据库表，并能固化到指定的数据库中，提高查询效率；
5、建立针对欺诈行为的风险管理策略，构建欺诈行为识别与侦测机制；
6、将研究成果转化成风控规则并跟进落实，协调产品、研发、运营团队，推动风控规则与风险模型的实施。最终部署在控制决策系统中。
要求：
1、本科以上学历，数学、统计、计量经济学、金融等相关专业；
2、3年以上支付机构、金融机构、风险管理相关经验者优先；
3、能够熟练使用Hive、SQL、R、SAS、SPSS及其他数据查询统计软件者优先；曾经参与过完整的数据采集、整理、分析工作；
4、具有一定的交易风险规则设计、风险模型开发经验；
5、具备较强的数据分析能力、逻辑思维能力、对内外组织沟通能力、执行能力和团队精神；诚信、愿意分享和承担责任，勇于探索与坚持创新。",15,30,22.5,金融,数据分析
数据分析专员,8k-15k,Putao,移动互联网,500-2000人,未融资,上海,经验3-5年,大专及以上,全职,"职位描述
        岗位职责：1.    负责日常业务数据的统计、监控，并量化分析；2.    负责销售业绩计算和分析；对于异常数据进行评估，并提出合理化建议；3.    收集业务员和销售管理层数据需求，提出数据需求方案，对接产品经理对于数据需求产品化；4.    负责业务部门其他数据需求提取和分析；任职要求：1、 大专及以上学历，统计学、数学、电子商务、计算机、市场营销等相关专业；2、 有一年及以上数据分析工作经验优先；3、 能快速理解业务，对数据敏感，耐心细致，具有优秀数据分析能力；4、 精通Excel；",8,15,11.5,移动互联网,数据分析
数据分析专员,8k-9k,合盘金融,"移动互联网,金融",150-500人,A轮,上海,经验1-3年,本科及以上,全职,"职位描述
        岗位职责：
1、根据运营要求，从后台系统里提取相关数据，进行分析；
2、依据需求，对数据进行处理及分析，生成定期或不定期数据报告；
3、对日常报表进行逻辑校验，保证数据的合理性和逻辑性正确；
4、负责对外报表的统计及不同统计要求对报表进行编制；
5、配合技术部门进行前期数据模型的建立； 

任职要求：
1、正规大学本科毕业；
2、数学类或金融统计类专业毕业；
3、从事过相关建模工作，或了解过模型建立工作，对建模工具有一定使用经验；
4、工作认真负责，有良好沟通能力，对数据敏感；
5、有做过相关的数据统计报表和建模工作，能很快了解数据之间的逻辑关系；",8,9,8.5,移动互联网,数据分析
数据分析专员,5k-7k,易到用车,"移动互联网,O2O",500-2000人,C轮,上海,经验1-3年,本科及以上,全职,"职位描述
        岗位职责：
1、负责运营日常数据的统计、监控，并进行量化分析；
2、对运营情况、异常数据进行评估与预测，并提出合理化建议；
3、构建运营数据分析体系，对运营数据进行整理、收集、建模等；
4、建立用户分析体系，对用户行为数据分析，通过监控及分析，为系统优化提供决策依据与分析建议；
5、与相关工作的人员做各类数据需求与对接，推动产品的发展与改进。
任职要求：
1、本科以上学历，3年以上数据分析相关工作经验，有互联网公司运营分析背景更佳；
2、精通excel，熟悉SPSS、SAS等统计分析软件;
3、具有优秀的数据分析能力，能快速理解业务，并设计相应的数据模型；
4、耐心细致，对数据敏感，能理解细微的变化代表的含义。",5,7,6.0,移动互联网,数据分析
数据分析实习生,4k-5k,musical.ly Inc.,"社交网络,文化娱乐",50-150人,C轮,上海,经验应届毕业生,本科及以上,实习,"职位描述
        工作职责：
日志收集、数据统计报表、数据分析系统开发
职位要求：
计算机或相关专业
熟悉Java编程
工作细心、责任心好、动手能力强
熟悉Hadoop、Spark、ElasticSearch、Cassandra等组件的优先",4,5,4.5,社交网络,数据分析
数据分析专员,6k-12k,维信金融科技集团,金融,2000人以上,C轮,上海,经验1-3年,本科及以上,全职,"职位描述
        工作职责：
1、负责数据分析（比如建模结果）的商业解释；
2、参与或组织不同课题的数据挖掘/分析方案的研究、分析和实施；
3、负责其他业务部门的数据需求提取；
岗位要求：
1、2年行业分析经验，具备金融行业背景或相关工作经验优先；
2、具备较强的沟通能力、业务表达能力，能够独立撰写数据分析报告；
3、熟悉常用的数据分析方法，熟练掌握EXCEL、SAS、SPSS等数据分析工具；
4、精通SQL语言，掌握SQL Server，DB2，Oracle其中一种或多种数据库；
5、有很强的学习能力，具备独立开展工作的能力，能承受项目工作压力。",6,12,9.0,金融,数据分析
数据分析专家,15k-30k,上海链家(原德佑),企业服务,2000人以上,B轮,上海,经验3-5年,本科及以上,全职,"职位描述
        岗位职责：
1. 构建全面的、准确的、能反映服务业务线特征的整体指标体系, 并基于业务监控指标体系，及时发现与定位业务问题
2. 通过专题分析，对业务问题进行深入分析，为公司运营决策、产品方向、销售策略提供数据支持
3. 定期追踪业绩及其他关键业务指标情况，洞察到业务动作，提供决策基础；
4. 沉淀分析思路与框架， 提炼数据产品需求，与相关团队（如技术开发团队） 协作并推动数据产品的落地
5. 与相关团队协作进行数据建模工作，推动各部门的数据化运营
6. 与相关团队协作（如产品运营团队）组织数据技术与产品相关的理念、技能、工具的培训
 
任职要求
1. 统计、数学、信息技术、生物统计、心理学本科以上学历，3年左右相关工作经历
2. 具有深厚的数学、统计学和计算机相关知识，精通SQL等数据查询语言及SAS,R等统计分析软件，熟悉数据仓库，具有海量数据挖掘、分析相关项目实施经验，参加过完整的数据挖掘项目并有成功案例；
3. 熟练独立编写商业数据分析报告，及时发现和分析其中隐含的变化和问题
4. 有客户数据模型建立和运营经验、数据化运营经验、数据类产品类规划经验，尤其是互联网相关的优先",15,30,22.5,企业服务,数据分析
网络数据分析,7k-12k,游友移动,"移动互联网,O2O",150-500人,A轮,上海,经验不限,本科及以上,全职,"职位描述
        【岗位职责】：网络数据分析，收集网络数据，形成有效的数据统计。【任职要求】：1、精通Linux网络体系结构或其它嵌入式系统C语言编程，SHELL编程；2、熟悉TCP/IP协议，HTTP协议的开发，熟悉无线路由器底层开发，熟悉网络编程及相关网络协议；3、熟悉网络抓包、数据包分析，熟练使用常用的分析工具；
4、两年以上C/C++开发经历。",7,12,9.5,移动互联网,数据分析
数据分析工程师,10k-18k,聚信立,金融,50-150人,B轮,上海,经验1-3年,本科及以上,全职,"职位描述
        岗位职责:1、基于互联网账户数据，分析用户属性和行为特征，描绘用户画像，制作用户的互联网信息报告；2、 参与实现基于互联网账户数据的新一代欺诈评分模型和信用评分模型。
职位要求：1、 应届毕业生，对数据分析、数据建模工作有浓厚的兴趣，愿意深入学习数据挖掘技术，对数据建模工作经验无要求；2、性格开朗，有责任心，做事主动细致，善于沟通，有团队精神，喜欢钻研新技术、新系统、新工具；3、全日制本科及以上学历，计算机相关专业，动手编程能力强，基础扎实；4、有数据挖掘、机器学习项目经验优先；5、有使用Python/Java开发经验优先。",10,18,14.0,金融,数据工程
高级数据分析专员,7k-9k,饿了么,移动互联网,2000人以上,D轮及以上,上海,经验不限,本科及以上,全职,"职位描述
        岗位职责：
1、负责部门常规日报的制定，协助完成数据收集与分析；
2、负责配合业务发展，挖掘数据背后的市场方向、规律、短板、为业务发展提供决策依据；                                             
3、对各品牌的营销活动效果深度分析总结；
4、满足部门对于运营数据的需求及其他领导安排的任务。
任职要求：

1、大学本科及以上学历，熟练使用Office软件，及电脑办公；
2、对饿了么业务形态有一定了解；
3、工作细心，有责任心，具有良好的沟通和协调能力；
4、对于数据有敏锐的直觉，能够自主挖掘数据背后的市场方向、规律，为业务部门提供决策依据；
5、有互联网餐饮相关公司工作经验者优先。",7,9,8.0,移动互联网,数据分析
数据分析专家,20k-30k,链家（上海）,"移动互联网,O2O",2000人以上,未融资,上海,经验5-10年,本科及以上,全职,"职位描述
        岗位职责：
1. 构建全面的、准确的、能反映服务业务线特征的整体指标体系, 并基于业务监控指标体系，及时发现与定位业务问题
2. 通过专题分析，对业务问题进行深入分析，为公司运营决策、产品方向、销售策略提供数据支持
3. 定期追踪业绩及其他关键业务指标情况，洞察到业务动作，提供决策基础；
4. 沉淀分析思路与框架， 提炼数据产品需求，与相关团队（如技术开发团队） 协作并推动数据产品的落地
5. 与相关团队协作进行数据建模工作，推动各部门的数据化运营
6. 与相关团队协作（如产品运营团队）组织数据技术与产品相关的理念、技能、工具的培训
 
任职要求
1. 统计、数学、信息技术、生物统计、心理学本科以上学历，3年左右相关工作经历
2. 具有深厚的数学、统计学和计算机相关知识，精通SQL等数据查询语言及SAS,R等统计分析软件，熟悉数据仓库，具有海量数据挖掘、分析相关项目实施经验，参加过完整的数据挖掘项目并有成功案例；
3. 熟练独立编写商业数据分析报告，及时发现和分析其中隐含的变化和问题
4. 有客户数据模型建立和运营经验、数据化运营经验、数据类产品类规划经验，尤其是互联网相关的优先",20,30,25.0,移动互联网,数据分析
数据分析专员,5k-7k,爱上租,"其他,移动互联网",500-2000人,A轮,上海,经验1-3年,大专及以上,全职,"职位描述
        【岗位职责】
1.负责业务数据收集整理，对多种数据源的数据进行组合分析、挖掘、深度分析和建模
2.负责运营数据的监控和跟踪分析，按周期向主管领导提供数据分析报告，为运营决策、产品方向提供数据支持，其他dsp渠道，提高订单和roi

【岗位要求】
1.大专以上学历，统计学和数学专业优先，具备O2O或互联网数据调研、数据分析工作经验；
2.熟练使用EXCEL、ppt等办公软件；
3.对数据有高度的敏感度和警觉性，较强的逻辑分析能力和文字表达能力；
4.具有团队合作精神和沟通能力。",5,7,6.0,其他,数据分析
数据分析专员,4k-6k,米刷金融,金融,15-50人,未融资,上海,经验不限,大专及以上,全职,"职位描述
        岗位描述：1.完成系统后台数据分析程中的数据提取、数据分析工作；2.开发并持续完善风控数据的统计分析模型，确保其准确性、实用性及可衡量性；3.能够基于数据分析得到有价值的信息，为公司运营决策、风控决策提供数据支持；4.完成上级交办的其他工作。
任职要求：1.大专以上学历，金融、计算机、数学、统计方向相关专业；2.有数据分析，风险管理和控制相关工作经验者优先；3.要求有数据分析1年以上工作经验；4.熟练使用ACCESS等数据分析工具。",4,6,5.0,金融,数据分析
数据分析工程师,10k-15k,算话征信,"数据服务,移动互联网",50-150人,B轮,上海,经验1-3年,本科及以上,全职,"职位描述
        岗位职责：
1、参与大数据征信产品的设计与研发；
2、基于分析建模、机器学习、文本挖掘等技术，对数据进行分析及挖掘，发现其潜在逻辑关系；
3、负责数据模型的设计与开发；
4、利用数据分析结果解决实际问题，指导业务发展。
任职要求：
1、数学、统计、金融工程、计算机等相关专业，全日制本科及以上学历；
2、熟悉各类模型分类与回归算法，熟悉各类变量筛选与降维算法，有海量数据发掘经营；
3、掌握SAS / SPSS / R等分析工具；
4、熟练使用SQL，掌握ORACLE、MYSQL等主流RDBMS。熟悉HADOOP / STORM / SPARK等分布式平台者优先；
5、良好的团队合作精神，较强的沟通表达能力、执行力；
6、工作作风严谨踏实，逻辑清晰，具备较强的责任心和抗压性，较强的收集、分析信息的能力。",10,15,12.5,数据服务,数据工程
高级数据分析,20k-35k,助达商务,"移动互联网,电子商务",50-150人,未融资,上海,经验5-10年,本科及以上,全职,"职位描述
        
 职位描述
 职位描述：1、负责用户触达、下载、激活、留存的全链路转化提升 ；2、负责用户活跃度，使用频次和使用时长等数据的分析，找出原因驱动产品改进；3、熟悉用户分群和用户行为细查等分析方法；4、与内容运营、市场营销、产品研发等团队协调作战，为DAU和MAU增长负责。任职要求：1、唯数据说话，唯细分查究，有强烈好奇心，不得因果誓不罢休；2、有相关数据挖掘工作经验 ；3、有市场营销经验者加分 ；4、有增长黑客相关工作经验及成功案例者加分；5、有百度统计，growingio, Google Analytics、Webtrekk、Omniture等配置经验优先。",20,35,27.5,移动互联网,数据分析
数据分析专员,5k-7k,帝联科技,移动互联网,500-2000人,D轮及以上,上海,经验1-3年,本科及以上,全职,"职位描述
        岗位描述：
1、理解产品业务的方向和战略，进行相关业务数据的采集录入、处理和开发
2、根据数据分析手段，描述业务特征，发现业务问题，并给出行动建议，以推动业务成长
3、负责对业务数据进行分析，挖掘用户行为特征，构建用户精准运营或营销的指标体系
4、针对具体的业务问题，规划、设计基于数据挖掘的解决方法

岗位要求：
1、本科以上学历，统计学、数学、电子商务、计算机、市场营销等相关专业
2、1年以上数据分析或数据处理等相关经验，熟练使用Excel，具有较强的利用数据分析/挖掘，解决业务问题的能力
3、具有数据分析/挖掘项经验，有互联网相关背景优先考虑",5,7,6.0,移动互联网,数据分析
数据分析专员,8k-12k,百度上海分公司,"移动互联网,数据服务",2000人以上,上市公司,上海,经验不限,大专及以上,全职,"职位描述
        岗位职责：
1、负责数据分析标准体系与分析模型的建立，完成专项项目数据分析报告； 
2、负责公司业务体系数据库管理及维护；
3、分析、预测业务体系未来业绩达成情况及趋势；
4、积极配合业务体系实际需要，完成每月各项指标任务的测算及下达；
 
任职要求：
1、大专及以上学历，统计学、数学相关专业； 
2、1年以上相关工作经验；                                              
3、熟练使用EVIEWS、SPSS，擅长搭建数据模型；
4、精通Excel操作，能够熟练应用常用函数、搭建公式、数组公式、数据透视表；
5、具有良好的组织协调能力和沟通表达能力，学习能力强，能够承受较大的工作压力；",8,12,10.0,移动互联网,数据分析
数据分析主管,8k-15k,Putao,移动互联网,500-2000人,未融资,上海,经验3-5年,学历不限,全职,"职位描述
        岗位职责：1. 公司运营数据分析体系的建立、维护及优化；2. 负责客户、产品等内部数据的整理、分析，并建立相关的分析统计模型。3. 管理和改进项目的数据分析模块，建立数据异常预警机制；4. 建立重要的数据监控流程，周期性的提供运营分析报告。5. 负责专项数据分析，为公司运营管理提供数据支持。任职要求1. 正规院校本科及以上学历，统计、数学、计算机等专业背景优先。2. 二年及以上数据分析或运营管理的相关工作经验。3. 熟练使用SQL、R、SPSS等挖掘工具，有大数据工具(Hadoop, Hive)和数据建模经验。有利用R、SPSS、SAS等统计软件进行数据挖掘经验者优先。4. 良好的沟通能力和团队合作能力。5. 强烈的责任心及抗压能力，工作细致有条理，善于学习。",8,15,11.5,移动互联网,数据分析
数据分析工程师,8k-10k,巅峰数据,"移动互联网,数据服务",少于15人,未融资,上海,经验1-3年,本科及以上,全职,"职位描述
        一、岗位职责
1、负责爬取数据进行核心策略的研究及开发；
2、用户分析、理解及建模，持续提升用户产品体验；
3、通过数据挖掘构建用户画像；
4、完成公司安排的其他数据相关工作和任务。
二、岗位要求
1.计算机相关专业本科及本科以上学历；应届毕业生亦可接受；
2.有相关汽车行业数据分析经验优先
3.逻辑严谨细致，工作踏实认真，有较强的沟通推动能力；
4.至少熟练掌握一种编程语言。

公司概况：
巅峰数据是一家专注于企业级大数据和人工智能应用、实施、和分析的专业技术公司。公司依托海外知名大学的著名大数据智能实验室，凭借国际领先的独特大数据挖掘和人工智能平台及数据分析、应用能力，已经帮助了来自金融、保险，房地产，汽车，奢侈品等领域的国际五百强和国内龙头企业客户实现了由海量规模数据支撑的各项业务提升，包括精准获客，实时营销，个性化CRM, 客户细分等。
公司地址：
公司目前已经入驻浦东软件园孵化器——爱酷空间。办公环境优雅，工作氛围轻松，地铁2号线金科路站下后5分钟直达。

公司成员：
公司荟集了国际大数据挖掘和商业智能领域的顶级科学家和计算机、数学和信息学等领域的专业人才。核心团队由海外知名大数据分析实验室骨干组成。团队中有美国数据挖掘博士, 中国计算机协会大数据专家委员会委员，有着15年数据挖掘研究经验。其他团队成员全都来自海外高校，国内知名院校如上海复旦，上海交通，武汉大学，上海同济大学等。团队90%成员一线本科毕业，我们就是精英。公司初创，求贤若渴，欢迎你的加入。",8,10,9.0,移动互联网,数据工程
数据分析经理,18k-25k,牧美信息科技（上海）有限公司（康大预诊）,"移动互联网,医疗健康",150-500人,C轮,上海,经验3-5年,本科及以上,全职,"职位描述
        岗位描述
1.     根据对市场环境和业务的了解，独立承担复杂分析任务，对业务问题进行深入分析；2.     为公司运营决策、产品方向及策略提供数据支持，能对关键分析思路进行产品化；3.     为产品未来的发展提供决策支持、改进性方向建议和预见性建议；4.     充分实现数据的商业价值，有效支持产品战略决策以及有效提升产品运营数据；5.     负责团队的建设工作，有效领导数据分析团队，并推动业务部门的数据化运营；6.     与数据开发团队紧密合作，进行数据可视化分析平台的需求调研、规划和设计。
岗位要求
1.     统计、数学、信息技术等本科以上学历，5年以上相关工作经历；2.     良好的数据敏感度，丰富的数据模型建立和数据化运营经验，有丰富的跨团队、部门的项目资源整合能力，能够独立开展研究项目；3.     能独立编写商业数据分析报告，及时发现和分析其中隐含的变化和问题；4.     能够熟练运用至少一个分析工具，如R、spss等，精通Tableau、微策略、QlikView等产品者优先。5.     工作积极向上，有工作抗压能力，强烈的责任心和创新思维。",18,25,21.5,移动互联网,数据分析
数据分析经理,12k-18k,泰金所,"移动互联网,金融",50-150人,不需要融资,上海,经验1-3年,本科及以上,全职,"职位描述
        岗位要求：
1. 本科以上学历，统计学、数学、电子商务、计算机、市场营销等相关专业；
2. 至少2年以上互联网/移动互联网数据分析经验；
3. 能熟练使用网站统计工具，擅长进行数据分析和数据挖掘；
4. 有制作分析报告经验，熟悉EXCEL等统计方法；
5. 了解基础网络开发、网站运营，能快速理解产品业务逻辑及相关衡量标准；
6. 熟悉各类数据分析方法

工作要求：
1. 根据安排，负责对网站的UV、PV、访问深度、跳失率、转化率等做专业数据分析；
2. 设计各种网站、业务数据报表，并进行系统的数据分析工作；
3. 负责运营及推广部门的数据规划工作，分析各部门各项日常运营数据，为产品部门、运营部门内容及推广部门的策略优化提供各项数据支持。
4. 负责对业务数据进行分析，挖掘用户行为特征，构建用户精准运营或营销的指标体系",12,18,15.0,移动互联网,数据分析
数据分析总监,30k-50k,返利网,电子商务,500-2000人,C轮,上海,经验5-10年,本科及以上,全职,"职位描述
        岗位职责：
负责构建公司数据分析与数据挖掘业务分析体系，负责海量运营数据的分类汇总和分析研究；
负责对数据库信息进行深度挖掘和有效利用，充分实现数据的商业价值；
跟踪并分析用户行为，为公司业务的发展及产品的设计进行海量数据支持；
负责数据管理团队的建设工作，有效领导数据分析与挖掘团队支持和推动业务发展。

岗位要求：
计算机软件相关专业，本科学历; 至少7年相关工作经验；
具备深厚数据建模（机器学习，数据挖掘，信息检索背景）和分析理论知识和经验；
精通常用的数据分析工具，有大规模数据挖掘、自然语言处理、机器学习、hadoop平台经验优先；
精通语义分析核心模块（聚类和分类算法等）；精通于基于时空分析、时间序列分析的复杂数据挖掘算法
熟悉互联网行业并且对于行业内常见的业务形态与商业模式有深入的理解，对业务变化有敏锐的洞察力；
善于创新、思维敏捷、精力充沛，沟通能力强，具备较强的团队合作精神并能够承受较大工作压力。",30,50,40.0,电子商务,数据分析
数据分析岗,6k-12k,安盛天平,金融,2000人以上,不需要融资,上海,经验3-5年,本科及以上,全职,"职位描述
        工作职责：岗位职责： 
1、负责理赔关键指标的数据采集、维护及跟踪分析，和数据分析报表的整合和规范、优化； 
2、熟练运用各类数据统计工具，快速响应机构理赔部和其他业务部门的数据需求； 
3、监控KPI及运营数据，对异常指标进行分析，寻找问题根源，为理赔管理决策提供支持； 
4、对海量数据进行分析，基于历史数据建立分析模型挖掘数据内在规律，与理赔业务流程相结合，建立良好的数据分析和汇报机制； 
5、针对某一特定业务问题的进行数据分析和验证； 
6、运用图表等多种形式有效表达数据分析观点。 


任职资格：
岗位要求： 
1、全日制大学本科及以上学历 
2、数学、统计、保险等相关专业 
3、2年以上金融行业数据统计、分析经验，熟悉数据分析的主要方法、思路",6,12,9.0,金融,数据分析
PHP-数据分析方向,20k-30k,永利宝,金融,500-2000人,B轮,上海,经验3-5年,本科及以上,全职,"职位描述
        工作职责：
1、负责数据平台的建设、开发、维护工作； 
2、负责互联网金融产品从获客到风控到支付全流程的数据挖掘； 
3、基于用户行为跟踪和分析，对网站页面设计、流程转化和用户体验提出专业分析意见。
 
任职要求：
1、本科或本科以上学历，具有良好和规范的代码书写习惯；
2、精通PHP，熟悉 Linux+Nginx+php+Mysql 网站架构，熟悉设计模式；
3、熟悉常用存储引擎、消息队列、缓存系统的原理和设计；
4、3年以上网站或互联网产品开发经验，对高并发有着深刻的实践，对数据分析感兴趣，或有数据中心开发经验者优先。
5、熟悉 Linux 操作，有 LNMP 的部署与性能调优经验；一定英文文档阅读能力；
6、具有较强的团队意识，高度的责任感，对工作积极严谨，勇于承担压力。
 
加分项：
1、拥有自己的技术博客；
2、向开源社区贡献过代码，github|stackflow|segmentfault相关网站活跃用户；
3、独立负责过完整项目；
4、有BAT携程等大型互联网工作经历；
5、对代码有洁癖者优先。",20,30,25.0,金融,数据分析
高级数据分析工程师,10k-20k,得道车联,移动互联网,2000人以上,上市公司,上海,经验1-3年,本科及以上,全职,"职位描述
        职位描述：
1、负责车联网基础数据的整理、分析和报表；
2、负责UBI和车队管理相关业务数据分析和建模。

岗位要求：
1、本科及以上学历，数学、统计、计算机等专业优先；
2、2年以上数据库分析、数据挖掘、数据统计等相关工作经验，有互联网行业数据分析经验者优先；
3、熟练使用R、SPSS等分析工具；
4、熟练使用linux shell，python等；
5、良好的分析报告书写能力；
6、工作细致、责任心强，具备较强的学习能力及理解能力；
7、具有优秀的沟通协调能力及开拓精神；
8、具有高度的责任心和团队合作精神。",10,20,15.0,移动互联网,数据工程
实习生 （数据分析）,2k-3k,GMAP,"企业服务,数据服务",15-50人,不需要融资,上海,经验不限,本科及以上,实习,"职位描述
        招聘岗位：实习生 工作内容：国际知名品牌咨询项目的数据支持，主要为数据收集；英文优秀的同学可以支持部分翻译工作。 职位要求：一周至少可以工作3天；熟练使用MS-Excel；英文良好；具有良好的职业道德素养，认真细致、责任心强、稳重、守密，具良好的沟通和理解能力。

注：本实习岗位为了一个项目招聘，并没有长期发展哦！",2,3,2.5,企业服务,数据分析
数据分析经理,15k-30k,返利网,电子商务,500-2000人,C轮,上海,经验5-10年,本科及以上,全职,"职位描述
        岗位职责：
1、 报表监测：跟踪日常运营数据监测报表，及时发现交易数据中有价值的信息，为公司日常运营提供数据支持；
2、 报表跟踪：对其他部门进行的活动提供报表进行效果跟踪，以及其他数据支持；
3、 数据决策：为公司上层做决策提供数据支持和分析见解；
4、 数据分析：在深入了解用户行为的基础上，根据运营需求，挖掘和分析历史数据，并提出可执行的优化方案；
5、 该职位需向公司首席财务官（CFO）汇报。
任职要求：
1、 较强的学习能力，对数字敏感，逻辑思维能力强；
2、 熟练操作Excel、SAS/SPSS等数据统计分析的工具；熟悉SQL语言；
3、 有网站分析经验，能熟练运用Google Analytics；
4、 熟练运用Google Analytics、99click等互联网营销分析系统；
5、 熟悉互联网行业，有电子商务网站数据分析和数据挖掘经验者优先；
6、 具备良好的沟通能力和团队精神，能够承受工作压力；
7、 英语口语良好者优先考虑。",15,30,22.5,电子商务,数据分析
二手房业务数据分析,8k-15k,平安好房,电子商务,500-2000人,上市公司,上海,经验3-5年,本科及以上,全职,"职位描述
        负责业务数据的口径定义、数据采集、整理、汇总、统计
负责业务报表的设计及开发，并按时发布业务报表，同IT部门对接，实现数据采集的实时自动化
对机构的业绩进行持续追踪和督导（包括实地走访），了解业务进展，及时发现问题，并协助机构制定改进举措并持续追踪",8,15,11.5,电子商务,数据分析
风险数据分析岗,8k-12k,还呗-5折还信用卡,"移动互联网,金融",50-150人,不需要融资,上海,经验1-3年,本科及以上,全职,"职位描述
        数禾科技，是上市公司分众传媒（股票代码002027）旗下互联网金融子公司，团队成员来自于招商银行、中国银联、大众点评、群硕科技等知名金融或互联网企业。
公司致力于成为中国最有影响力的个人/家庭财务管理的科技金融企业，现已面市APP产品包括“拿铁财经——智能投顾专家”、“还呗——信用卡余额代偿”等，用户量正处于快速增长趋势，详询我司官网或分众传媒旗下楼宇/框架/电影院等广告展示。

岗位描述：
1. 探索利用多样的数据源、多种建模方法构建基于互联网信贷的风险模型；
2. 通过互联网获取各种开放的外部数据，并利用外部数据进行基于信贷风险的数据探索；
3. 参与后台风险管理系统中内外部数据交互的设计与维护工作。

任职要求：
1. 有1-5年数据相关工作的经验，互联网金融行业相关工作经验优先；
2. 能熟练使用SQL，至少掌握 Python/R/SAS 中一项数据挖掘工具；
3. 具有较强的逻辑能力、沟通能力和对新技术的学习热情；
4. 本科及以上学历，理工科类专业优先。",8,12,10.0,移动互联网,数据分析
DMP数据分析工程师（广告行业）,8k-10k,银橙传媒,"移动互联网,数据服务",150-500人,上市公司,上海,经验1-3年,本科及以上,全职,"职位描述
        职位编号：YC-F050004
岗位职责：
1.负责DSP业务各模块数据分析工作，能够从数据中发掘商业价值；
2.人群画像.统一用户识别.关键指标统计.可视化展示及深入分析；
3.采用统计分析/数学建模/数据挖掘等方法，提供有价值的商业数据.模型.算法支持。
4.对海量数据进行分析，分析数据之间的相互作用关系和联系，发现潜在规律，为优化产品的设计和业务方向提供决策支持；
5.指导团队成员根据不同业务需求.业务场景构建业务模型，负责与业务部门沟通.寻找业务突破点，提出解决方案；
6.跟踪大数据应用市场动向，市场竞争对手分析，及时调整市场策略，创新产品应用。

任职资格：
1.本科及以上学历，3年以上互联网行业数据统计与分析经验；
2.3年以上互联网行业工作经验，负责设计过数据分析.数据挖掘.数据可视化.在线数据相关产品经验，至少一年以上移动端领域数据分析工作经验；
3.熟悉Storm/Spark或其他类似实时计算系统，熟悉编写MapReduce和HiveSQL统计和分析数据；
4.有Adx/DSP/SSP/DMP等程序化购买业务工作经验者优先考虑；
5.对业务系统的日志数据的实时分析.监控有实际工作经验，对数据敏感，有较强的学习能力以及快速解决问题的能力。",8,10,9.0,移动互联网,数据工程
数据分析产品经理,15k-22k,饿了么,移动互联网,2000人以上,D轮及以上,上海,经验5-10年,本科及以上,全职,"职位描述
        1、主要负责公司内部系统数据分析相关的工作，根据业务部门的需求，进行业务逻辑的梳理、分析原形的设计，并与技术顾问一起进行系统落地
2、有BI产品使用经验，如Tableau、BIEE
3、作为企业内部系统支持体系中的关键岗位，负责对业务方关键用户的应用指导和问题反馈，并在日常运维过程中逐步建立相关知识库文档并以产品运营的理念及时整理分享，不断提升关键用户满意度；
4、规划新的信息化项目或系统功能，并按照制定的项目计划跟踪推进相关项目的实现及后期的持续运维优化；
5、负责领导交办的日常其他各项工作。
岗位要求
1、本科及以上学历，财务或计算机相关专业优先；
2、有Oracle EBS（GL）系统实施经验者优先，有乙方实施背景优先；
3、有Tableau等BI工具使用经验者优先
4、有良好的沟通协调能力和团队合作精神，具备一定的抗压能力。",15,22,18.5,移动互联网,数据产品
数据分析平台产品研发工程师,12k-24k,UCloud,数据服务,500-2000人,C轮,上海,经验1-3年,本科及以上,全职,"职位描述
        工作职责：1. 负责数据分析平台产品设计、研发；2. 负责BI、数据可视化产品设计、研发；任职资格：1. 精通jshtmlcss2. 精通nodejsphppythonc++等至少一种开发语言3. 有独立建站能力4. 了解BI应用场景5. 有数据可视化设计、开发经验。",12,24,18.0,数据服务,数据工程
数据分析经理,18k-27k,易果生鲜,电子商务,2000人以上,C轮,上海,经验5-10年,本科及以上,全职,"职位描述
        岗位职责：
1、 为业务部门进行各种数据分析，能够发现问题，找出方案，追踪效果，提出改进
2、 专注某一业务领域进行数据模型搭建和数据体系建立
3、 带领数据分析师进行数据分析和算法优化
4、 前沿分析技术的研究

岗位要求：
1、有业务敏感性，能快速了解业务，有电商经验尤佳。
2、5年以上数据分析工作经验；
3、能配合完成从数据提取、清洗、建模、分析、报告的整个流程；
4、熟练SQL、EXCEL、PPT，有数据建模、python、R、Spotfire等相关经验；
6、善于沟通，善于总结，能快速学习；
7、非常强的抗压能力，快速的响应力和充沛的工作热情。",18,27,22.5,电子商务,数据分析
数据分析产品经理,20k-40k,华语兄弟,"移动互联网,电子商务",50-150人,B轮,上海,经验5-10年,本科及以上,全职,"职位描述
        工作职责：
1、负责数据分析平台的建设，覆盖产品、策略、运营等多种业务场景；
2、负责产品数据分析，发现现有产品存在的问题，推动产品的发展；
3、基于产品及内容进行数据分析，建立媒体质量评估模型；
4、深度挖掘行业需求，探索领域数据模型和需求、领域数据应用与知识固化方法。

任职要求：
1、对于数据统计、分析挖掘、行业应用有深刻认识与研究，具有互联网数据统计、数据挖掘和分析项目相关经验者优先
2、对数据敏感，具备良好的逻辑分析能力；
3、具有优秀的数据产品设计及架构能力，熟悉数据仓库建设原理和数据可视化产品软件者优先。",20,40,30.0,移动互联网,数据产品
产品经理【数据分析方向】,10k-20k,微盟,"移动互联网,电子商务",500-2000人,C轮,上海,经验3-5年,本科及以上,全职,"职位描述
        1. 负责公司电商运营系统【管理后台】数据分析模块的产品设计，包括建模、原型设计、项目实施及跟进，并对上线后的功能进行内训；2. 对运营中出现的异常数据进行及时的跟进和处理，确保各项业务数据的正常；3. 通过产品设计，为业务部门提供决策数据
任职要求：
1.本科及以上学历，至少1年以上电商运营系统设计经验。2. 能够根据所需的运营数据需求，设计数据模型、撰写产品需求文档；3. 了解电商平台运营系统的设计及架构；4. 对网站架构有框架思维，对数据库等网站技术有了解，有技术背景。5. 有电商平台数据模块工作经验者优先。6. 工作态度认真严谨、踏实细致； 有想法，思维活跃，逻辑思维强；积极主动、责任心强；沟通能力强。",10,20,15.0,移动互联网,数据产品
数据分析挖掘工程师,8k-15k,东方国信,数据服务,2000人以上,上市公司,上海,经验1-3年,硕士及以上,全职,"职位描述
        职位描述：
岗位职责：
1、参与电信行业市场研究、分析工作；
2、对电信数据进行全面的数据分析，构建各种数据挖掘模型，挖掘客户行为特征；
3、进行客户需求分析和市场分析，辅助电信市场管理，提升运营商经营决策能力；
4、为电信运营商电子商务数据分析提供专业化的业务规划、应用建设等咨询服务；
5、总结、沉淀已有的各种数据分析模型；
6、定期总结和提炼分析思路、方法和结论,建立科学、完善、有效的数据分析；
7、撰写数据分析报告；
8、针对项目实施需求规划设计产品。
职位要求：
1、全日制大学本科及以上学历，统计、数学、计算机及相关专业。参与过实际分析挖掘项目。
2、熟悉常用数据挖掘工具，如，R、SPSS Clementine、Mahout等数据分析挖掘工具；
3、具有ORACLE PL/SQL编程经验，能编写数据库脚本。
4、具有分类模型、聚类模型、关联规则模型、预测模型的操作经验；
5、具有较强的逻辑思维、快速学习能力；
6、具有良好的团队沟通与合作意识；
7、具有电信或移动互联网行业经验者优先；具有大数据挖掘经验者优先。",8,15,11.5,数据服务,算法/挖掘
数据分析\风险策略\反欺诈...,15k-30k,算话征信,"数据服务,移动互联网",50-150人,B轮,上海,经验1-3年,本科及以上,全职,"职位描述
        职责描述：
（1）负责反欺诈策略的分析、完善及制定；
（2）根据特定欺诈形态，研究制定针对性的解决方案；
（3）定期检视产品的使用成效，提出其中的优化空间，并完成产品效果报告。
任职要求：
（1）精通Oracle数据库，熟练运用SQL进行数据整理分析；
（2）精通SAS：包含编程、EM、EG数据挖掘工具使用；
（3）全日制本科以上学历，统计、计算机或数学系相关专业优先；
（4）三年以上工作经验，有金融行业风险管理、数据挖掘分析经验者优先；
（5）具备一定的风险管理能力及分析能力，有较强的思考能力和逻辑性；
（6）工作态度积极，有良好的沟通能力、团队协作能力，及执行力。
 ",15,30,22.5,数据服务,数据分析
数据分析工程师,15k-30k,华润置地,其他,2000人以上,上市公司,深圳,经验3-5年,本科及以上,全职,"职位描述
        岗位职责：
1、参与制定公司的数据治理、数据架构、数据标准；
2、数据需求调研和需求分析工作，确认调研的记录并编写规格说明书，进行原型设计等；
3、参与客户的需求确认，并承担项目组相关人员的需求和答疑工作。撰写功能设计并负责指导技术开发人员实现功能产品，同时负责或参与系统测试，用户使用手册制作及培训的相关工作；
4、参与公司决策支持类系统的业务需求分析，配合乙方顾问完成数据建模，同时负责完成系统测试、培训等实施工作。

任职资格：
1、对房地产主数据、交易数据及数据分析有较为深刻的理解；
2、计算机、数学、统计学相关专业，本科及以上学历，深刻理解并熟练掌握统计学、数据挖掘算法原理，教育背景较好者优先；
3、具备文档写作能力，能独立完成需求分析、功能设计、测试等报告撰写；
4、参与过主数据、BI等项目的建设与实施，需要较强的数据分析和建模能力；
5、了解当前前沿大数据分析技术，有相关实施经验者优先；
6、学习能力强，工作认真踏实，良好的沟通与协",15,30,22.5,其他,数据工程
高级数据分析工程师,15k-30k,OPPO,移动互联网,2000人以上,不需要融资,深圳,经验3-5年,本科及以上,全职,"职位描述
        任职要求
1、计算机、数学、心理学等相关专业本科以上学历；
2、五年工作以上，二年以上互联网应用或用户研究相关工作经验，熟悉互联网行业常见的分析指标，互联网背景优先；
3、掌握一定的数据分析/挖掘方法，有hadoop(hive)一年以上的使用经验，熟练使用SQL，熟悉R语言；
4、逻辑思维严谨，对数据具有敏感度。在数据使用上，善于总结问题并举一反三;
5、责任心强，有良好的跨部门沟通能力和团队协作能力；
工作职责
1. 负责重点产品的数据规划，关键数据埋点及数据规范；
2. 分析产品数据及用户行为研究，转化数据挖掘需求的业务定义；
3. 手握PB级用户数据，以业务知识和数据敏感度，挖掘潜在的数据价值（业务内或跨业务数据），定期输出数据分析报告。",15,30,22.5,移动互联网,数据工程
数据分析工程师-深圳,12k-20k,智互联,电子商务,50-150人,不需要融资,深圳,经验3-5年,本科及以上,全职,"职位描述
        岗位职责：
1.基于Hadoop平台开发大数据分析任务。
2.对hadoop、hive、hbase等相关产品进行预研、开发、应用。
3.解决海量数据不断增长面临的挑战，解决业务需求。
 
职责要求
1. 本科或以上学历，计算机软件或相关专业。
2. 熟悉java集合类、io、concurrent编程，熟悉jvm原理及内存管理。
3. 熟悉hadoop、hive、hbase等开源项目，一年以上Hadoop平台开发经验。
4. 深入理解Hadoop原理，精读过hadoop、hive、hbase其中一个源码优先。
5. 熟悉Linux/Unix操作系统，熟悉脚本编程(Shell/Python/Perl其中一种）。
6. 有优秀的学习能力，具有强烈的主观能动性,性格积极乐观，诚信，良好的沟通能力，具有很强的团队合作精神。
 ",12,20,16.0,电子商务,数据工程
风控数据分析专员,7k-14k,原形金融,金融,50-150人,天使轮,深圳,经验1-3年,本科及以上,全职,"职位描述
        岗位职责
1、负责风控模型测试、分析与调整,配合完成基础性的报告撰写和文档整理工作
2、负责风控业务决策和规则引擎以及风控评分模型的编程和配置
3、建立和维护风控数据库，完成基础性的数据整理、数据分析工作

任职资格
1、本科以上学历，数学、计算机科学等相关专业优先；
2、一年以上数据分析相关工作经验，有消费金融行业经验优先（接收优秀应届毕业生）
3、有oracle数据库使用经验，熟练使用PL-SQL语句
4、积极乐观，责任心强，逻辑性强
5、有完整的数据整理、分析和建模工作优先",7,14,10.5,金融,数据分析
数据分析工程师,15k-30k,腾讯,"移动互联网 ,游戏",2000人以上,上市公司,深圳,经验1-3年,本科及以上,全职,"职位描述
        l 岗位职责:
1. 负责安全产品相关系统数据统计，分析挖掘工作；
2. 通过用户行为数据建模、分析用户特征等，为业务决策提供参考。
l 任职要求:
1. 本科及以上学历，计算机、应用数学、模式识别、人工智能、自控、统计、运筹学等专业的硕士优先；
2. 2年以上相关工作经验；
3. 对机器学习、数据挖掘算法及其在互联网行业的应用，有比较深入的认识和理解；
4. 熟练掌握至少一种编程语言；
5. 严密的数学思维、突出的分析和归纳能力、优秀的沟通表达能力；
6. 有推荐系统、定向营销、电子商务、信息处理、信息检索等方面的建模经验优先。",15,30,22.5,移动互联网 ,数据工程
数据分析经理,15k-25k,小牛在线,金融,150-500人,不需要融资,深圳,经验5-10年,本科及以上,全职,"职位描述
        数据分析师：
岗位职责:
1、核心指标的监控和跟踪分析，并对异常波动情况进行深入分析和问题定位；
2、提供公司各业务线的定期分析报告；
3、特定问题的深入分析；
4、客户分群与倾向性建模,以及其他统计分析建模等；
5、负责数据分析标准体系与分析模型的建立；
6、撰写和汇总分析报告。
职位要求：
1、本科以上学历，数学、统计、计算机等相关专业优先；
2、3年以上商业分析经验, 熟悉至少一种数据挖掘工具, 如R,SAS, SPSS等；
3、熟悉Mysql、Oracle、SQL Server等数据库（至少一种数据库）；
4、良好的沟通能力和学习业务能力, 敏锐的洞察力；
5、有数据管理和决策意识，逻辑思维缜密，具备优秀的分析能力；
6、有优秀的业务沟通能力；
7、熟悉熟知数据库相关知识，熟悉数据采集与分析方法；具备数据深层次挖掘的能力，善于发现数据的变化规律；
8、做事细心，具有很强的责任心，独立解决问题的能力；
9、对数据分析有强烈兴趣，有良好的学习能力和强烈的进取心；
10、有互联网或互联网金融平台运营经验者优先考虑。
 ",15,25,20.0,金融,数据分析
业务管理专员 （数据分析）,8k-9k,银盛金融,"移动互联网,金融",500-2000人,不需要融资,深圳,经验1-3年,本科及以上,全职,"职位描述
        任职要求：
1、教育水平：大学本科及以上学历。
2、专业：金融、法律专业或其他相关专业
3、培训经历：业务管理相关培训及其它相关培训。
4、经验：2年以上相关经历。

岗位职责：
1、负责公司支付业务各业务条线、各维度交易监控及数据分析。
2、结合各业务条线业务现状定期（周、月、年）出业务分析报告。
3、根据分析结果提出相应的风控规则及处理规范。
4、负责撰写业务需求。
5、负责风险事件的处理并给出相应的处理建议。
6、负责业务稽核工作并提出相应的优化建议。
7、负责业务流程及制度制订、修改工作。
8、完成上级交办的其它任务。",8,9,8.5,移动互联网,数据分析
数据分析高级工程师,10k-20k,响巢看看,"移动互联网,文化娱乐",150-500人,不需要融资,深圳,经验1-3年,本科及以上,全职,"职位描述
        工作职责：
-公司海量数据的统计、分析和挖掘
-建设和挖掘结构化数据，支撑公司产品需求 
 
职位要求：
-本科或研究生以上学历，互联网/软件行业2年以上工作经验-熟悉Linux平台，精通一种编程语言（c/c++,java,python），对数据结构有深刻的把握
-了解Map-Reduce分布式计算框架，具备相关开发能力的优先
-有数据挖掘和机器学习、个性化推荐背景的优先 
-良好的沟通能力和团队合作精神  
-优秀的分析问题和解决问题的能力，对解决具有挑战性问题充满激情",10,20,15.0,移动互联网,数据工程
数据分析工程师,15k-30k,小赢理财,金融,150-500人,A轮,深圳,经验3-5年,本科及以上,全职,"职位描述
        职位职责
负责平台投资/债权数据分析工作
负责平台数据提取和运营开发工作

任职要求
本科以上学历，数学统计等相关专业优先；
２年以上数据分析／挖掘／统计相关工作经验，有互联网行业背景优先；
至少熟练掌握１种脚本语言（linux shell, python, php等），有C/C++开发功底优先；
熟练掌握数据库， 数据仓库的使用， 掌握常用的挖掘工具；
良好的分析、学习能力， 较强的数据敏感度， 高度的责任心和团队合作精神。",15,30,22.5,金融,数据工程
数据分析及可视化,25k-50k,美的集团中央研究院,其他,2000人以上,上市公司,深圳,经验3-5年,硕士及以上,全职,"职位描述
        岗位职责：
1、负责分析由用户和家电产生的各类结构和非结构性数据的分析，挖掘其中价值，如用户痛点、潜在故障、用户习惯和期望等2、负责相关技术交流、标准及专利申请3、与事业部产品团队和售后服务团队密切协同，进行相关信息服务系统的形态设计，并参与关键模块的开发4、紧密跟随全球最新相关技术动态，定期提交相关研究报告和发展建议
 
岗位要求：
1、211/985高校毕业，曾在一流高校研究所工作优先（博士后或讲师、教授）2、从事海量数据分析工作，从事过故障相关性研究、舆情热点分析等工作的优先；3、熟练掌握相关的开发工具和程序设计语言，具有一定的软件工程经验和良好的程序设计习惯；4、熟悉各类大数据分析常用工具、开源软件；5、良好的沟通理解能力，具有团队协作精神。",25,50,37.5,其他,数据分析
运营数据分析,6k-12k,飞贷金融,"移动互联网,金融",500-2000人,B轮,深圳,经验1-3年,本科及以上,全职,"职位描述
        岗位职责：
1.负责开发直观、美观的数据报告模板，实现数据可视化管理； 2.负责数据清洗、整理、分析、编辑、整合等工作； 3.响应公司的数据分析项目，负责项目中的需求调研、数据分析、商业分析和建模等工作，针对用户数据和业务数据进行深度分析，为公司业务和管理提供支持。

任职要求：
1.数学、统计学、数量经济学、计算机、营销学等相关专业，本科以上学历； 2.熟练操作EXCEL（常规函数、数据透视表、图标制作等），可以用PPT撰写分析报告； 3.熟悉SPSS/SAS/R等一种统计分析软件，有相关的数据挖掘实践经验优先； 4.熟悉大数据可视化框架ECharts或者HighCharts优先；
5.熟悉数据建模，能独立负责数据调研项目； 6.良好的逻辑思维能力与沟通能力，优秀的分析和解决问题的能力，对挑战性问题充满激情。",6,12,9.0,移动互联网,数据分析
手游数据分析专员,4k-8k,君海游戏,移动互联网,50-150人,A轮,广州,经验不限,本科及以上,全职,"职位描述
        岗位描述： 
1、监控数据，实时发现并解决广告投放中出现的问题； 
2、数据分析，分析市场投放效果并提出有建设性的改进意见； 
3、优化并不断改进市场广告流程以及后台等工具。 

岗位要求： 
1、本科及以上学历，数学或计算机相关专业优先； 
2、对游戏有一定了解，热爱互联网或游戏行业，致力于在游戏行业发展；
3、熟练运用word、excel、ppt等office办公软件；
4、内敛细心，勤奋踏实，责任心强，具有良好的团队合作精神。
5、能承受强大工作压力，适应游戏公司的快节奏，适度加班。

欢迎励志在游戏公司发展，并且靠自己努力闯出一片新天地的年轻人，加入我们！",4,8,6.0,移动互联网,数据分析
数据分析专员,5k-7k,爱博恩国际妇产中心,医疗健康,150-500人,不需要融资,广州,经验1-3年,大专及以上,全职,"职位描述
        岗位职责：
1、对活动推广效果进行跟踪、评估，并及时提出改进措施；
2、持续挖掘合适的营销推广工具，做好推广组合，让推广的投入产出比最优；
3、熟练使用数据分析工具，按要求制定分析报表，透过数据报表反映运营现状并提出优化建议。

任职资格：
1、全日制本科以上学历，统计学、应用数学、计算机相关专业，具有数理统计，经济学，数据库原理相关知识；
2、能熟练使用EXCEL、SPSS、QUANVERT、SAS等统计软件；
3、对数据结构和算法设计有较为深刻的理解，能够提出读者数据管理、整合建议；
4、熟悉信息检索基本概念，有文本挖掘、中文信息处理能力；
5、优秀的学习能力、自我驱动力以及沟通协调能力；
6、逻辑清晰，思路灵活，有数据分析工作经验者优先。",5,7,6.0,医疗健康,数据分析
金融数据分析专员,4k-5k,久彩科技,移动互联网,15-50人,不需要融资,广州,经验不限,大专及以上,全职,"职位描述
        岗位要求：
1、大专以上学历，财经、金融学、经济学等专业；
2、新闻敏感性强，具有一定的财经（基金、期货、黄金等金融行业）知识（有期货从业资格证的优先）；
3、熟练运用dreamweaver，photoshop等网页编辑软件，具有较强的专题制作能力；
4、文字功底扎实，对现货行情分析有独到的看法，且对现货具备一定了解；

注：面试时请携带自我撰写的经济类文章或评论

工作职责：
1、负责微信公众号日常运营及推广，根据行情发布各种金融分析报告内容；
2、密切跟踪市场财经热点，制作财经专题；
3、撰写新闻评论、新闻摘要。
4、对微信粉丝的网络行为进行分析与总结，不断改进工作方法，提高工作效率。",4,5,4.5,移动互联网,数据分析
数据分析高级工程师,8k-15k,健客网,"电子商务,医疗健康",500-2000人,A轮,广州,经验3-5年,本科及以上,全职,"职位描述
        岗位职责：
1.运用机器学习、数据挖掘技术判别海量文件的安全性，提高文件识别的准确率和自动化程度；
2.通过对数据的敏锐洞察，发觉文件本身特征及文件间的潜在关联，判别文件的安全性；
3.大规模机器学习算法研究及并行化实现，为各种大规模机器学习应用提供稳定服务；
4.关注统计学习和安全领域前沿技术。
岗位要求：
1. 计算机、应用数学、模式识别、人工智能、统计、运筹学等专业本科以上学历，两年以上海量数据挖掘工作经验；
2. 对机器学习、数据挖掘算法及其在互联网行业的应用,有比较全面的认识和理解,至少对两类以上算法有深入研究；
3. 有大规模分布式计算平台的使用和并行计算开发经验；
4. 熟悉Linux/UNIX系统, 熟悉Linux/UNIX平台的C/C++/Shell/php/python编程；
5. 严密的数学思维、突出的分析和归纳能力、优秀的沟通表达能力；
6. 较好的英语读写能力；
7. 熟悉企业运作流程，对CRM和ERP有一定了解。",8,15,11.5,电子商务,数据工程
商务专员（数据分析）,5k-10k,玄武科技,"移动互联网,招聘",500-2000人,上市公司,广州,经验1-3年,本科及以上,全职,"职位描述
        岗位职责：
1.负责两大主营业务前期协助，根据用户需求提供增值电信业务申办工作；
2.负责两大主营业务月度数据收集及分析，并针对各类问题提出解决方案和改善现有制度流程，并每月制作月度总结分析报表；
3.作为项目协调人，协助跨部门沟通合作，确保项目顺利进行；
4.管理部门合同、部门各类型报表台帐，做好部门CRM管理；
5.完成上级交代的其他工作。
任职资格
1、大学本科及以上学历，市场营销、广告、企业管理、公关类专业的优先录取；有互联网公司及公关公司工作背景者优先； 
2、思维清晰，较强的文字处理能力，具备一定的项目策划方案的撰写及陈述提案的能力； 
3、熟练使用Office软件，尤其是photoshop软件； 
4、性格开朗、有进取心；具备良好的团队配合能力、组织协调能力和沟通能力。",5,10,7.5,移动互联网,数据分析
高级数据分析经理,30k-40k,唯品会,电子商务,2000人以上,上市公司,广州,经验5-10年,本科及以上,全职,"职位描述
        职责：
1）构建竞争情报分析体系，为唯品国际业务部的周/月例会提供竞争情报
2）负责跨境电商行业相关的专题研究，完成标杆、竞争、外部环境的分析研究,测算模型的搭建，支持公司战略/投资决策
3）完成公司最高层布置的竞争情报任务，管理竞争情报团队
 
能力要求：
1）具备逻辑推理能力、创造性的思维、擅长数字分析以及解决复杂问题的能力
2）5年以上大型企业战略规划或咨询管理工作经验，有电商或互联网竞争情报工作经验优先；
3）有很强的文字和口头表达能力，较强的团队领导能力和激励、沟通、协调能力；
4）本科以上学历，28-40岁",30,40,35.0,电子商务,数据分析
行业分析师（医疗行业数据...,10k-18k,名医传世,移动互联网,150-500人,B轮,广州,经验3-5年,本科及以上,全职,"职位描述
        岗位职责：
1、 能够分析研究医疗行业领域相关的宏观政策及行业发展趋势，进行行业信息、数据收集，并撰写相关分析报告；
2、研究市场以了解客户需求、竞争状况及市场容量，目标是发现创新或改进产品的潜在机会，为市场工作、产品研发提供导向；
3、能与数据公司对接，并整合与公司相关的内外部数据。
任职资格：
1、有项目研究和数据分析经验，2年以上医疗行业分析经验；
2、有较强的市场感知能力，敏锐地把握市场动态、市场方向的能力；
3、有医疗行业背景，对医疗数据敏感；
4、研究生以上学历优先。

名医传世是医院培训整体解决方案的提供商。
我们汇聚全国顶级名医，打造高端医学视频。
我们帮助医院岗位培训体系标准化、信息化。
我们的目标是：
提升基层医疗服务水平，为人类的健康造福！

&lt;&lt;&lt;&lt;&lt;————加入我们吧，妥妥儿的————&gt;&gt;&gt;&gt;&gt;
园区办公---绿色天然氧吧，森林式办公让你心情舒畅~
五天双休---摒弃不规律的调休生活，周末不耍更待何时哇
带薪年假---拿着薪资去happy，任性如我=w=
绩效奖金---能者多得，快爆发你的小宇宙~
岗位晋升---晋升和调薪，自己的天花板自己来决定( •̀ ω •́ )y
扁平管理---我们只看效率，能者说了算！
下午茶呢---每周水果雪糕还有糖水哦balabala简直选择困难：3
员工活动---组队羽毛球踢毽子唱k徒步浪~
生活补贴---工作餐餐补和你的各种通讯费应酬费~报报报！
犹豫啥呢，我们在鸟语花香里等你(●ˇ∀ˇ●)",10,18,14.0,移动互联网,数据分析
政策数据分析主管,10k-15k,PPmoney互联网金融平台,金融,500-2000人,上市公司,广州,经验1-3年,硕士及以上,全职,"职位描述
        岗位职责：1、制定消费信贷风险政策（审批及授信政策，贷后资产管理政策）；2、实施消费信贷风险政策、跟踪、分析政策效果；3、参与开发风险评分模型，实施模型并监测效果。任职要求：1、硕士学历，有经验者可接受本科学历；金融，经济学，数理统计专业优先；2、具备2-3年业务数据分析经验，具备较强的分析能力；3、金融行业量化风险管理工作经验优先；4、积极主动，良好的学习能力、沟通能力。",10,15,12.5,金融,数据分析
数据分析工程师,10k-20k,买好车,"移动互联网,电子商务",150-500人,A轮,杭州,经验3-5年,本科及以上,全职,"职位描述
        任职资格与要求： 
1.从事过具体的数据分析工作，3年以上的数据分析工作经验。
 2.熟练掌握某种报表工具或分析工具、在数据分析经验丰富。 
3.有BI、ETL方面工作经验。
 4.熟悉Linux操作系统，熟练一种脚本语言、SQL语言经验优先。 
5.良好的逻辑分析能力、沟通能力和文字表达能力。
6. 具备良好的数据需求采集、分析和数据模型设计能力。  

岗位职责： 
1.负责对远程传输回来的数据进行整理、挖掘及分析工作，撰写数据分析报告。 
2.负责参与数据平台接入数据需求的调研、分析及业务数据报表实现。
 3.对数据平台的各类接入数据进行分析，制定清洗、格转及标准化的规则。 
4.能够从业务出发，用统计学、数据分析及挖掘方法从数据中找到规律，并应用到具体业务中",10,20,15.0,移动互联网,数据工程
资深数据分析/挖掘工程师,20k-30k,蘑菇街,电子商务,500-2000人,D轮及以上,杭州,经验3-5年,本科及以上,全职,"职位描述
        1.能利用数据分析手段，对多种数据源的进行深度诊断性组合分析、挖掘、深度分析，并通过分析潜在业务机会给出建议；
2.应用机器学习、文本挖掘等技术，对海量数据进行挖掘，发现其潜在关系，为公司运营决策、产品方向、销售策略提供数据支持及建议；
3.配合业务部门的项目给予数据支持，或负责及参与跨部门等大型项目的推进获得结果；
4.通过大数据挖掘用户群体行为和属性特征，帮助业务更好的理解客户；

职位要求
1.具备大数据的处理能力，掌握hive、SQL等相关数据提取工具，熟练操作excel、SAS/SPSS、PPT等工具；
2.良好的数据敏感度,能从海量数据提炼核心结果；有丰富的数据分析、挖掘、清洗和建模的经验；
3.具备良好的抗压能力、沟通能力、逻辑思维能力，有独立开展分析研究项目经验；
4.数学、统计、计算机等相关专业优先；
5.具备良好的抗压能力、沟通能力、逻辑思维能力。",20,30,25.0,电子商务,算法/挖掘
业务数据分析,5k-8k,铜板街,移动互联网,150-500人,B轮,杭州,经验不限,硕士及以上,全职,"职位描述
        工作职责：1、负责互联网理财产品、用户行为、业务数据的日常运营分析，提供分析报告以及其他分析结果；
2、在充分了解互联网金融业务的基础上，利用数据挖掘的先进技术，优化现有分析方法；
3、承担复杂分析任务，充分发挥对数据的敏感性，给理财产品设计、理财产品资产负债管理、流动性管理、营销等提供分析支持；
4、负责财富管理侧数据价值的深度挖掘,提炼数据增值点,挖掘数据价值;

任职资格：
1、硕士及以上学历，工作年限不限，海外留学者经历优先；                                                        
2、计算机、统计学、数学、计量经济学、金融学等相关专业；                                                        
3、熟悉SAS、SPSS、R等统计分析软件；              
4、有互联网电子商务电子支付领域风险分析方面工作经验者优先；",5,8,6.5,移动互联网,数据分析
数据分析实习生,2k-4k,挖财,"移动互联网,金融",500-2000人,B轮,杭州,经验不限,本科及以上,实习,"职位描述
        工作职责：
1、搜集、挖掘、整理、统计各项日常业务运营数据指标；
2、在主管的指导下，对用户使用行为数据的分析和挖掘；

任职要求：
1、本科及以上学历，数学、计算机、数理统计或信息技术等专业方向；
2、熟练使用数据挖掘工具软件,如R语言,SAS/SPSS等；
3、熟悉mysql数据库，并具有一定的SQL功底；
3、具有较强的独立分析及判断能力，对数字非常敏感；
4、较强逻辑思维能力，较高水平的信息整合、文字加工能力。",2,4,3.0,移动互联网,数据分析
数据分析专员,8k-15k,贝贝网,电子商务,500-2000人,D轮及以上,杭州,经验3-5年,大专及以上,全职,"职位描述
        
岗位职责：
1、负责客服中心的各项数据分析，包括常规业务分析、用户行为分析、服务数据分析等；
2、撰写和汇总分析报告，为部门决策提供精准的数据支持与理论依据；
3、深入理解业务方向和需求，构建业务模型和解决方案，充分实现数据的商业价值；
4、基于历史数据建立分析模型挖掘数据内在的模式和规律，及时发现和分析其中隐含的变化和问题；
5、对日常业务运营数据监控，定期开展流量、转化率、流失率、用户价值等专题分析。

岗位要求：
1、熟练使用Excel、PPT、Visio等office软件，对运营过程中产生的数据进行收集，整理，统计，分析，形成各类统计报表；
2、了解常用数据库，如MySQL、Oracle，精通SQL，可独立编写SQL完成相应的数据提取；
3、掌握R/SAS/SPSS等分析工具，熟悉常用数据挖掘方法（相关分析、回归、决策树、聚类分析、关联分析等）；
4、能够处理用户海量数据，提炼、分析、归纳用户属性、行为等信息，挖掘用户行为特征，为运营管理提供依据；
5、有客服中心工作经验者优先；",8,15,11.5,电子商务,数据分析
数据分析工程师,10k-20k,杭州筑家易,电子商务,500-2000人,B轮,杭州,经验3-5年,本科及以上,全职,"职位描述
        岗位职责：
1、负责数据整理及分析工作，提交数据分析报告；

2、开展客户行为分析，通过数据分析对客户做出的相应的管理决策；

3、按业务需求进行专项分析和数据挖掘处理，为业务决策提供数据支持依据； 

4、在用户行为分析（用户画像、行为路径分析）、市场策略分析（关联分析、协同过滤）、热力图等方面做数据分析建模；

5、调研数据需求，进行数据分析主题、数据维度、分析指标等数据体系工作。

岗位要求： 
1、数学、统计学、计算机等相关专业本科及以上学历；

2、能够熟练使用SQL；具有较强的数据敏感度，逻辑分析能力和文档写作能力；

3、熟悉数理统计、数据分析、数据挖掘的方法,比如:决策树模型、聚类模型、回归模型等;精通至少一种数据分析/挖掘软件操作，如SAS，SPSS, R等；

4、熟练使用一种及以上脚本语言（如python、shell）者优先；

5、对数据驱动业务有深入理解，具备良好的沟通能力、团队精神和创新能力。",10,20,15.0,电子商务,数据工程
数据运营/数据分析,15k-30k,阿里巴巴,移动互联网,2000人以上,上市公司,杭州,经验3-5年,硕士及以上,全职,"职位描述
        如果你够真诚，够勇敢、够努力，够正义；如果你早已忍够了网络的黑恶势力，并且决定绝地反击，那么机会来了！无论你是捕快、判官，还是穿云箭、刀斧手，让我们给你一个超级擂台。

阿里巴巴集团安全部
让你尽情发挥挥洒才华和青春，做一个前无古人后无来者的网络安全卫士。

岗位描述
1.分析阿里巴巴平台业务运作模式及风险问题；
2.通过海量数据分析，提炼总结各种风险异常特征
3.建立各种风险的异常预警、实时监控、分析定位、策略建议，并指导风险策略落地的数据化运营体系，实现风险防控节点前置

岗位技能
1.熟悉相关数据挖掘算法，掌握主流数据分析方法
2.熟练运用SQL，掌握一种以上数据分析工具（R/SPSS/SAS等）
3.良好的数据敏感度，有扎实的基本功和良好的逻辑思维能力
4.较强的学习能力，创新能力及沟通能力。

其他
1",15,30,22.5,移动互联网,数据分析
数据分析主管,6k-10k,招财猫,金融,150-500人,A轮,杭州,经验3-5年,大专及以上,全职,"职位描述
        岗位描述：1、熟悉业务，收集整理业务数据，建立核心指标监控体系；
2、分析用户行为，善于归纳、跟踪用户行为进行数据分析和挖掘；
3、理解业务方向和战略，建立分析模型，为市场、运营、产品等方面提供决策支持；
4、维护基础数据的准确性和及时性，参与数据仓库体系的完善和产品设计。
5. 负责业务运营数据跟踪、分析并监控日常数据中出现的问题；
任职要求：1、统计学、数学、计算机等相关专业大专及以上学历；
2、熟悉Mysql或Oracle数据库,能运用SAS或SPSS等建模软件；
3、熟悉数理统计、数据分析、数据挖掘的方法，比如：聚类模型、回归模型等；
4、有使用R语言、Scala、Spark、Hadoop经验者优先；
5、对数据敏感，具备良好的沟通能力、团队精神和创新能力；
6、在互联网公司工作过，有相关数据分析经验者优先；
7、文字表达与语言沟通能力较强，能够承受较大工作压力。",6,10,8.0,金融,数据分析
风控数据分析专员（建模师）,6k-12k,有贝,"移动互联网,金融",50-150人,未融资,杭州,经验1-3年,本科及以上,全职,"职位描述
        岗位职责：
1.负责风控模型测试、分析与调整,配合项目组完成基础性的报告撰写和文档整理工作。
2.负责风控业务决策和规则引擎以及风控评分模型的配置。
3.建立和维护风控数据库，完成基础性的数据整理、数据分析工作。
4.完成领导交办的其他临时事项。
5. 根据公司业务需求，制作表格及完成相关数据分析工作报告（周报、月报等）。
任职要求：1、本科以上学历，有2年或以上的工作经验2、本科或以上理工科或经济学背景，数学、统计学、计算科学，计量经济学背景优先；3、至少了解一种编程语言SQL、SAS、R、VBA、C等；4、需要优秀的逻辑思维、数据敏感度高和一定的商业思维。
5.通过FRM考试优先
5.曾经参与过完整的数据整理、分析和建模工作优先。
福利多多：（1）年终奖、期权必须有。（2）五险一金必拿项，年假天数逐年增。（3）上班时间人性化：不必死磕朝九晚五，没有迟到早退的忧伤，每天7.5小时工作时间。（4）工作日提供早餐奶、午餐餐补和下午茶，呵护您的胃。（5）团队月度活动多，户外、旅游和唱k，吃喝玩乐都陪你；每周体育活动,员工互动更亲密。（6）休息时间大屏TV随意看，劳逸结合真的可以有。（7）快速的职业上升通道，每三个月就有一次晋升机会，有才你就放胆来。",6,12,9.0,移动互联网,数据分析
业务数据分析经理,10k-15k,丁香园,"移动互联网,电子商务",500-2000人,C轮,杭州,经验1-3年,本科及以上,全职,"职位描述
        1、负责公司 To B 业务数据分析，进行数据挖掘；
2、根据业务数据分析的结果，提出改进建议，并为业务决策提供数据支撑；
3、追踪业务动态，建立监测预警体系。

任职条件：
1、本科及以上学历，数学、统计等专业优先；
2、2年以上数据库分析、数据挖掘、数据统计等相关工作经验，有互联网行业数据分析经验者优先；
3、熟练使用R、SPSS等挖掘工具；
4、良好的分析报告书写能力；
5、工作细致，具备较强的学习能力及理解能力；具有优秀的沟通协调能力及开拓精神；具有高度的责任心和团队合作精神。

 ",10,15,12.5,移动互联网,数据分析
业务数据分析专家,40k-80k,徕木电子,"移动互联网,其他",2000人以上,不需要融资,杭州,经验不限,本科及以上,全职,"职位描述
        1、以持续提升客户体验为核心,   进行业务数据深度组合分析、挖掘、深度分析,分析潜在业务&amp;产品机会给出建议 
     2、理解业务&amp;产品方向和策略，为管理运营决策、产品方向提供数据分析及建议 
     3、与数据、产品团队等沟通，提升客户体验项目推进并获得结果1.   良好的数据敏感度,能从海量数据提炼核心结果 
     2. 熟悉电子商务平台客户服务流程或相关领域运营经验 
     3. 熟练独立编写商业数据分析报告，及时发现和分析其中隐含的变化和问题 
     4. 有大型咨询公司或电商平台工作背景者优先考虑",40,80,60.0,移动互联网,数据分析
数据分析,5k-6k,客如云,"移动互联网,O2O",500-2000人,B轮,北京,经验1年以下,本科及以上,全职,"职位描述
        岗位职责：
1、定时收集各部门运营数据；
2、通过数据分析公司整体运营情况；
3、每月定期发布各项关键数据趋势，为公司决策提供依据；
4、规范公司数据统计口径，优化数据报表体系。
任职资格：
1、统招本科学历，1年左右数据分析工作经验；
2、数据思维清晰，逻辑能力强，精通excel数据功能使用；
3、学习能力强，对数据敏感，责任心强、讲求效率、乐于接受挑战。",5,6,5.5,移动互联网,数据分析
数据分析,9k-18k,酷云互动,"数据服务,广告营销",150-500人,B轮,北京,经验1-3年,本科及以上,全职,"职位描述
         
岗位职责：1﹜ 原始数据处理（如日志数据的数据信息导出、分类、联接、分析等）2﹜ 大数据可视化分析（利用数据可视化软件完成）3﹜ 程序化提高数据处理速度（编写简单程序解决数据格式、分类等种种问题，可以快速自动化生成Excel\PPT文件）4﹜ 数据常规分析报告（按项目需求完成分析报告）
 
任职资格：1﹜ 逻辑强，对数据敏感2﹜ 跨数据库联接：联接来自诸如 SQL Server 和 Oracle 等不同数据源的数据。可以构建集成数据源可视化分析。3﹜ 熟练应用市场中可视化分析软件中的一种或多种。4﹜ 熟悉NOSQL 数据库，能使用Java或其他编程语言完成I/O、文本、Excel/PPT文档的处理5﹜ 了解数据结构与算法的原理及应用工具，了解分布式开发框架 (Hadoop Spark,Storm,Kafka)等",9,18,13.5,数据服务,数据分析
数据分析,6k-10k,人人车,O2O,2000人以上,C轮,北京,经验1-3年,本科及以上,全职,"职位描述
        岗位描述：
1、负责业务数据的提取、处理及分析工作，为公司业务部门等提供数据支持；
2、根据数据分析业务趋势，挖掘业务规律和问题，给出专业结论与建议；
3、产出高质量的分析报告，并组织跨部门协调沟通，推进各业务环节的改进和完善；
4、协助其他相关部门完成必要的数据信息统计。


任职资格：
1、对数据敏感，具有优秀的数据处理能力，具有良好的学习能力；
2、条理清晰，有良好的表达能力及沟通能力，吃苦耐劳，热爱工作；
3、熟知行业动态，熟练掌握各种统计方法，熟练数据统计软件，能很好运用excel等办公软件；
4、责任心强，良好的团队协作能力、服务意识及协调能力。",6,10,8.0,O2O,数据分析
数据分析,3k-5k,浙江天搜科技股份有限公司,移动互联网,500-2000人,上市公司,杭州,经验1年以下,大专及以上,全职,"职位描述
        一、岗位职责
    1、通过搜索引擎，对确定的关键词，进行确定范围内的信息记录。
    2、对统计的信息，进行数据的分析，形成专项的数据报告。频率为：每周、每月
    3、根据其他部门的需求，提供相对应的数据统计报告。
    4、依托统计数据，协助部门领导，实行对相应小组的考评。
二、岗位要求
    1、熟练使用Excel、Word、Ppt等办公软件
    2、对数据统计、表格制作有相关经验
    3、品德优良，稳定性强",3,5,4.0,移动互联网,数据分析
数据分析,8k-10k,合众财险,移动互联网,150-500人,不需要融资,北京,经验1-3年,本科及以上,全职,"职位描述
        岗位职责：1、负责网电渠道客户数据支持管理工作, 整合公司内部名单资源2、根据日常数据使用情况，定期测算数据转化率，为数据采集渠道提供建议3、协助客户关系管理系统规划和建设，对客群开展专题分析4、撰写数据分析报告，为运营决策、产品推广提供数据支持5、领导安排的其他工作任职要求：1、统计专业、应用数学专业，本科以上学历，有一年数据统计经验2、熟悉统计方法和数据模型，能够独立解决工作的实际问题3、熟练使用EXCEL和SQL语言，掌握至少一种统计软件(SPSS、SAS、R等)4、具有较强的计划、组织、协调能力，良好的团队合作精神",8,10,9.0,移动互联网,数据分析
数据分析,8k-10k,春播,电子商务,150-500人,不需要融资,北京,经验1-3年,本科及以上,全职,"职位描述
        岗位职责：
1.     移动端、PC端运营数据的监控、分析，以数据的角度辅助优化卖场运营工作；
2.     在基础数据之上，依托相关工具，创建、完善运营部日常监控仪表盘，简省运营的基础数据整理工作；
3.     根据公司发展及产品迭代情况，收集、整理运营部门新的数据需求，接口BI部门，跟进至需求实现并验证；
4.     了解网站日常运营工作，有效洞察运营（业务）问题、机会和瓶颈；
5.     针对异常数据进行预警、解读和挖掘，并提出解决方案
6.     辅助采购部门完成日常数据类工作；
 
 
能力要求：
1.     较强的逻辑思维，对数据较敏感；
2.     从事过互联网行业数据类工作，理解网站运营指标意义及反映的问题；
3.     具备优秀的信息整合和分析能力，善于归纳并形成具体清晰的业务观点；
4.     很强的内部沟通能力，可以协调产品、研发推进平台搭建，有项目管理经验优先；
5.     精通excel。sas/spss加分；
 
任职要求：
教育背景：统计相关专业优先
工作经验：具备电商数据类职位2年以上工作经验优先",8,10,9.0,电子商务,数据分析
数据分析,6k-8k,北京世纪多彩网络科技有限公司,"移动互联网,文化娱乐",50-150人,A轮,北京,经验1-3年,大专及以上,全职,"职位描述
        岗位职责：
1、负责产品数据分析工作，为产品调优、运营策略等提供数据支持； 2、监控日常运营状态，发现运营异常状况并分析原因；3、进行产品上线、市场推广和运营活动分析，评估相应效果，提供改善建议；4、对社区内行为，特征等进行专题分析，了解用户行为规律，指导运营和产品调整；5、产出高质量的分析报告，并组织跨部门协调沟通，推进各业务环节的改进和完善；6、处理其它日常数据统计和分析需求；
任职资格：
1、曾有过互联网社区产品数据分析工作2年以上经验的优先；2、对数据敏感，具有优秀的数据处理能力，具有优秀的学习能力；3、条理清晰，有良好的表达能力及沟通能力，对社区有深刻理解；4、热爱移动互联网产品，熟知行业动态；熟练数据统计软件。",6,8,7.0,移动互联网,数据分析
数据分析,8k-16k,流量海科技,"企业服务,数据服务",15-50人,天使轮,贵阳,经验3-5年,本科及以上,全职,"职位描述
        岗位职责：
1. 负责风险防控产品的需求管理，提供产品上线后的日常风险监测服务支持；
2. 参与产品的实施管理工作，能对用户的风险事件和问题进行有效的分析和判断；
3. 根据日常监测统计、汇总分析各类风险事项，总结风险特征，形成风险监测、风险预警的各类举措，并有效实施；
4. 主动学习数据分析与挖掘能力，参与对各行业的风险模型进行提炼、识别、建模和量化的研究工作。

任职要求：
1. 本科以上学历，有数据分析和挖掘相关工作经验2年以上；数学和计算机专业的优先。
2. 具有较好的数学建模和逻辑分析能力，至少熟悉使用R语言、SPSS、Matlab、SAS中的一种工具；
3. 具有较强的主动学习能力和文档组织能力，有良好的团队合作精神和强烈的工作责任心；
4. 有风险控制从业者或会使用各种风险评估工具者优先；
5. 有通信等行业经验者优先。",8,16,12.0,企业服务,数据分析
数据分析,10k-15k,上海教育软件,"移动互联网,信息安全",150-500人,不需要融资,上海,经验1-3年,大专及以上,全职,"职位描述
        1、参与业务数据报表需求分析，建立数据模板，周期性提供数据 2、通过对业务的深入了解和分析，为产品、运营提供强有力的数据支持 3、监视关键性业务指标，诊断产品运营中产品的各种问题和原因，并给出优化建议 4、根据对业务了解，能够独立承担复杂的分析任务，并对关键分析思路进行产品化 5、参与公司大数据产品建设，协助公司研发人员进行产品建设，提供数据分析功能模块的设计方案，并跟进行业发展实时更新数据分析模型

任职要求：1、具有各类数据挖掘建模经验，能够熟练使用SQL，Python , SAS/SPSS，Tableau，EXCEL等数据分析工具 2、有出色的数据处理、分析能力，对数据敏感，能够从日常数据中分析用户行为、深度挖掘用户需求并提出优化建议 3、良好的表达沟通能力（口头书面）与协调能力，工作积极、主动、热情，能参与用户部门数据分析需求的制定 4、有一定客户数据模型建立和运营经验、数据化运营经验、数据类产品类规划经验等 5、熟悉数据库系统MySQL/MSSQL/Oracle 性能调优、数据操作尤佳 6、熟悉云计算平台环境、有云计算资源使用经验者尤佳",10,15,12.5,移动互联网,数据分析
数据分析,4k-8k,迅游科技,"移动互联网,游戏",150-500人,不需要融资,重庆,经验1-3年,学历不限,全职,"职位描述
        工作职责：
1、根据设计者需求，细化设计者制定的方案，撰写为执行专案;
2、负责游戏内模块制作跟进、与各部门沟通协调;
3、搜集并整理游戏相关内容的资料;
4、1年左右游戏策划经验，熟悉传奇类游戏优先.
任职要求：
1、根据设计者需求，细化设计者制定的方案，撰写为执行专案;
2、负责游戏内模块制作跟进、与各部门沟通协调;
3、搜集并整理游戏相关内容的资料;
4、1年左右游戏策划经验，熟悉传奇类游戏优先.",4,8,6.0,移动互联网,数据分析
数据分析,10k-20k,TCL互联网事业本部,移动互联网,150-500人,不需要融资,北京,经验3-5年,本科及以上,全职,"职位描述
        职位描述：
1.负责公司移动互联网产品的数据分析与后台展示；
2.能根据业务问题及场景，抽象数据平台需求并设计方案；
3.建立业务运营分析模型，对业务进行趋势预测以及风险分析，独立撰写相关报告；
4.收集公司各部门的数据，定期完成日、周、月、季报等数据报告工作； 
 
任职要求：
1.本科及以上学历，统计学、应用数学、计算机等专业优先； 
2.对游戏行业有一定的了解，互联网公司 3 年以上的工作经验；
3.能够熟练使用 excel、PPT 等办公工具，能够使用 SPSS 等统计分析工具优先； 
4.有海量数据分析经验，熟练使用 SQL 语言； 
5.了解数据挖掘常用算法，有数据建模实践经验优先； 6.工作积极主动，具有良好的沟通习惯及技巧，具有分享精神  ",10,20,15.0,移动互联网,数据分析
数据分析,4k-6k,比比网络,"电子商务,企业服务",150-500人,未融资,太原,经验1-3年,本科及以上,全职,"职位描述
        岗位职责
1.帮助行业研究员，提供数据处理支持；
2.协助产品经理设计数据应用模块，并完成相应的算法建模工作；
3.设计数据监控体系，监控数据，发现其中的规律与异常。
4.模型方法研究。

任职资格：
1.统计学、计算机、信息管理、情报学、数学等相关专业，本科以上；
2.熟练掌握一种以上分析工具，R使用者优先（SPSS、clementine、matlab、Eviews、SAS、R、Stata等）；
3.较强的逻辑思维与数据敏感度，较好文字及口头表达能力；
4.有过商用算法建模和优化经历、或掌握python者优先；
5.有过复杂网络计算相关研究经历优先；
6.有文本分析研究经历者优先；
7.数理统计模型、数据挖掘方法精通者优先。",4,6,5.0,电子商务,数据分析
数据分析,6k-12k,人人行(借贷宝),"移动互联网,金融",2000人以上,B轮,北京,经验1-3年,本科及以上,全职,"职位描述
        【岗位职责】1、 分析公司平台的数据，从业务出发，设计、规划常规的数据报告并进行分析。2、 利用大数据技术，用建模、数据挖掘的方法分析公司数据，为公司业务提供数据支持。3、 分析行业数据，与市场上的其他竞争对手的数据做对比，提供竞品分析。4、 协助完成数据分析工作的规划，设计数据来源，提出数据优化需求。5、 完成各种临时的数据分析任务。 【任职资格】1、本科以上学历，金融、经济、计算机、数学、统计等相关专业，背景综合者优先。2、有数学建模、编程、统计软件、数据库经验者优先；有数据挖掘能力、经验者优先。3、具备良好的逻辑分析能力，独立思考能力，对数据与业务有足够的敏感性。4、具有良好的沟通能力、团队合作精神，有较强的责任心与进取心。",6,12,9.0,移动互联网,数据分析
数据分析,6k-8k,法本信息,"企业服务,招聘",2000人以上,不需要融资,深圳,经验1-3年,大专及以上,全职,"职位描述
        一、广告数据分析：

岗位职责： 
1. 基于大规模广告数据，对用户兴趣、偏好进行数据挖掘和分析；
2. 依据项目需要，针对游戏产品进行广告定向投放的执行操作；
3. 对投放广告数据进行追踪与分析，维持投放稳定，保证投放效果；
4. 完成组内安排的其它数据相关工作任务。

岗位要求：
 1、 本科及以上学历，数学、计算机类相关专业优先考虑；
2、 优秀的逻辑思维能力和数据敏感度，精通excel，善于数据统计、分析与处理；
3、 对网页游戏或社交游戏有一定的市场认识；
4、 熟悉互联网，了解电子商务和网络营销推广等相关知识；
5、 工作态度认真负责、细心严谨，能承受较大工作压力，具备高度责任心和极强的团队合作精神；
6、 沟通能力强，善于发挥主观能动性，能够主动分析问题并解决问题。


二、通信行业数据分析：

岗位职责：
负责移动网络数据的需求调研、数据分析、商业分析和数据挖掘模型等，通过对用户的行为进行分析了解用户的需求，及业务部门临时数据分析需求的调研、分析及实现。
 
任职要求：
1、具备商业分析/数据仓库/数据挖掘等2年以上相关项目经验；
2、熟悉运营商网络数据；
3、精通oracle数据库/数据仓库，精通数据库开发（如，SQL、存储过程）
4、精通一种主流程序开发语言（如C++、Java等）
5、熟练掌握多种统计和挖掘方法，熟练使用SPSS、SAS等相关数据分析软件； 
6、具有大学本科或以上学历。计算机/信息管理/通信/管理科学/数学等相关专业优先；具有电信、金融、互联网、移动互联网产品行业背景者优先；
 
综合素质：
1、较强的数据敏感度，逻辑分析能力和文档写作能力；
2、有良好的沟通协作能力和合作意识，思维缜密，原则性强；
3、团队意识强，主观能动性强，具备独立分析解决问题的能",6,8,7.0,企业服务,数据分析
数据分析,5k-8k,久爱致和,电子商务,50-150人,上市公司,北京,经验1-3年,本科及以上,全职,"职位描述
        岗位职责：
1. 进行日常的市场数据、经营数据整理、分析，分析公司销售业务市场情况及战略执行情况
2. 在海量数据中挖掘规律，对多种数据源进行组合分析、挖掘
3. 配合公司经营战略需要优化数据分析模型
任职要求：
1、本科以上学历
2、熟练使用excel
3、1年以上相关数据分析 、商务助理工作经验；",5,8,6.5,电子商务,数据分析
数据分析,8k-10k,品茶在线,电子商务,2000人以上,上市公司,北京,经验3-5年,本科及以上,全职,"职位描述
        岗位职责：

1、按月出具营销统计报表，并发送各大区、省区；按月出具销售费用申请、拨付及核销报表；按月出具月度POA执行情况及费用使用情况；  
2、统计整理市场数据相关资料 
3、对数据的准确性进行审核，完成统计工作，制作各类报表 
4、在数据统计基础上，根据要求，完成各类分析报告的编写  
5、与内部业务部门沟通,掌握各部门业务发展状况和主要推进事项，收集相关业务信息和数据  
6、辅助各业务部门数据需求，完成特殊定制分析报告  
7、从不同维度进行数据分析，定期提交相关数据分析报告
   
任职要求：
1、统计、药物制剂、数学、计算机等专业；
2、3年以上数据统计分析工作经验 ；
3、超强的办公自动化操作；充分了解公司相关政策，并对市场、销售、运营、人力方面业务有一定了解与认识；
4、数据分析员、英语四级；
5、优秀的逻辑思维，工作细致，责任心强，善于思考，学习能力强。",8,10,9.0,电子商务,数据分析
数据分析,7k-14k,百灵鸟,社交网络,150-500人,不需要融资,深圳,经验1-3年,本科及以上,全职,"职位描述
        岗位描述
－负责百灵鸟业务平台的数据分析，支撑运营；
－梳理业务指标体系，并根据指标体系输出数据分析报表和报告；
－紧密合作运营、产品和研发，起到运营和产品研发之间的桥梁和数据驱动作用；
岗位要求
－本科以上统计学、数学等相关专业，2年以上相关工作经验；
－有在互联网公司数据分析经验者优先；
－精通excel者优先；
－能快速理解业务流程，通过数据反应业务问题；
－能深入思考，并对数据进行多维度分析和挖掘；
－理解基本的数据指标定义原则和多维度分析方法论；
－热爱数据分析工作。",7,14,10.5,社交网络,数据分析
数据分析,18k-30k,房多多,"移动互联网,O2O",2000人以上,C轮,深圳,经验3-5年,本科及以上,全职,"职位描述
        
 岗位描述
 －负责房产O2O电商业务平台的数据分析，支撑运营；
 －梳理业务指标体系，并根据指标体系输出数据分析报表和报告；
 －紧密合作运营、产品和研发，起到运营和产品研发之间的桥梁和数据驱动作用；


 岗位要求
 －本科以上计算机、统计学、数学等相关专业，2年以上相关工作经验；
 －熟练掌握SQL及其他计算机语言，以MySQL数据库为主；
 －有在O2O类互联网公司数据分析或BI经验者优先；
 －有Tableau、FineReport等数据分析工具经验者优先；
 －能快速理解业务流程，通过数据反应业务问题；
 －能深入思考，并对数据进行多维度分析和挖掘；
 －理解基本的数据指标定义原则和多维度分析方法论；
 －热爱数据分析工作。",18,30,24.0,移动互联网,数据分析
数据分析,5k-10k,博彦科技,"企业服务,数据服务",2000人以上,上市公司,北京,经验不限,本科及以上,全职,"职位描述
        计算机相关专业，培训过数据库开发或者有意向往数据分析方向发展的应届生或者实习生，
主要是海量数据分析和一些数据分析应用的开发
熟悉Hadoop，linux",5,10,7.5,企业服务,数据分析
数据分析专员,3k-6k,欣和企业,生活服务,2000人以上,不需要融资,烟台,经验应届毕业生,本科及以上,全职,"职位描述
        岗位职责：1.主要从事公司数据挖掘相关工作，负责相关专业领域的基础信息搜集、整理，定性分析或定量分析，形成专业研究报告；2.不定期市场走访，消费者调研；3.配合完成公司专项研究项目。 任职要求：1.本科及以上学历，数学、统计、金融相关专业，1应届毕业生，16年应届毕业生或15年毕业生；
2、工作地点：烟台、北京、上海。北京上海应聘此职位通过后，需在烟台总部培训3-6个月；
3、此岗位为5.5天工作制。",3,6,4.5,生活服务,数据分析
数据分析专员,3k-5k,上海嘣哒,"电子商务,移动互联网",15-50人,不需要融资,上海,经验1-3年,大专及以上,全职,"职位描述
        岗位职责
1.对产品及运营数据进行收集、整理、汇总及分析，按时完成相关运营日报、周报、月报；
2.对运营数据进行监控，及时发现运营中存在的问题，对各个运营中的环节提出改进建议。以及相关部门同事协调沟通；
3.对财务各项成本数据进行分析
4.对各类推广渠道数据进行整理、汇总
任职要求
1.熟练使用EXCEL、PPT等工具；
2.有财务分析、营运分析背景者、电商数据分析经验优先
3.较强的逻辑分析能力；
4.具有责任心，沟通协调能力，能够承受压力;
5.具有强的学习能力并能够针对工作不断给出优化方案 
6.电商行业经验优先
7.统计学，数学与财务相关专业",3,5,4.0,电子商务,数据分析
商业数据分析,10k-20k,亿方云科技,"移动互联网,数据服务",50-150人,A轮,杭州,经验1-3年,本科及以上,全职,"职位描述
        你需要完成这样的工作：
1、深入了解互联网业务，建立基于业务场景的数据分析需求，解决各类数据分析问题； 
2、敏锐的洞察和充分理解亿方云的战略目标，业务挑战以及产品动态，制定出数据分析团队最高优先级的工作重点，真正做到数据分析助推业务增长，解决业务最紧要的瓶颈问题；
3、主动了解业务线发展进度，主动发现商业问题，分解问题并找出合适的衡量指标，监控业务进展，根据分析结果找出问题根源，提出可执行建议；
4、基于数据分析，与客户销售、服务、产品管理、工程团队以及其他主要相关方开展跨职能协作和沟通，全程跟踪和助力相关产品/业务取得成功。
 
我们需要这样的你：
1、优秀的创业心态，敢于迎接复杂的业务挑战，你将面对从来没有见过以及经验借鉴的业务问题；
2、本科以上学历，经济学、统计学、计算机等和数据处理高度相关专业，3年及以上互联网公司数据分析工作经验； 
3、具备杰出的定量分析能力，在推动业务拓展方面拥有丰富的经验； 
4、具有优秀的商业敏感度和突出的分析能力，能够灵活利用数据，设计分析方案解决复杂的商业问题； 
5、擅长与内部及外部合作团队交流沟通，具有优秀的报告讲解及沟通能力，能够独立的分析和解决问题； 
6、有数据建模实践经验（2年以上相关工作经验）者优先，熟悉Hive，熟练使用 SQL 等数据库查询语言；熟练使用至少一门编程语言者优先； 
7、具有较强结构化思维、逻辑思维能力，对数据敏感，具备优秀的信息整合和分析能力，能够形成清晰的业务观点和前瞻判断。",10,20,15.0,移动互联网,数据分析
商业数据分析,5k-7k,齐家网,"O2O ,生活服务",2000人以上,D轮及以上,上海,经验应届毕业生,大专及以上,全职,"职位描述
        岗位职责：
1、主管齐家分站商家经营风险把控的数据分析工作；
2、主管每周末的齐家服务中心分站销售数据统计分析工作；
3、主管月度/季度/年度齐家服务中心分站销售数据统计分析工作；
4、主管月度/季度/年度齐家服务中心分站商家销售及流水分析工作；
5、主管零售2.0商家与分站销售数据汇总分析工作；
6、主管业务数据汇总分析与BI系统对接优化工作；
7、协助齐家统一品类品牌库的建立与完善推进工作；
8、协助齐家服务中心分站商家展位系统管理工作；
9、领导安排的其他工作事项。
 
任职要求：
1、1年以上相关工作经验，优秀者可放宽至应届毕业生；
2、良好的应变、沟通、分析与分险管控思考能力；
3、良好的人际关系处理能力，工作协调能力，特别是执行力强；
4、工作认真细致，自律、自信，善于自我激励，吃苦耐劳，具备优秀的职业素养；
5、熟练操作word、excel等常用办公软件，能熟练的操作excel透视表，精通EXCEL数据库分析者优先考虑。",5,7,6.0,O2O ,数据分析
数据分析工程师,8k-15k,宝豆科技,"数据服务,O2O",15-50人,A轮,上海,经验不限,本科及以上,全职,"职位描述
        岗位职责：
1、通过数据建模、统计学习等算法解决风险控制业务中遇到的实际问题与需求；2、通过数据挖掘分析发现用户本质属性，并分析用户行为建立用户的信用风险评估模型；3、利用公司现有数据，开发具有自己独立知识产权的新算法，以解决常规算法不能解决的问题；4、 与业务部门沟通合作，对研发创新的算法投入到实际生产业务。任职要求：
1、本科及以上学历，数学、应用数学、金融数学、统计学、模式识别、人工智能、计算机专业优先（排名不分先后）； 2、有一定模型建设实习或项目经验，具有缺失值处理经验和机器学习等大数据管理经验，建模经验丰富。 拥有海量数据处理经验者优先3、具有扎实的统计学、数据挖掘、机器学习理论基础4.  参加过各类数据挖掘建模大赛的优先， 能够熟练使用SQL,  R、Python ，SAS，等工具优先 5. 工作责任心强，抗压能力强，有较好的创新精神",8,15,11.5,数据服务,数据工程
数据分析专员,4k-6k,SIA艺术工作室,教育,50-150人,天使轮,北京,经验1年以下,大专及以上,全职,"职位描述
        岗位职责：
1.销售体系数据汇总
2.数据模型建立，绘制报表
3.维护部门日常报表，负责日常的数据统计和处理；
4.完成数据分析项目过程中的数据提取、数据分析、数据展示工作；
5.参与不定期管理流程优化的内部项目。
 
任职要求：
1.有半年以上的数据工作经验
2.逻辑性强
3.Excel精通",4,6,5.0,教育,数据分析
商业数据分析,8k-15k,51Talk 无忧英语,"移动互联网,教育",2000人以上,上市公司,北京,经验3-5年,本科及以上,全职,"职位描述
        数据分析师
工作职责：
1. 负责用户|教师|销售|市场|教材主题的数据分析工作。 
2. 负责专项分析报告撰写，为渠道优化、用户运营、教师运营等提供决策支持。 
3. 把握各项分析工作中的重点，并转化为数据产品。 
4. 负责公司各业务部门的日报|周报|月报 
5. 部分参与数据仓库设计及BI模板开发
任职资格:
1. 强烈的好奇心，求知欲强。
2. 良好的数据分析能力，有数据分析落地的经验。 
3. 统计学、应用数学、信息管理、计算机专业毕业者优先考虑。 
4. 熟练使用SQL，接触过数据仓库设计、开发者优先。 
5. 用R做数据挖掘经验，熟悉shiny可视化框架者优先。
6. 优秀的学习能力、沟通能力、协作能力、强烈的责任心、吃苦耐劳。",8,15,11.5,移动互联网,数据分析
商业数据分析,5k-10k,米么金服,"移动互联网,金融",150-500人,B轮,上海,经验1-3年,本科及以上,全职,"职位描述
        岗位职责：
1、基于互联网金融理财业务运营需求，进行商务部交易数据处理、分析和挖掘
2、薪资考核、提成制度、 KPI指标标准合理性分析
3、基于Tableau平台，对已有报表的维护与再开发
4、其他数据支持

任职要求：
1、全日制本科（含）以上学历，统计、数学、经济学、计算机等相关专业为佳
2、有1年及以上数据分析相关工作经营，互联网金融行业数据工作经验优先
3、能熟练使用EXCEL，并有基本编程语言基础，包括但不限于SQL、SAS、R、PYTHON。
4、对数据感兴趣，性格开朗、乐于交流、愿意接受挑战",5,10,7.5,移动互联网,数据分析
商业数据分析,10k-15k,上海联通,"移动互联网,电子商务",2000人以上,上市公司,上海,经验3-5年,本科及以上,全职,"职位描述
        岗位职责：
负责销售数据统计和经营分析，年度经营计划的编制、分解、下达，跟踪检查预算目标的执行情况。组织部门综合统计资料的汇总和编制。负责与集团总部对应部门的数据统计、报表上报工作。负责内控稽核。负责部门总体日常费用核算等基础工作。完成公司和部门临时安排的工作    
 
任职要求：
任职资格要求：1.教育与专业：全日制大学本科及以上学历，并具有相应学士学位。2.工作经验：要求4年及以上相关工作经验，其中符合211院校要求的全日制本科候选人年限可放宽至3年，全日制硕士研究生及以上学历候选人工作年限可放宽至2年。具有较强的协调能力，统计分析能力，有较强的市场意识，并具良好的沟通能力。
 ",10,15,12.5,移动互联网,数据分析
广告数据分析,6k-8k,法本信息,"企业服务,招聘",2000人以上,不需要融资,深圳,经验1-3年,本科及以上,全职,"职位描述
        岗位职责： 
1. 基于大规模广告数据，对用户兴趣、偏好进行数据挖掘和分析；
2. 依据项目需要，针对游戏产品进行广告定向投放的执行操作；
3. 对投放广告数据进行追踪与分析，维持投放稳定，保证投放效果；
4. 完成组内安排的其它数据相关工作任务。

岗位要求：
1、本科及以上学历，数学、计算机类相关专业优先考虑；
2、 优秀的逻辑思维能力和数据敏感度，精通excel，善于数据统计、分析与处理；
3、 对网页游戏或社交游戏有一定的市场认识；
4、 熟悉互联网，了解电子商务和网络营销推广等相关知识；
5、 工作态度认真负责、细心严谨，能承受较大工作压力，具备高度责任心和极强的团队合作精神；
6、 沟通能力强，善于发挥主观能动性，能够主动分析问题并解决问题。",6,8,7.0,企业服务,数据分析
数据分析专员,6k-12k,喜相逢汽车服务股份有限公司,"电子商务,其他",500-2000人,上市公司,福州,经验1-3年,本科及以上,全职,"职位描述
        岗位职责
1、进行业务系统数据库的规划、设计、实施，设计并优化数据库物理建设方案；
2、对数据库进行管理，负责数据库应用系统的运营及监控；
3、业务系统数据库的定期维护和异常处理；
4、对数据库性能分析与调优，排错，保证数据安全；
5、对数据库进行定期备份、和按需恢复；
6、配合其他部门进行的数据处理、查询，统计和分析工作。

任职资格
1、计算机相关专业，本科以上学历；
2、两年以上相关工作经验；
3、精通关系数据库原理,熟悉数据库系统的规划、安装、配置、性能调试；
4、精通SQL脚本的编写，有丰富的数据库管理、运维调优经验；
5、熟练使用数据库管理、分析、设计工具；
6、快速处理系统突发事件的能力，较强的学习和创新能力；
7、良好的沟通能力、团队合作精神。",6,12,9.0,电子商务,数据分析
商业数据分析,7k-10k,MarcPoint,"电子商务,广告营销",15-50人,天使轮,上海,经验不限,本科及以上,全职,"职位描述
        Data Miner
Responsibilities:
- Understand the needs of clients in exploring consumer insights from unstructured data
- Coordinate data team and analysis team to develop effective data mining plan to meet the needs of clients
- Prepare data mining report with sound rationales and clear marketing indications
- Participate into data mining model development with data team to ensure the data mining model to serve specific business purpose
- Optimize the work flow from data collection to insight generation to increase the quality and efficiency
Qualifications:
- Strong analytical thinking, preferably with master degree in statistics/computer science/information management
- Good understanding of the concept, framework and application of data mining, statistics, machine learning and natural language processing
- Passionate and willing to take challenges to explore unknown area
- Strong belief in the value and future of big data in marketing industry
- Open-minded and fast learning
- Team player with strong initiative and communication skills",7,10,8.5,电子商务,数据分析
数据分析工程师,20k-40k,环信,"移动互联网,企业服务",150-500人,B轮,北京,经验3-5年,本科及以上,全职,"职位描述
        
工作职责：
1. 负责IM平台用户后台的各种统计指标；
2. 改进公司数据管理，建立分析程序，提高各部门工作效率

任职资格：
1. 有较强的算法能力，并熟悉数据处理的各种算法；
2. 熟悉Spark、Hadoop、OpenTSDB等大数据分析相关系统和技术；
3. 有网站流量数据的分析和开发经验优先；
4. 有较强的自学能力，能够进行新技术预研和应用；
5. 热爱开源，有开源社区经验者优先考虑",20,40,30.0,移动互联网,数据工程
数据分析实习生,4k-5k,学霸君,"移动互联网,教育",150-500人,C轮,上海,经验不限,本科及以上,实习,"职位描述
        工作职责：进行数据的处理、分析和挖掘。任职要求：1. 本科以上学历在读，一周至少保证3日实习；2. 熟悉Excel以及SQL语言3. 对统计有一定掌握4. 有对数据的敏感性以及对数据处理的热情",4,5,4.5,移动互联网,数据分析
商业数据分析,12k-24k,丁香园,"移动互联网,电子商务",500-2000人,C轮,杭州,经验不限,学历不限,全职,"职位描述
        岗位职责
1、负责调研方案的具体实施，按时执行调研项目的每个环节，保证数据和信息的充分和真实； 
2、调研后期数据处理，并撰写能够真实反映调研结果的调研报告； 
3、了解医药市场的相关政策与信息，给客户提出专业建议； 
4、 对数据信息系统进行维护和改进。 
 
任职条件
1、医药相关专业本科及以上学历，临床/流行病/统计学专业尤佳； 
2、英语六级以上，能熟练的进行书面英文沟通； 
3、对数据敏感，有较强的逻辑思维能力； 
4、责任心强，耐心细致，有一定的抗压能力； 
5、有市场调研或临床工作经验者优先。",12,24,18.0,移动互联网,数据分析
商业数据分析,4k-6k,览易,电子商务,15-50人,不需要融资,上海,经验不限,学历不限,全职,"职位描述
        职位描述：
1、有较好数据分析、数据调取能力、对客户评价进行整理及分析，出具相应分析报告及方案；
2、维护老顾客、催化会员活跃度，提升会员销售额占比，促进老顾客N次消费，提高用户的忠诚度；
3、熟悉电商客户关系管理模块,善于总结、分析、挖掘、创新， 配合店铺活动策划做CRM营销及每次活动后的数据分析总结工作；
4、使用短信、EDM、微博、QQ、微信等一些运营工具促进顾客二次消费；
5、配合协助运营等各部门做好工作，互相帮助共同完成工作目标。


任职资格：
1.大专以上学历，市场营销类相关专业优先；
2.熟悉电商运营流程，一年以上相关工作经验；
3.服务意识强，较好的文字表达与组织沟通能力；
4.良好的逻辑思维和数据分析能力；
5.有耐性，学习能力强，有团队合作精神；
6.优秀应届毕业生亦可。",4,6,5.0,电子商务,数据分析
商业数据分析,5k-10k,天相瑞通,"移动互联网,金融",150-500人,不需要融资,北京,经验不限,本科及以上,全职,"职位描述
        岗位职责：
1.负责证券市场金融数据的整理工作；
2.负责金融衍生数据的调研、研究工作；
3.负责完成用户定制数据服务工作；
4.协助业务主管完成其它工作。
职位要求：
1.本科以上学历，财经类专业或统计、应用数学、数量经济专业方向优先；
2.有相关金融背景知识者优先；
3.熟悉证券及金融业务、熟悉各类金融产品（债券、股票、基金）的信息披露规范、
4.内容及要素，了解宏观经济和行业信息数据者优先；
5.良好的数据加工和处理能力；
6.责任心强，认真细致，擅于沟通。",5,10,7.5,移动互联网,数据分析
数据分析专家,15k-25k,兑吧,移动互联网,150-500人,A轮,杭州,经验3-5年,本科及以上,全职,"职位描述
        职位描述： 
1、通过对业务的深入了解，构建完善的客户体验相关的业务监测体系，能够有效地披露业务进展与风险； 
2、从市场环境与客户体验出发，分析洞察影响客户体验的各类问题，提出有价值的潜在业务机会，辅助业务决策； 
3、独立承担复杂分析任务，擅于运用各类数据分析专业技术，实施深度数据诊断，并能总结沉淀关键分析思路，推动产品化进程； 
4、积极进行跨部门沟通与协作，主动推动业务发展和体验改善。
岗位要求：
1、统计、数学、信息技术、生物统计、计算机本科及以上学历；三年及以上相关工作经历； 
2、掌握SQL等相关代码编写，熟练操作Excel、SAS/SPSS/R等工具； 
3、有丰富的数据分析、挖掘经验，有成熟的问题分析方法论，并能灵活运用于实践，有独立编写商家分析报告的经验； 
4、拥有出色的沟通能力和团队协作能力，强烈的责任心，乐于主动推进解决各种难题； 
5、有广告平台分析经验者优先。",15,25,20.0,移动互联网,数据分析
商品数据分析,3k-5k,太子龙,其他,500-2000人,不需要融资,杭州,经验1-3年,大专及以上,全职,"职位描述
         
工作职责：
1、负责商品计划管理，编制《商品上市计划》，跟进面辅料、大货生成进度。
2、负责商品销售数据的监测和分析，制作商品订单完工、产销率、畅滞销等报表。
3.  熟悉淘宝，唯品会，京东后台数据分析。
 
任职要求：
1、大专及以上学历，2年以上商品数据分析经验；
2、对数据敏感，数据处理技能优秀，熟练掌握各种excel函数公式；
3、有服装行业经验优先考虑。",3,5,4.0,其他,数据分析
数据分析专员,10k-17k,汽车之家,"移动互联网,文化娱乐",2000人以上,上市公司,北京,经验1-3年,本科及以上,全职,"职位描述
        岗位职责：
1.   根据公司业务逻辑，制定数据规范，设计可视化的数据产品；
2.   负责业务数据分析工作，监控日常业务运营状态；
3.   对PC、M、App端投放数据分析，深度挖掘数据，指导产品调整与投放；
4.   协同相关团队处理解决数据异常问题；
       5.   处理其他日常数据统计和分析需求。

       能力要求：
1.   对数字敏感，思维敏捷，具有良好的逻辑思维能力；
2.   积极主动了解业务逻辑，有良好的沟通协调能力；
3.   有数据分析、产品分析或业务分析经验者优先；
       4.   精通MS office，掌握一定数据统计及分析工具，能熟练运用SPSS，SAS，R等数据挖掘工              具的优先",10,17,13.5,移动互联网,数据分析
商业数据分析,8k-15k,以太资本,金融,150-500人,B轮,北京,经验1-3年,本科及以上,全职,"职位描述
        岗位职责:
1.基于业务逻辑，建立业务数据模型，为团队提供反映产品和运营状况的数据报表；
2.持续跟踪业务数据，监测业务发展态势，为业务指标异常提供预警、监测和解读；
3. 跟踪和分析运营数据，构建用户价值和行为模型，发现潜在的缺陷与机会。
4.密切关注运营进程，基于业务数据，参与制定运营策略，提出改进方案，进行事后评价；
5.结合行业数据、业界观点和市场趋势，为长期业务发展方向提供战略层面的意见和建议。
职位要求:
1、3年以上互联网行业数据运营、数据分析、商业分析、商业智能等工作经验；
2、熟悉 SQL数据库，熟练使用 R、SPSS、SAS、Excel 等工具，熟练掌握常用数据挖掘方法和模型；
3、对互联网行业有热情；敏锐的商业嗅觉，对行业信息和市场动态敏感；对数据分析工作的定位有深刻理解；
4、对数据敏感，较强的逻辑分析能力；较强的沟通能力、口头和书面表达能力；
5、本科及以上学历，统计、数学、物理、计算机、经济、社会学等相关专业优先；",8,15,11.5,金融,数据分析
数据分析工程师,15k-30k,顺丰科技有限公司,"移动互联网,电子商务",500-2000人,不需要融资,深圳,经验不限,本科及以上,全职,"职位描述
        岗位职责：
1、针对公司业务，完善数据监测、业务运营指标； 2、用系统化的方法分析业务变化趋势，为管理层决策和产品完善提供数据支持； 3、运用hive/SQL做数据挖掘分析，用数据驱动产品改进、业务发展； 4、指导与支持产品经理、业务经理设定目标，并检验是否达标。
任职要求：
1、统计、应用数学、计算机相关专业本科以上学历； 2、3年以上在互联网或物联网行业的数据分析工作经验；有APP数据运营、物流数据分析经验的优先； 3、优秀的商业分析能力，有及时发现和分析其中隐含问题的敏锐性 ，能从复杂用户行为数据进行抽象概括，建立数学模型并用PPT等表达； 4、熟悉 SQL与HIVE查询，掌握统计分析方法； 5、有设计A/B test的能力，精通各种统计假设检验的方法，如：t-test, chi-square等； 6、具备R或python能力优先。",15,30,22.5,移动互联网,数据工程
商业数据分析,2k-4k,河南圆点市场咨询有限公司,"数据服务,企业服务",15-50人,不需要融资,郑州,经验不限,学历不限,全职,"职位描述
        
 工作职责：
 1、协助研究经理进行项目管理；
 2、负责市场研究项目数据的汇总、筛选、符合，并对数据进行分析；
 3、在数据分析的基础之上，独立完成后期汇总报告。
 职位要求：
 1、大学专科以上毕业，有1-2年市场研究工作经验者优先.
 2、性格乐观，做事积极、主动、负责，且有较强的沟通能力，对市场研究行业有浓厚的兴趣和高度热情；
 3、有一定统计分析能力，逻辑思维清晰，语言表达能力和学习能力强,对数字比较敏感；
 4、具有良好的逻辑思维能力、分析归纳能力、语言表达能力、人际沟通能力、文字表达能力；
 5、熟练掌握OFFICE办公软件，精通EXCEL、SPSS、POWERPOINT使用；
 6、具有良好的团队合作精神、工作细致认真，踏实。
 
 福利：转正满半年后为员工缴纳五险。
 薪资构成：基本工资+电话补助+考勤奖+工作效益奖+工龄工资+项目补助，没有任何业务任务，参加项目就能享受项目补助。
 
 考核与晋升：助理研究员 研究员 研究主管",2,4,3.0,数据服务,数据分析
数据分析专员,8k-15k,博纳金服,"移动互联网,金融",15-50人,天使轮,深圳,经验1-3年,本科及以上,全职,"职位描述
        岗位职责：1.协助总监对公司全面风险管理体系的建设，构建分控贷前、贷中、贷后风险评分卡模型并监测模型效果，优化模型；2.通过产品表现的数据监控和分析支持产品改进及新产品的探索；3.协助完成公司风险控制模型的研究与开发，测试和实施；4.制作风控相关报表。岗位要求： 1.统招本科及以上学历，数学、统计、计算机、信息技术等相关专业；2.熟练掌握多种统计和挖掘方法，熟练使用SAS相关数据分析软件； 3.较强的数据敏感度，逻辑分析能力和文档写作能力；4.一年以上数据分析经验；5.有金融建模经验和金融工作经验优先。",8,15,11.5,移动互联网,数据分析
商业数据分析,8k-15k,京东商城,电子商务,2000人以上,上市公司,北京,经验5-10年,本科及以上,全职,"职位描述
        1、负责日常运营操作数据的提取和整理工作；    
2、负责KPI核心指标体系的完善和持续跟踪工作；    
3、通过数据发现运营环节中的各种问题，薄弱环节和漏洞，提出改善和优化方案，通过数据监控，督导优化方案的达成效果；    
4、为运营质量管理和改善提供数据监控和解决方案；    
5、分析报告模板搭建与数据分析岗相关人员的技能指导等。    
要求：
1、统计学、数学、经济学、计算机相关专业，本科及以上学历，两年以上数据分析经验；    
2、熟练操作SQL，熟悉HIVE脚本，可编写复杂的查询语句；    
3、 对数据敏感，逻辑思维能力强；    
4、为人诚信正直，具有高度的责任心、耐心细致、工作认真，求知欲较强，并具有敬业精神及团队合作精神；     ",8,15,11.5,电子商务,数据分析
商业数据分析,10k-20k,百灵鸟,社交网络,150-500人,不需要融资,深圳,经验1-3年,本科及以上,全职,"职位描述
        工作职责：
1.扫描国内外行业市场，关注行业前沿动态，探索新的商业模式和机会；
2.持续关注移动产品的研发、发行、运营等模块，监测竞争对手动态，输出分析报告，为
业务策略制定及方向提供战略支持；
3.负责研究行业产品的梳理与刷新，研究产品布局，洞悉行业发展方向；
4.跟踪监控市场上各细分品类行业的产品动态，与产品经理共同完成产品模式的讨论设计。
5.负责产品市场数据的分析，制定与各平台合作伙伴的市场策略和方案，不断优化与不断加深平台合作强度，提升产品的用户量与规模。
 
工作要求：
1.本科以上学历；
2.热爱体育行业，愿意长期从事互联网体育行业的市场分析和战略规划工作；
3.2年以上市场分析和战略规划工作经验；
4.优先考虑曾就职于大型互联网公司战略规划/行业分析部门，业内知名管理咨询公司，业内知名市场调研公司，大型投行/VC等投资机构的TMT行业分析师的申请者；
5.优秀的分析及解决问题能力；
6.良好的沟通，人际交往能力，以及团队合作精神；
7.出色的PPT撰写及excel建模能力；",10,20,15.0,社交网络,数据分析
商业数据分析,10k-20k,美团点评,"移动互联网,O2O",2000人以上,D轮及以上,北京,经验3-5年,本科及以上,全职,"职位描述
        岗位职责：

 根据公司业务发展要求制定合理目标，并做相应资源规划；
 根据业务类型设计有激励效力的销售提成，预估财务成本；
 分析业务数据及团队数据，寻找业绩增长点；


任职要求
1. 统计、应用数学、社会学、金融等相关专业背景，本科及以上学历；
2. 有优秀的逻辑思维能力和数据统计分析理论基础，具备SQL/R等基本数据提取能力，了解机器学习等算法，处理过大量数据；
3. 具备敏锐的数据观察能力和良好的数据呈现能力，包括PPT展示、讲解；
4. 有3年及以上电商、快消、O2O、金融等相关行业的数据分析从业经验，有项目管理、销售运营经验者优先；
5. 熟悉社会消费习惯，深入了解社会各行业变化并能与业务相结合；",10,20,15.0,移动互联网,数据分析
数据分析组长,15k-25k,深圳市壹佰金融服务有限公司,"移动互联网,金融",150-500人,不需要融资,深圳,经验3-5年,本科及以上,全职,"职位描述
        1. 计算机、统计学、数学等相关专业，本科及以上学历，1年以上数据分析相关工作经验；
2.日常数据监控，跟踪并处理异常数据，并推动问题解的解决；
3.日常报表输出（包括日报、周报、月报），建立规范的数据分析报表； 4.精通java，两年以上java相关开发经验 ，有scala语言开发经验优先；  5.提供清晰明确的行业、产品、业务分析报告，为决策层、产品、运营人员提供决策支持。 6. 爱好数据掘，机器学习等领域，乐于专研，乐于分享。",15,25,20.0,移动互联网,数据分析
数据分析建模,15k-25k,我来贷WeLab,金融,150-500人,B轮,深圳,经验3-5年,本科及以上,全职,"职位描述
        岗位职责：
1、根据业务需求，运用机器学习、数据挖掘技术，对大数据进行风险计量分析；
2、建立各类风险模型，进行开发、维护、及持续优化，为信贷提供决策；
3、对金融风控的量化分析，为信贷政策的调整、贷后管理等提供依据；
4、负责资产质量监控分析，建立并推动风险预警策略。
 
任职要求：
1、数学、计算机、金融等本科以上学历，2年以上风控分析建模经验；
2、精通Python,R,Hadoop,Spark，熟悉Storm,Sakit Learn；
3、熟练各种算法（关联、聚类、分类、降维、排序等）；
4、机器学习或深度学习的工业界实践经验的最优；
5、较强的逻辑思维、数据挖掘分析，团队协作能力、沟通和问题分析解决能力；",15,25,20.0,金融,数据分析
数据分析实习生,5k-6k,博彦科技,"企业服务,数据服务",2000人以上,上市公司,北京,经验不限,硕士及以上,实习,"职位描述
        工作职责
-负责公司金融数据仓库设计和实现 
-负责业务需求的需求理解、数据开发，提供面向业务的数据服务 
-根据业务和产品情况对数据模型进行设计和规划并参与团队数据模型优化 
-完成数据模型的ETL实施，参与团队ETL流程的优化以及相关技术问题的解决

职位要求
-计算机相关专业本科及以上学历，要求18年毕业的同学 
-熟悉数据库相关理论和应用，有mysql/oracle等数据库相关经验； 
-熟练使用Python、java或者c/c++，有相关开发经验 
-熟悉Linux/Unix环境以及常用命令 
-熟悉常用数据结构和算法 
-有较好的沟通交流能力,善于主动思考和行动,乐于解决具有挑战性的问题 
-有较好的逻辑思维能力，较强的抽象、概括、总结能力 
-对数据敏感、对新技术敏感、对数据产品设计有想法",5,6,5.5,企业服务,数据分析
数据分析专员,6k-8k,星空创联,教育,500-2000人,C轮,北京,经验1-3年,本科及以上,全职,"职位描述
        1.针对产品线售卖数据进行分析并定期形成分析报告，维护部门日常报表，负责日常的数据统计和处理及与业务端的沟通协作；
2.完成数据分析项目过程中的数据挖掘、数据分析、数据展示工作；
3.开发并持续完善各项业务数据的统计分析模型，确保其准确性、实用性及可衡量性；      
4.能够基于数据分析得到有价值的信息，为运营决策、人员管理等提供数据支持。
 
任职要求：
1.本科以上学历，数学、统计、相关背景优先；
2.对数据敏感，较强的逻辑分析能力和文字表达能力；
3.熟练的Excel操作技能；
4.精通PPT制作、较强的图表图形绘制能力；
4.良好的沟通能力，实现业务协作和过程跟踪与推进；
5.强烈的责任心，工作细致，有条理，善于学习，具有良好的团队合作精神，能够承担一定的工作压力。",6,8,7.0,教育,数据分析
商业数据分析,10k-20k,TalkingData,移动互联网,150-500人,C轮,北京,经验3-5年,本科及以上,全职,"职位描述
        职位描述：
1.参与团队完成数据咨询的撰写方案报告，及方案的展示与汇报；2. 负责数据咨询知识模块的提炼；3. 跟踪和分析行业、客户市场动态数据，负责配合公司制定咨询业务市场开拓计划以及研究成果的市场推广。

职位要求：
1. 2年以上互联网或移动互联网行业分析研究工作经验，有从事营销、游戏、金融行业经验者优先； 2. 具有良好的数据敏感性和分析能力；3. 相关专业（传播学、市场营销学、经济学、统计学、心理学等）本科及以上学历；4. 有较强的团队合作能力、沟通能力和快速学习能力；5. 50%出差，能承受较大的工作压力。",10,20,15.0,移动互联网,数据分析
商业数据分析,90k-100k,乐歌,硬件,500-2000人,未融资,宁波,经验5-10年,本科及以上,全职,"职位描述
        大数据营销副总

岗位职责：1、支持业务统筹大数据营销，品牌推广；2.、数据挖掘系统规划建设；整合和处理海量数据；3.、负责大数据仓库系统规划建设、数据仓库模型设计与开发；4.、数据模型体系构建及数据主题设计和开发；5、对项目开发流程、项目质量和项目开发进度的规划、控制、监督和管理；6、培养下属成员，提高团队整体专业技能；任职要求：1、 5年以上软件企业或大型互联网企业技术经理任职经历，或3年以上大型互联网企业数据营销技术总监任职经历，深入理解大数据应用相关技术的研发工作，能够跟据业务需求进行数据营销。2、强大的系统分析能力，熟悉UML或者其他流行的系统中分析工具之一；3、具备较好的研发过程管理和控制的技能，包括进度安排和控制、风险控制、质量管理、配置管理等；4、具有主动性，具有大局观，具有创业精神。",90,100,95.0,硬件,数据分析
数据分析实习生,3k-4k,51信用卡管家,"金融,数据服务",500-2000人,B轮,杭州,经验不限,本科及以上,实习,"职位描述
        一、工作内容
1) 日常运营push数据抓取；
2) 日常短信发送效果评估；
3) 基础运营数据整理，并发送日报；
4) 主管安排的其他工作；
二、任职要求
1、专业要求：计算机，统计学专业优先，大四
2、技能要求：熟练运用excel等办公软件，会使用SQL查询数据；
3、经验/业务要求：对互联网行业有兴趣，参加过建模竞赛者优先；
4、职级要求：
5、其他要求：对数字敏感，注重细节，踏实",3,4,3.5,金融,数据分析
数据分析(实习生),3k-4k,惠装网,"移动互联网,O2O",150-500人,A轮,北京,经验应届毕业生,本科及以上,全职,"职位描述
        岗位职责：
1.负责日常运营基础数据的统计分析，报告编制；

任职要求：
1.统招本科以上学历，全日制统计学、数学或理工类大学本科及以上学历优先考虑；",3,4,3.5,移动互联网,数据分析
商业数据分析,4k-6k,橙子交友网,"移动互联网,社交网络",15-50人,未融资,宁波,经验1-3年,本科及以上,全职,"职位描述
        岗位职责：
1、协助运营完成公司各个渠道的发布及数据的收集整理与分析；
2、对渠道数据信息进行维护管理；
3、有敏锐的思路，创新的意识和善于发现问题；
4、竞争品牌新媒体信息的搜集、整理及分析。

任职要求：
1、有一年以上相关岗位工作经验，市场营销、统计等相关专业优先；
2、熟悉互联网行业，对网络推广具备一定的敏感性；
3、对数据敏感、有数据分析能力,善于评估总结，调整竞价推广策略；
4、工作态度良好、团队意识强烈，对于工作具有主观能动性。
工作时间:
8:30—17:30 双休 享受国家法定节假日",4,6,5.0,移动互联网,数据分析
商业数据分析,8k-15k,多盟,"移动互联网,广告营销",150-500人,不需要融资,北京,经验1-3年,本科及以上,全职,"职位描述
        工作内容：1. 分析媒体流量趋势，预测并监控流量变化。2. 根据流量和定向条件分析库存使用情况，提供最优媒体采购和客户投放策略。3. 与媒体、销售同事沟通，综合考虑并向管理者提供合理的价格与促销建议。4. 牵头、推动或参与跨部门优化项目的进展与落实。5. 对销售、投放、技术定期的政策、知识沟通与分享。能力要求：1. excel统计分析操作熟练2. 出色的逻辑能力和数据敏锐度，思维严谨3. 善于发现问题并能独立找到解决方案，善于从数据中找到关键信息并加以解释4. 擅长沟通协作，有一定的说服力",8,15,11.5,移动互联网,数据分析
商业数据分析,8k-16k,汇联金融,金融,150-500人,上市公司,深圳,经验3-5年,本科及以上,全职,"职位描述
        岗位职责：1，根据客户管理运营规则，持续收集客户相关信息，确保客户信息的完整性、准确性、及时性；2，根据客户管理运营规则，在数据基础上，建立客户数据模型，为数据分析和客户挖掘提供依据；3，根据客户数据模型，分析客户数据，为销售活动和市场活动提供决策依据；4，根据销售任务计划，基于客户数据模型，挖掘目标客户群体，为客户营销活动提供支持5，根据数据分析和客户挖据结果，撰写分析报告，为客户营销活动提供支持6，根据事业部销售计划，分析相关运营数据，编写销售和运营报表，为事业部运营提供支持7完成上级交付的各项临时性工作岗位要求：1，本科；统计学、数据挖掘等相关专业方向；2，熟悉数据分析与数据挖掘理论；3，熟练使用各种数理统计、数据分析、数据挖掘工具软件；,4，良好的沟通交流能力，文字语言表达能力，较好的逻辑分析能力。",8,16,12.0,金融,数据分析
商业数据分析,15k-30k,百度游戏,移动互联网,2000人以上,上市公司,北京,经验5-10年,本科及以上,全职,"职位描述
        工作职责：
1、负责独代游戏数据入库及数据后台搭建，为独代业务同学提供数据支持；
2、通过数据分析协助独代游戏进行产品调优；
3、领导安排的其他相关工作。
任职资格：
1.本科及以上学历，统计学、应用数学、计算机等专业优先；2.须有手游产品数据分析经验，互联网公司5年以上的工作经验；
3.能够熟练使用excel、PPT等办公工具，能够使用SPSS、R等统计分析工具优先；
4.有海量数据分析经验，熟悉SQL语言优先；
5.了解数据挖掘常用算法，有数据建模实践经验优先；
6.工作积极主动，具有良好的沟通习惯及技巧，具有分享精神",15,30,22.5,移动互联网,数据分析
商业数据分析,2k-3k,宝原地产,"生活服务,分类信息",2000人以上,不需要融资,上海,经验不限,本科及以上,实习,"职位描述
        JD:协助分析师和DBA完成数据ETL、建模、分析等的工作；
要求：
1、本科以上学历；
2、数学、统计学、计算机、自动化等专业；
3、有数据库和Informatica、可视化软件使用经验优先；
4、有编程基础的优先；
5、优秀的逻辑思维，吃苦耐劳，仔细认真。",2,3,2.5,生活服务,数据分析
商业数据分析,6k-9k,柯利亚诺,生活服务,500-2000人,未融资,北京,经验3-5年,大专及以上,全职,"职位描述
        1、提交每季货品企划方案；并根据每季企划需求结合新款研发进度每周提交品类需求及企划需求量；2、根据每季新款上市节奏更新企划需求表；3、提交新款畅销品翻单方案；并结合畅销款的销售及生产进度随时提交追单或减单需求，保证翻单款消化率的达成；4、定期收集整理新品市场反馈信息，并提交分析报告；5、提交季度产品结构调整报告及企划方案实施差异报告；6、提交临时性相关数据分析报告；7、跟进ERP系统单据处理的及时性，确保报表数据的准确性；8、根据货品整合方案跟进后续相关事宜，保证系统数据的准确性及货品归位的及时性；",6,9,7.5,生活服务,数据分析
数据分析（BH1611）,8k-16k,边锋,"移动互联网,游戏",500-2000人,不需要融资,杭州,经验3-5年,本科及以上,全职,"职位描述
         岗位职责：1.产品的日常数据跟踪，相关数据分析工作，总结运营效果，参与制定与优化运营策略2.通过渠道数据分析，挖掘渠道用户行为，把控渠道质量3.根据运营活动的目的，进行活动效果评估，帮助运营人员优化各类活动 。4.快速响应业务方的数据需求。根据具体业务场景及其相关数据分析研究，有效洞察相关业务的机会和瓶颈，帮助业务做好判断；5.可能需要设计和实施各种用户研究项目，统计和分析各种用户体验数据和报告，挖掘用户需求及相应产品使用习惯6.充分理解业务，通过数据挖掘和数学建模，为新的产品和功能提供支持岗位要求：1.大学本科或以上学历，从事过市场调查、用户研究、数据分析工作者优先；2.2年以上数据分析工作经验，能独立完成数据分析项目；3.熟悉一种数据分析工具,sql/R/SAS/SPSS等；4.具有良好的商业敏感度和优秀的数据分析技能，能够开发创新且实用的分析方法以解决复杂的业务问题；5.熟练使用各种办公软件，excel/PPT文档撰写能力出色者优先6.具备高度的责任心及团队精神,愿意接受挑战性的工作,能够及时高效完成任务 ",8,16,12.0,移动互联网,数据分析
数据分析助理工程师,4k-8k,驭能者,其他,50-150人,未融资,北京,经验不限,本科及以上,全职,"职位描述
        涉及领域：新能源（风电、光伏、分布式）
专业背景：数学、自动化、通信、计算机相关
岗位需求：1、熟悉matlab仿真软件。2、熟悉数据分析、数据挖掘相关知识。3、有线性算法和非线性系统专业知识背景，做过神经网络、向量机、混沌算法、卡尔曼滤波等算法建模的更佳。4、大学期间参加过数学建模竞赛，获奖者更佳。5、熟悉一种及以上的数据库操作。
岗位职责：1、风电场、光伏电场运行数据的挖掘与数据分析工作。2、风电、光伏功率预测建模工作。3、功率预测产品模型研发的技术支持，包括：1）处理客户投诉、提问；   2）完成公司内部预测工作培训。4、预测模型平台的维护与优化工作。",4,8,6.0,其他,数据工程
资深数据分析,30k-45k,链家网,"移动互联网,O2O",500-2000人,未融资,北京,经验1-3年,本科及以上,全职,"职位描述
        职位描述：
1.深入产品与业务流程，参与链家网线上、线下核心产品运营指标的设计与实施
2.基于业务逻辑，建立业务数据模型，为团队提供反映产品和运营状况的数据报表；
3.持续跟踪业务数据，监测业务发展态势，为业务指标异常提供预警、监测和解读；
4.深入理解产品细节，参与推动基于对照试验的产品快速迭代；
5.密切关注运营进程，基于业务数据，参与制定运营策略，提出改进方案，进行事后评价；
6.结合行业数据、业界观点和市场趋势，为长期业务发展方向提供战略层面的意见和建议。
 
任职要求：
1.本科以上学历
2.3年以上数据分析或挖掘经验，有互联网行业分析经验
3.对数据敏感，能从数据中发现问题、解决问题
4.精通SQL等数据查询语言，熟练使用Excel，至少熟练使用一门统计软件，如R、Matlab
5.熟悉一种脚本语言，如Shell/Python/Perl
6.加分项：熟悉Hadoop/MapReduce/hive
7.加分项：较强的数学、统计和计算机知识，熟悉相关、回归、聚类分析、主成分分析等统计方法 思想并可以在实践中应用
8.为人简单、正直、真诚、好学、有激情",30,45,37.5,移动互联网,数据分析
商业数据分析,10k-20k,圣亚支付,"移动互联网,金融",50-150人,不需要融资,北京,经验1-3年,本科及以上,全职,"职位描述
        负责风险业务数据建模及用户画像
负责分析交易数据，发现潜在风险，完善监控规则。
负责制定关键风险监测指标，并进行监控、分析，针对近指标值及已超指标值等异常情况作出预警及给出可行的风险防控策略
定期出具风险指标统计分析报告
同业风险舆情信息的持续收集、整理、分析，以期完善风险监控规则
所需专业知识与技能：
①   熟悉SAS、SPSS等统计软件；
②   熟悉R语言；
③   熟悉数据库查询语句，具有初步的脚本编写能力；
相关行业经验：
①   了解支付行业监管政策；
②   2年及以上金融或支付行业的风险数据分析经验；
③   熟悉常见的欺诈类风险交易场景及控制措施；",10,20,15.0,移动互联网,数据分析
商业数据分析,6k-8k,宜驾网络,"数据服务,硬件",50-150人,未融资,上海,经验1-3年,大专及以上,全职,"职位描述
        岗位职责：1、负责IDC/CDN平台日常运行情况进行数据检测统计，对产品线进行成本核算，并定期出据相关报表；2、负责IDC/CDN节点资源运行情况进行监控，并在超出设定范围的情况提交相关人员处理；3、负责IDC/CDN节点带宽和机柜利用率进行核算，针对异常情况上报相关人员和领导；4、完成运营过程中的数据提取、数据分析、报表展示工作；
任职资格：1、大专及以上学历，1年以上相关工作经验，有IDC/CDN或电商工作经验者优先；2、熟练的OFFICE操作技能，熟悉EXCEL各类公式、函数；3、具有较强逻辑思维能力、沟通能力及文字加工能力；4、注重结果导向，能为项目的结果负责，组织和驱动相关资源完成项目目标；5、具有强烈的责任心及良好的团队合作精神，能够承担一定的工作压力。",6,8,7.0,数据服务,数据分析
商业数据分析,20k-30k,链家网,"移动互联网,O2O",500-2000人,未融资,北京,经验5-10年,本科及以上,全职,"职位描述
        工作职责：1.深入理解互联网运作模式，建立流量数据快速收集、统计、分析至营销应用的全流程数据体系。2.结合业务特征，系统地构建用户数据分析体系和分析模型，为公司客户管理、产品运营、业务发展等提供决策支持。3.与业务方、产品和技术部门形成紧密合作，整合多方资源共同推动体系运行。岗位要求：1.5年以上相关工作经验（电商、咨询、商业/数据分析、市场和消费者分析）2.优秀逻辑思维能力，擅长研究分析，能够系统性的思考和分析问题，同时具有较好的报告呈现能力。3.掌握主流的定性、定量市场研究方法，了解不同方法的工作流程、优势与局限性。熟悉了解行业研究、消费者研究、竞争标杆、品牌调研等常见市场研究模块。4.良好的沟通能力、学习能力、执行力、团队合作精神及抗压能力，具备带团队的能力，有格局、有影响力。5.了解和熟悉程序化营销的应聘者优先",20,30,25.0,移动互联网,数据分析
数据分析专员,5k-7k,掌贝（云移科技）,"移动互联网,O2O",500-2000人,B轮,广州,经验1-3年,大专及以上,全职,"职位描述
        岗位职责：1、各类数据、各维度分析；2、数据日报、月报、周报；3、数据系统维护；4、支持各项数据的提供；5、支持各项数据的提供；6、针对各项不定期业务需求，完成专题分析报告；7、维护部门日常报表，对现行数据分析方法进行优化、改善。
任职资格：1、大专以上学历，思想活跃，有激情； 2、从事数据分析工作两年或以上，有互联网行业工作经验者优先；3、较强的数据逻辑分析能力，对数字敏感；4、WORD及EXCLE操作熟练（基本应掌握操作：表格设计；数据透视表，数据曲线图柱状图设计；VLOOKUUP，IF，SUMIF，COUNTIF，RANK等函数应用）；5、良好的沟通能力及团队合作精神；6、会使用PS,XMIND，流程图等较复杂办公软件。",5,7,6.0,移动互联网,数据分析
数据分析专家,25k-50k,华为技术有限公司,"移动互联网,企业服务",2000人以上,不需要融资,北京,经验5-10年,本科及以上,全职,"职位描述
        职位描述：
1.       根据企业业务需求进行分析，并设计面向业务问题的分析解决方案；
2.       进行可视化数据模型的建立，并形成相应的数据分析报告；
3.       调研数据需求，进行数据分析主题、数据维度、分析指标等数据体系工作；
4.       参与数据分析产品的解决方案/产品规划/方案设计工作；
职位要求：
1.       5年以上数据分析经验；
2.       熟练掌握数据统计学、数据挖掘知识；
3.       熟练掌握至少一种分析工具：R/SAS/SPSS等；
4.       熟悉运用SQL，掌握至少一种脚本语言Python
5.       计算机、大数据相关专业",25,50,37.5,移动互联网,数据分析
数据分析（实习生）,2k-3k,e田科技,"移动互联网,电子商务",150-500人,未融资,潍坊,经验不限,本科及以上,实习,"职位描述
        岗位职责：
1）负责数据统计，挖掘价值信息；
2）负责行业、用户等数据信息分析，为业务运营提供支持；
3）协助利用大数据相关技术对数据分析提供支持；
4）协助数据展现设计与开发。
任职要求：
1）大学本科及以上学历，应届毕业生及大三大四在校生可投，计算机软件、信息技术、统计学等相关专业优先；
2）熟练操作word、excel等办公软件，熟练运用SQL，熟悉常用的数据分析工具；
3）良好的数据敏感度，有较好的逻辑分析和数据分析能力；
4）责任心强、工作严谨认真。",2,3,2.5,移动互联网,数据分析
商业数据分析,10k-20k,小沃科技,"移动互联网,游戏",150-500人,不需要融资,上海,经验5-10年,本科及以上,全职,"职位描述
        1.深度挖掘自有平台/产品或联运产品的运营数据，制定产品优化与运营推广策略，能够显著改善平台资源使用结构提升业务收入规模；
2.全面掌握分析市场数据信息，通过渠道推广数据效果制定并优化渠道推广策略，提升自有平台用户新增规模；
3.分析广告平台推广效率，根据不同广告客户指导优化投放策略，提升各级媒体资源使用效率与广告收入变现规模。

学历&amp;教育：
本科及以上学历

知识&amp;能力：
掌握数据源、海量数据处理和挖掘的基本算法
对数字敏感，有缜密的分析、总结能力
熟悉移动互联网业务和行业发展特点、趋势

相关工作经验：
具有5年以上互联网或电信行业相关数据分析经历",10,20,15.0,移动互联网,数据分析
商业数据分析,4k-6k,乐信付,"移动互联网,金融",150-500人,A轮,杭州,经验1-3年,大专及以上,全职,"职位描述
        1、对公司发展方向和技术部研发的产品及项目业务需求进行深入了解，需对技术研发的产品使用的计算机编程语言，数据库、框架、业务模型等有简单了解；
2、需学习了解三方公司申请的商务流程知识，审批规则，业务场景等规则，根据公司开发出的产品和应用方向，针对用户的需求为用户配置相应的接入场景提供专业的商务服务；
3、谈判、合同及协议的起草、处理合作单位的一般合同时间的请求，日常商务工作的处理；
4、处理用户在三方公司需提交的商务申报流程；
5、参与技术部的对接工作；
6、协调公司内部资源，了解、跟踪和反馈客户需求；
7、手机行业的市场信息并进行分析整理；
岗位要求：
1、专科以上学历，计算机、电子、英语及相关专业毕业者优先，对互联网有深入了解；
2、有从事销售相关工作经验者有限，有良好的亲和力和沟通协调能力，具有优秀的综合分析能力及观察发现意识；
3、正直、坦诚、成熟、豁达、自信；
4、熟悉office等常用办公软件的操作等；
5、具备良好的职业道德和团队精神，能承受工作压力，具备良好的职场心理素质。",4,6,5.0,移动互联网,数据分析
商业数据分析,6k-8k,深海餐饮集团,生活服务,2000人以上,未融资,苏州,经验不限,大专及以上,全职,"职位描述
        岗位职责：
1、负责建立运营分析体系，并不断完善；
2、分析公司运营情况，制作运营报告，帮助公司及时准确掌握运营状况；
3、深入理解公司战略，通过数据挖掘和分析，为公司管理层提供决策支持；
4、深入业务，理解业务运作逻辑，利用数据分析手段，发现及业务瓶颈并提出行动建议；
任职要求：

1、大专及本科学历以上，信息技术、电子商务、市场营销等相关专业； 2、1年以上数据分析工作，熟悉天猫店铺运作模式； 3、为人和善，思路清晰，总结能力强，熟练使用办公类软件；
4、有创新意识，并具备良好的学习能力、团队合作精神、沟通能力和组织协调能力；
5、有电商数据分析经验优先。",6,8,7.0,生活服务,数据分析
商业数据分析,6k-8k,国广东方网络（北京）有限公司,"移动互联网,文化娱乐",150-500人,B轮,北京,经验3-5年,本科及以上,全职,"职位描述
        岗位职责：
1、全面负责用户消费行为调研分析；
2、搭建并不断优化计费产品体系，结合用户、营销和内容等方面的需求，制定计费产品使用策略；
3、及时有效地监控运营数据：包括但不局限于营销数据、交易数据、商品管理、商品管理的把控等；
4、通过综合运用各种运营策略，优化用户使用体验，提升黏度，提高用户注册率及购买转化率；
5、负责公司客户端及各合作伙伴的定期对账工作；
6、公司内部其他业务部门的支持工作；

任职要求：
1、3年以上网站及移动端运营从业经验者优先；
2、本科以上学历，金融、经济管理等相关专业者优先；
3、对收入数据具有高度敏感性，能依据数据变化作出快速判断及响应，不断改进计费策略和用户体验。
4、良好的团队合作精神与沟通协调能力，良好的理解力和总结分析问题的能力。
5、有较强的逻辑思维能力。
6、热爱移动互联网，有创业激情。",6,8,7.0,移动互联网,数据分析
数据分析专员,7k-9k,信用家,"金融,数据服务",150-500人,未融资,深圳,经验1-3年,本科及以上,全职,"职位描述
        岗位职责：1.支持公司全面风险管理体系的建设，研究分析各地的风险类别、指标并定期更新指标需求；2.通过产品表现的数据监控和分析支持产品改进及新产品的探索；3.实时跟踪公司贷款业务的数据变化，为公司运营决策、产品方向、信贷策略提供数据支持和方案； 4.协助完成公司风险控制模型的研究与开发，测试和实施；5.应用先进的统计模型、数据挖掘、机器学习方法建立数据模型解决实际问题，并研发创新方法以解决研究项目的个性化要求。

岗位要求： 1.统招本科及以上学历，数学、统计学、计量经济学、运筹学等相关专业；2.熟练掌握多种统计和挖掘方法，熟练使用SPSS、SAS等相关数据分析软件； 3.较强的数据敏感度，逻辑分析能力和文档写作能力；4.三年以上相关工作经验。",7,9,8.0,金融,数据分析
商业数据分析,25k-36k,日砾科技,"电子商务,企业服务",50-150人,未融资,上海,经验5-10年,本科及以上,全职,"职位描述
        【市场方面】
1. 深入行业研究、洞察目标行业需求，探索具有行业特点的数据分析模型与框架；
2. 分析电商消费者购物行为习惯和心理需求驱动，出具分析报告，建立不同客户类型识别机制和营销模块；
3. 主要竞争对手及行业的数据分析和评估；
4. 定期针对电商市场推广效果进行跟踪、数据分析和评估，并提出改进方案。
 【运营方面】
1. 负责各销售平台的品类运营分析及营销活动效果分析，根据数据分析结果提出改进优化建议；
2. 建立和完善品类管理及运营日常数据报表体系，为日常运营提供数据支持及积累。
 
职位要求：
1. 5年以上互联网市场行业数据分析相关岗位的工作经验；
2. 具备较强的逻辑分析和数据分析能力，精通Excel 和 PowerPoint；
3. 有较强的创新思维和沟通能力，同时具备较强的归纳能力与表达能力；
4. 互联网行业数据挖掘分析经验或实际商务智能（BI）应用者优先，咨询行业背景优先。
 ",25,36,30.5,电子商务,数据分析
商业数据分析,15k-30k,APUS Group,移动互联网,50-150人,B轮,北京,经验1-3年,学历不限,全职,"职位描述
        岗位职责：
1.负责统计数据的设计、采集与整理，形成数据报表；2.负责数据分析，以支持产品、运营、商务、渠道决策；3.负责数据挖掘，从数据中发现问题、发掘知识，影响长期的产品策略；4.负责设计、维护数据平台。任职要求：1.本科及以上学历，数学、统计学等相关专业学历背景；2.熟练使用至少一种数据分析工具（R、excel、spss、sas等），熟练使用至少一种数据库（mysql、hive），
3.优秀的数据建模能力，能把应用问题转化为数据问题，能把数据分析的结果转化为应用语言；4.对移动互联网产品有足够的兴趣，喜欢动手，能够用专业工具解决实际问题；5.能快速理解业务，发掘业务细节和数据之间的联系；6.追求工作结果的准确、过程的效率，专业和严谨的工作态度。",15,30,22.5,移动互联网,数据分析
商业数据分析,3k-5k,荣德建材,"电子商务,其他",50-150人,未融资,福州,经验3-5年,大专及以上,全职,"职位描述
        岗位描述：
      1、协助经理制订市场发展计划并负责各类专项调研的组织和执行;
       2、负责与各主流调研机构的沟通，并根据原始数据和经理的要求输出各类分析报告;
      3、结合各方面意见形成信调报告的评估文档，作出相应总结分析，并形成经验积累;
　　4、负责市场活动、服务或信息经销商的统一数据评估和分析;
       5、完成相关统计分析或进度报表;
    　6、收集竞争对手或产品的各种信息，如策略、活动、推广资料等，负责进行市场调研。
 任职资格：
        1、市场营销管理类或相关专业本科以上学历;
        2、具有营销行业的从业背景，有专业从事市场调研工作两年以上经验者优先;
       3、熟悉产品结构调整与产品运作操作，具有发散性思维和创新意识;
       4、善于思考，具备良好的应变能力、沟通协调能力和文字组织能力;
       5、具有敏锐的洞察力和一定的分析判断能力;
 　   6、积极主动，性格开朗，能够建立较为广泛的行业内人脉关系。",3,5,4.0,电子商务,数据分析
数据分析专员,6k-8k,星美集团,"移动互联网,O2O",2000人以上,上市公司,深圳,经验不限,大专及以上,全职,"职位描述
        岗位职责：
1、全面理解业务，跟踪产品与用户，收集、挖掘相关运营数据；2、对运营数据进行分析，编汇运营数据报表；3、对关键问题进行数据调研，输出有价值的分析报告，用数据支持运营、产品、市场决策；4、为业务部门提供报表进行效果跟踪，检查日常数据是否异常；5、完成业务部门数据分析需求的调研、分析及实现。

任职要求：
1、专科以上学历，计算机、统计、数学或金融类专业优先；2、2年以上数据分析工作经验，有通讯行业的工作经历优先；3、基本知识扎实，具有数据分析能力，数据敏感，优秀的沟通协作能力。",6,8,7.0,移动互联网,数据分析
数据分析专员,4k-6k,Game Hollywood,"移动互联网,游戏",150-500人,不需要融资,广州,经验1-3年,大专及以上,全职,"职位描述
        岗位职责：
1、 制作与维护游戏日报、周报、月报等各项日常数据报表，对游戏健康度进行监控；
2、 通过数据表现，迅速定位问题所在，并联动相关部门讨论解决方案，方案执行效果跟进等；
3、 了解市场广告投放数据，不断优化推广效果评估模板，提高投放精准度，降低投放成本；
开展数据挖掘与数学建模专题项目（如用户流失分析、付费用户行为分析），提出改进方案，推进方案落实，提高用户满意度和忠诚度.
 
任职要求：
1、 统计学，应用数据，数理分析，数据挖掘相关专业大专以上学历，具有扎实的统计学基础；
2、 熟悉Office工具（Excel、Word、PPT为主），熟练使用SPSS统计分析软件（必需）；R软件
3、 懂简单数据库SQL查询语句（非必需）；
4、 有良好的沟通表达能力、结果推动能力、团队协作能力；
1年以上从事游戏数据分析工作优先考虑，也欢迎优秀应届毕业生前来应聘.",4,6,5.0,移动互联网,数据分析
数据分析实习生,3k-6k,ENJOY,"移动互联网,社交网络",150-500人,C轮,北京,经验应届毕业生,本科及以上,实习,"职位描述
        岗位职责：
1、执行数据监控，识别数据的异常波动，分析异常原因
2、为业务分析和总结提供数据支持
3、根据业务需求，执行需求分析、脚本开发和数据报表的持续优化
任职要求：
1、具有互联网行业数据库分析、数据挖掘、数据统计相关工作经验
2、熟练使用SQL, R、SPSS等挖掘工具，有大数据工具(Hadoop, Hive)和数据建模经验者优先
3、对数据敏感，思维逻辑清晰，具有良好的分析报告书写能力，统计学、应用数学相关专业优先
4、执行力强，抗压能力强，情绪稳定",3,6,4.5,移动互联网,数据分析
数据分析专员,10k-15k,19e,电子商务,2000人以上,B轮,北京,经验1-3年,大专及以上,全职,"职位描述
        岗位职责：
1、与运营、市场、风控、客服等部门沟通协作、定制分析方向、数据建模；
2、对现有用户行为数据进行有效挖掘，获取有价值的规则；
3、建立业务运营分析模型，对业务进行趋势预测以及风险分析；
4、风控监测指标体系的制定，对风险交易进行监测、预警；
5、独立撰写相关数据分析报告；职位要求：
1、本科及以上学历，统计学、应用数学、计算机等专业优先；2、熟悉关系型数据库,熟悉SQL脚本语言，熟练使用excel、脚本或数据分析工具；
3、有数据挖掘经验，熟悉数据挖掘工具应用（SPSS/SAS/R语言）及算法者优先；4、具备较强的PPT制作能力，善于沟通、团队意识强；
5、有互联网/移动互联网行业业务分析经验者优先。 
福利：七险一金+住宿+班车+体检+健身俱乐部+绩效+各种生日会+。。。。
工作地点：上地
速度的面试过程、轻松的工作氛围、nice的领导、大把的晋升机会，还等什么，赶紧投递简历吧

工作地址
北京市海淀区农大南路88号万霖大厦2层",10,15,12.5,电子商务,数据分析
数据分析专家,15k-25k,优酷,"移动互联网,文化娱乐",2000人以上,上市公司,北京,经验1-3年,硕士及以上,全职,"职位描述
        职位描述：
1.负责数字内容和用户的数据分析工作，挖掘需求并制定分析方案，包括数据仓库、报表、建模等；
2.深入了解会员业务，持续完善数据的分析、监控体系，并能提供专业的分析报告；
3.对内容和用户数据进行分析和挖掘，为产品和运营平台提供数据支撑；
职位要求：
1.硕士以上学历，统计学、数据挖掘、机器学习的相关理论基础扎实；
2.一年以上的海量数据处理工作经验，熟悉Hadoop、Hive、Storm等大数据存储和分析平台；
3.对数据有敏锐的观察力，较强的数据挖掘、分析和建模能力；
4.有互联网行业数据分析经验优先；
5.较强的沟通能力和自主学习能力，具备团队合作精神。",15,25,20.0,移动互联网,数据分析
商业数据分析,2k-3k,CIC,"社交网络,广告营销",50-150人,上市公司,上海,经验不限,本科及以上,实习,"职位描述
        Company: Kantar Media CICDepartment: Research &amp; Consulting Position: InternshipSalary: ￥120/DayYou will be responsible for: • Data processing: Comb mega data equity from social media, e-commerce and other digital substances.• Project: Support qualitative and quantitative projects with ensured quality.• Prestudy research: Help to orchestrate background research, i.e., competitor case study, analysis of digital prospects.We hope you are:• Undergraduates, preferably majored in Marketing/ Media/ Communications • Basic understanding of social media/e-commerce /mobile landscape in China • Experience/Knowledge in following industries would be preferred: FMCG, advertising, finance, economics and statistics; relevance in other industries is also welcome. Basic knowledge in marketing and research methodology is preferred.• Good verbal and written English • Hands-on skills of Office Excel &amp; PPT • 4-5 working days/week  ",2,3,2.5,社交网络,数据分析
商业数据分析,3k-4k,伍创电商,"移动互联网,电子商务",15-50人,A轮,天津,经验1-3年,本科及以上,全职,"职位描述
        岗位职责：
1.负责业务部门相关数据分析需求；
2.沟通跟进相关业务变动情况，并提出改进方案；
3.监控日常业务运营情况，及时发现异常给出合理建议；
4.各类运营报表制作等；
5.充分发挥对数据的敏感性，给运营提供有价值的分析支持等。

任职要求：
1.本科及以上学历，专业不限，计算机，数学，统计等相关专业优先考虑；
2.熟练使用office办公软件，尤其要擅长Excel；
3.良好的数据分析和应用能力，创新意识强，有见解，善于归纳总结；
4.较强的数据敏感性和沟通表达能力；
5.有良好的团队合作和自我激励精神；
6.有一定的抗压能力",3,4,3.5,移动互联网,数据分析
商业数据分析,10k-20k,车领科技,移动互联网,15-50人,上市公司,北京,经验3-5年,本科及以上,全职,"职位描述
        职责描述：
1.     市场产品信息收集、整理、跟踪及分析；
2.     公司业务和产品相关市场报告和用户调研报告的收集、整理，并定期更新；
3.     收集竞争对手信息，完成竞争分析报告；
4.     根据公司业务发展需求，独立或team work撰写业务相关市场及战略研究报告，为公司市场决策、产品研发、销售策略提供战略性支持；
5.     建立相关业务和产品的市场数据库，进行数据统计和分析，为业务和产品的决策定、定位及发展路径提供依据；
6.     其他内部日常研究分析工作；
 
任职要求：
1.     具备移动互联网行业或车联网产品分析经验及市场调研相关经验；
2.     具备移动互联网产品或车联网产品的项目实施经验；
3.     具备良好的沟通能力和团队合作精神；
4.     具备良好的逻辑思维能力和归纳能力；
5.     具备洞察市场和行业发展趋势及最终用户需求的能力；
6.     具备良好的学习能力，能快速接受新技术和新知识；
7.     具备良好的文档撰写能力，熟练使用MS Office办公软件，如Power Point、Word、Excel等；
8.     大学英语六级，英文听、说、读、写流利；",10,20,15.0,移动互联网,数据分析
数据分析实习生,2k-3k,QM,"移动互联网,数据服务",15-50人,A轮,北京,经验不限,大专及以上,实习,"职位描述
        主要工作职能：
1、定期完成APP分拣工作；
2、协助数据分析师进行数据整理工作；
3、 协助数据分析师进行数据审核工作。
任职要求： 
1. 专业不限，大专以上的学历；
2. 工作细心，有耐心，良好的沟通能力；
时间要求：
实习时间6个月以上,  每周工作至少4天。",2,3,2.5,移动互联网,数据分析
商业数据分析,15k-20k,车易拍,电子商务,500-2000人,D轮及以上,北京,经验5-10年,本科及以上,全职,"职位描述
        岗位职责：
1. 对公司主要运营数据进行整理和多维度分析，为产品、运营、市场提供基于数据的策略意见和支持
2. 通过数据监控快速精准的发现问题，结合数据进行深入的商业分析,为管理层和业务部门提供有效的建议和管理抓手
3. 根据业务和产品的需求，开展市场调研工作，为公司的业务决策和产品设计提供支持
4. 通过市场调研和业务分析，协助进行运营策略和产品策略的制定
5. 定期撰写外部市场和竞品的分析报告
 
任职要求：
1. 本科以上学历，专业不限，统计学、数学、汽车专业优先
2. 5年以上工作经验，有商业分析、市场调研分析等工作经验；咨询公司、汽车行业或电商工作经验者优先
3. 优秀的语言表达能力和协调能力，团队协作能力强
4. 良好的人际关系处理能力
5. 可以短期加班和出差，有较好的抗压能力
6. 精通EXCEL和PPT等office软件",15,20,17.5,电子商务,数据分析
产品研发数据分析,4k-8k,和购家具,电子商务,150-500人,未融资,佛山,经验1-3年,大专及以上,全职,"职位描述
        岗位职责：
从各个渠道研究同行热卖商品，研究本店产品与竞品关系，给产品研发部提供数据支撑，可行性报告。

福利待遇：
1、公司免费包食住,每月300元伙食补贴，宿舍2-4人/间房，有空调、热水器、洗衣机，环境舒适、优美。
2、具有竞争力的基本薪资：无责任岗位基本工资+绩效工资+年度奖金+活动奖励+节日福利+差旅费补贴。
3、公司具有良好的培训体系，公平的晋升空间。
4、国家法定节假日（元旦、五一、国庆、春节、中秋、三八妇女节等）。
5、每年有团体旅游、丰富多彩的团队活动、公司内设健身室、休闲室等。
6、月休四天，可自主调休。",4,8,6.0,电子商务,数据分析
数据分析专家,30k-40k,阿里巴巴集团,电子商务,2000人以上,上市公司,杭州,经验3-5年,本科及以上,全职,"职位描述
        职位描述： 
1、通过对业务的深入了解，构建完善的客户体验相关的业务监测体系，能够有效地披露业务进展与风险； 
2、从市场环境与客户体验出发，分析洞察影响客户体验的各类问题，提出有价值的潜在业务机会，辅助业务决策； 
3、独立承担复杂分析任务，擅于运用各类数据分析专业技术，实施深度数据诊断，并能总结沉淀关键分析思路，推动产品化进程； 
4、积极进行跨部门沟通与协作，主动推动业务发展和体验改善
岗位要求 1、统计、数学、信息技术、生物统计、计算机本科及以上学历；三年及以上相关工作经历 
2、掌握SQL等相关代码编写；熟悉常用算法模型，如聚类、关联和分类等；熟练操作Excel、SAS/SPSS/R等工具； 
3、有丰富的数据分析、挖掘经验，有成熟的问题分析方法论，并能灵活运用于实践，有独立编写商家分析报告的经验 
4、拥有出色的沟通能力和团队协作能力，强烈的责任心，乐于主动推进解决各种难题 
5、有用户体验分析经验者优先",30,40,35.0,电子商务,数据分析
商业数据分析,4k-6k,HCR,"企业服务,数据服务",500-2000人,上市公司,上海,经验应届毕业生,本科及以上,全职,"职位描述
        1、 全面参与项目过程，协助研究经理承担市场研究项目工作； 2、 能独立完成项目资料搜集、信息整合、数据处理分析等工作； 3、 在研究经理指导下，能完成项目调研访谈、报告撰写等工作； 4、 在研究经理指导下，能与客户进行日常沟通和交流； 5、 其他领导交办工作以及部分部门助理职务。 任职要求： 1、 本科及以上学历，在读学生，大三或者研一优先 2、 经济学、管理学、市场营销、统计学等相关专业背景； 3、 熟悉市场研究流程和统计分析方法，能熟练使用SPSS或Excel软件进行统计相关分析； 4、 熟练使用Windows Office下的各种工具，有较好的文字、数据、图表呈现能力； 5、 具有服务精神、吃苦耐劳精神、团队合作精神； 6、一周起码能够实习三天以上

毕业后可留用/今年毕业的应届生亦可",4,6,5.0,企业服务,数据分析
高级数据分析顾问,20k-30k,美团点评,"移动互联网,O2O",2000人以上,D轮及以上,北京,经验3-5年,本科及以上,全职,"职位描述
        【主要职能】
1.外部市场调研
2.行业竞争对手及格局调研
3.客户需求采集及梳理
4.独立子公司财务模型预测

【任职要求】
1. 5年以上咨询公司就职经验优先
2. TMT行业经验，尤其是云计算、大数据行业经验优先
3. 扎实的财务知识、数据建模能力
 
【美团云】
美团云（MOS）是美团推出的公有云平台，致力于为千万用户提供最稳定、最靠谱的基础设施云服务及大数据解决方案。
美团云平台基于美团自身需求孕育而生，伴随美团各大事业群一同成长，是美团千亿业务的稳定支撑。2013年5月，美团云正式对外开放计算资源。同年7月，美团四大业务全面上云。2015年3月，美团云获得IDC牌照，并开放首个高品质自建机房。7月，美团云正式通过可信云服务认证，独揽“电商云服务奖”。在2015年Cloud China云计算大会上，美团云获得年度“云计算十大最具成长力企业”奖。2016年1月，美团云通过公安部信息安全等级保护三级认证。
作为自研的IAAS平台，美团云采用松耦合组件化的分布式架构，一套云平台代码同时支持运行私有云、测试云和公有云，能同时满足企业的业务需求和研发需求；上万台宿主机统一于一个平台管理，实现分钟级别的云资源交付；使用可见性隔离虚拟机技术，避免使用过程中的软件冲突、管理维护冲突等问题；面对CPU、内存、存储空间、io能力的利用率低问题，多元化业务分时复用资源将资源利用率提高了10倍；采用单实例的资源分配与回收，解决了资源回收难、业务淡出、不能整合及混布其他应用等问题；可帮助企业建立分业务的精细计量模型，精确计算运营成本资源的使用，提高企业运营效率。
目前，美团云已吸引包括互联网初创团队、在线教育企业、电商企业、车联网企业、游戏团队以及有影响力的科技媒体等超过20,000家用户落户。",20,30,25.0,移动互联网,数据分析
数据分析(001888),2k-4k,美菜网,"电子商务,O2O",2000人以上,C轮,北京,经验1-3年,大专及以上,全职,"职位描述
        岗位职责:岗位职责：1、根据数据分析方案进行数据分析，在既定时间内提交给上级领导；2、能进行较高级的数据统计分析，形成报告；3、协助质控分析问题，解决问题，提供数据支持4、完成领导安排的其他事宜；
任职资格:任职要求：1、知识/经验：具有数理统计，经济学，数据库原理以及相关知识；2、能熟练使用EXCLE、SPSS、QUANVERT、SAS等统计软件。3、工作能力： 严谨的逻辑思维能力、学习能力、言语表达能力、管理能力4、工作态度：积极主动、工作认真、工作严谨5、有文案功底，撰写报告等。",2,4,3.0,电子商务,数据分析
广告数据分析专员,3k-6k,腾云宝,"电子商务,O2O",150-500人,不需要融资,福州,经验1-3年,大专及以上,全职,"职位描述
        岗位职责： 1、监控实时广告数据，并作分析、统计；
2、协助整理广告素材，并对当中存在的问题进行修正；
3、对广告数据进行整理、分析，并提供推广建议；
4、定期收集和分析运营数据。
 
岗位要求：
1、非常熟练的运用Excel和Powerpoint，尤其是Excel；
2、具有很好的数据分析能力，能从数据中分析出合理的原因；
3、熟悉常用的互联网广告营销分析方法，了解网站分析的基本方法，以及地推的广告业务模式；
4、工作责任心强，具有良好的沟通及协调能力，富有创新精神和团队合作精神；
5、有主动学习的能力和精神，能够承受高强度的工作压力；
6、有广告公司工作经验优先考虑。",3,6,4.5,电子商务,数据分析
商业数据分析,10k-19k,京东,"移动互联网,电子商务",2000人以上,上市公司,北京,经验1-3年,本科及以上,全职,"职位描述
        1、 负责核对、整理运营数据，对数据波动予以总结归纳，对数据异常及时预警；
2、 完成定期报告和专题报告，包括变化原因分析、趋势监测等周、月、季、半年度、年度等总结类数据的输出；
3、 善于分析数据，通过分析业务数据趋势，挖掘业务规律和问题，给出专业结论与建议，能够根据分析结果撰写分析报告；
4、 完成上级领导交代的其他工作；
任职要求：
1、 三年以上大型互联网公司数据分析工作经验优先；
2、 熟练使用Office办公软件（Excel、PPT、Word），熟练掌握SQL提数者优先考虑；
3、 具有较强的思维逻辑能力，抗压能力，数据分析能力，信息采集、整理和归纳能力；
4、 擅长与内部及外部合作团队交流沟通，有良好的表达能力及沟通能力；",10,19,14.5,移动互联网,数据分析
数据分析实习生,2k-3k,饿了么,移动互联网,2000人以上,D轮及以上,上海,经验不限,本科及以上,实习,"职位描述
        主要职责：
1、协助进行海量数据的提炼、分析，探寻用户行为等特征，完成分析报告；
2、协助挖掘数据背后的市场方向、规律、短板，为业务提供决策依据；
3、针对具体的业务事件，研究业务开拓中的局限性或亮点，进行数据分析并提出优化方案或提炼可复制的模板；
4、满足业务方对数据的各类获取、过滤、分析等需求；
任职要求：

 本科及以上学历（在读），一周至少保证3日实习；
 对数据敏感，对数据应用有浓厚的兴趣；
 学习能力强，能快速理解业务形态与数据结构；
 有较强的人际沟通、协调能力，具备与相关人员梳理、沟通、转化数据需求的能力；
 熟练使用sql、excel；",2,3,2.5,移动互联网,数据分析
数据分析/数据运营,8k-12k,惠装网,"移动互联网,O2O",150-500人,A轮,北京,经验3-5年,大专及以上,全职,"职位描述
        岗位职责：
1.负责日常运营基础数据的统计分析，报告编制；
2.及时响应运营和产品的数据统计分析需求，提供恰当的解读分析，提供固定数据报表，并对数据进行详细阐述分析，为运营决策，提供数据支持。如数据有异常，能及时发现并联系相关部门解决；
3.收集部门内部以及各部门的数据需求，归纳提炼出数据统计需求，进行讨论确定数据立项，并负责推动产品及技术进行需求实现；
4.数据统计系统优化，根据发展重点、策略的调整，适时提出数据统计系统的优化需求并跟踪实现；
5.对开发中广告产品通过数据挖掘进行分析、建模和模型效果验证，通过和数据分析团队分工合作，增加数据模型效果对商务和相关产品的贡献。 

任职要求：
1.统招本科以上学历，全日制统计学、数学或理工类大学本科及以上学历优先考虑；
2.3以上互联网业务数据分析经验，精通互联网特别是电商相关的数据指标、数据量化方法，有GA、Omniture等网站分析软件使用经验的优先考虑；
3.逻辑能力强，有极强的数据敏感度与数据分析能力；
4.熟练使用Excel，SQL，SPSS／SAS，Powerpoint等工具；
5.责任心强，能承受较大的工作压力，具有较强的团队合作精神。",8,12,10.0,移动互联网,数据分析
商业数据分析,6k-8k,世纪星体育,"教育,其他",150-500人,不需要融资,北京,经验1-3年,本科及以上,全职,"职位描述
        工作职责
1、 根据公司和部门发展要求设计和实施数据分析项目，建立分析模型，为市场工作提供指导；
2、 实时监测市场动态，了解不同市场发展状况，为分类市场动作提供指导；
 3、数据分析：根据平台不同模式对销售日、周、月数据进行收集、整理并以报告形式进行深度分析，提供有建设性、前瞻性的运营分析报告，为运营决策、活动策划、产品推广等方面提供数据需求； 4、后台系统搭建及维护：对网络运营后台系统商品属性搭建，并对商品实际存在属性做调整；与技术部门对接维护后台系统需求； 3、数据管理库的应用及分析：在系统中对注册用户及用户购买方向作分析，并对用户的购买分析有针对性建议商品分类及SKU来提高商品转化率；
 
岗位要求
1、 本科及以上学历，统计学、数学、计算机等专业优先，如具备咨询调研背景可考虑社会学、心理学、市场营销等专业；
2、 一年以上工作经验，要求具备咨询调研、互联网数据或产品岗位任一工作背景；
3、 熟悉数据库、掌握常用统计软件，有海量数据分析经验
4、 逻辑缜密，思维敏捷，良好的数据报告撰写能力；
5、 能够快速响应工作，良好的执行和工作推进能力",6,8,7.0,教育,数据分析
商业数据分析,15k-25k,陌陌,社交网络,150-500人,上市公司,北京,经验1-3年,本科及以上,全职,"职位描述
        岗位要求：
1、负责社交的市场趋势与竞品的监控、洞察；
2、社交新品类新模式的研究跟踪、外部合作与落地推动；
3、参与陌陌相关战略规划、分析；  
4、基于业务，持续支持战略落地，推进跨部门协作及常规数据分析。
岗位要求:
1、MBA或硕士以上学历，计算机或经济背景相关专业，1年以上知名咨询公司或互联网公司战略规划经验；
2、优秀的结构化分析与逻辑化表达能力、开放式沟通能力、协调推进能力。
3、优秀的外部research、数据获取与分析能力。
4、优秀的PPT呈现能力及Excel建模技能，具备数据库技能优先。",15,25,20.0,社交网络,数据分析
数据分析挖掘工程师,10k-20k,中地控股,"移动互联网,金融",500-2000人,不需要融资,南京,经验3-5年,本科及以上,全职,"职位描述
        岗位职责：
1、应用分析建模、机器学习、文本挖掘等技术，对大规模数据进行挖掘分析，发现其潜在关系，指导业务发展；
2、负责对海量数据、分析挖掘、挖掘产品以及用户潜在信息、为信审、风控及决策提供业务分析及数据支持。
3、和团队成员共同完成数据分析报告、以及进行相应的业务实现。 

岗位要求：
1、本科及以上学历，数学、统计、计算机等相关专业；
2、有金融、信贷、风控分析领域工作经验、有统计建模机器学习或数据挖掘应用的项目经验。
3、数据敏感，具备良好的逻辑思维能力，能够从海量数据中发现有价值的规律；
4、熟悉SQL语言，熟练使用R、Python、Spark Mlib或SAS中的一门或多门语言进行数据分析数据挖掘以及建模和算法开发优化
6. 参与项目的需求讨论和设计，分析评估产品及业务需求，参与研究设计相应数据挖掘方案及算法。
7. 熟悉hadoop为架构的大数据家族成员。
8、有责任心，良好的团队合作精神，积极上进，具备良好的学习能力。",10,20,15.0,移动互联网,算法/挖掘
商业数据分析,6k-8k,北京云帆 加速,"数据服务,企业服务",150-500人,A轮,北京,经验1-3年,学历不限,全职,"职位描述
        岗位：市场专员
工作职责：
1、对CDN行业、视频行业市场分析，客户分析，竞争对手动态跟踪；
2、客户痛点挖掘，联合项目部、技术等部门有针对性输出公司产品文案；
3、负责公司市场资料的制作更新（PPT，宣传册，易拉宝等）
4、协助举办线下沙龙、参与行业会议等。
 
 
任职要求：
2年以上工作经验，CDN、数据调研、市场营销专业优先考虑
能熟练使用各种办公软件，PPT高手、能使用Photoshop加分
具有市场敏感度，迅速抓取市场相关信息
 ",6,8,7.0,数据服务,数据分析
教育产品—数据分析,9k-12k,科大讯飞,"移动互联网,数据服务",2000人以上,上市公司,合肥,经验1-3年,大专及以上,全职,"职位描述
        1、负责NOSQL数据库和分布式数据库模型分析与设计； 2、参与产品设计，指导开发工程师，保障大数据平台功能研发、系统稳定； 3、参与项目需求分析、设计评审、关键项目实施决策等； 4、在部门层面推动整体技术水平的提升、引导与分享； 5、对前瞻性技术进行研究并形成成果。

任职要求：
1、大专及以上学历，计算机，数学，统计等专业毕业；2年以上相关岗位经验；   2、具有NOSQL数据库设计、建模、开发经验；具备数据分析和挖掘系统体系架构的规划能力；  3、熟悉分布式计算的设计，熟悉Spark，HadoopMR或其他分布式数据处理技术，并有过至少1个大型项目的实战经验；  4、熟悉HBase、Hive、Solr、ElasticSearch、impala、mdrill等2中以上技术，并有过1个大型项目的实战经验；   5、熟悉JAVA或Python等开发语言，有并发应用或者分布式应用软件开发经验；    6、精通MySQL或Oracle等关系型数据库，能熟练使用3NF和多维数据模型设计；    7、善于多团队合作并形成结果，并具备从全局思考问题的习惯；    8、能独立完成规划，实施，和实现结果。    9、有优秀的沟通、口头及文字表达能力；责任心强，具有团队协作精神、良好的学习能力，善于总结及归纳，工作积极主动具有创新精神。   ",9,12,10.5,移动互联网,数据分析
移动-数据分析,7k-12k,法本,企业服务,2000人以上,上市公司,深圳,经验1-3年,大专及以上,全职,"职位描述
        岗位职责：负责移动网络数据的需求调研、数据分析、商业分析和数据挖掘模型等，通过对用户的行为进行分析了解用户的需求，及业务部门临时数据分析需求的调研、分析及实现。 任职要求：1、具备商业分析/数据仓库/数据挖掘等3年以上相关项目经验；2、熟悉运营商网络数据；3、精通oracle数据库/数据仓库，精通数据库开发（如，SQL、存储过程）4、精通一种主流程序开发语言（如C++、Java等）5、熟练掌握多种统计和挖掘方法，熟练使用SPSS、SAS等相关数据分析软件； 6、具有大学本科或以上学历。计算机/信息管理/通信/管理科学/数学等相关专业优先；具有电信、金融、互联网、移动互联网产品行业背景者优先； 综合素质：1、较强的数据敏感度，逻辑分析能力和文档写作能力；2、有良好的沟通协作能力和合作意识，思维缜密，原则性强；3、团队意识强，主观能动性强，具备独立分析解决问题的能力",7,12,9.5,企业服务,数据分析
运营数据分析,8k-15k,兑吧,移动互联网,150-500人,A轮,杭州,经验1-3年,本科及以上,全职,"职位描述
        岗位职责：
 1、对部门运营数据进行监控和分析，对用户行为进行分析，为业务运营，拓展和支撑提供洞察和决策支持；
 2、协助优化师在平台广告系统中进行广告定向投放， 并通过数据分析追踪广告投放效果，推动特定广告行业的效果优化；
 3、在平台流量、数据分析的基础上，分析点击转化、提升效果，保障互动式广告效果的最大化。
任职要求：
1、本科以上学历，数学、统计学、计算机等相关专业；
2、两年数据运营分析相关工作经验，懂得流量变现；
3、商业敏感性强，具备良好的业务分析判断能力；
4、自主活跃，认真严谨，良好的沟通能力。",8,15,11.5,移动互联网,数据分析
数据分析（营销）,8k-16k,汽车之家,"移动互联网,文化娱乐",2000人以上,上市公司,北京,经验1-3年,本科及以上,全职,"职位描述
        工作职责：
1、负责分析汽车厂商端业务数据，进行数据挖掘，负责专项数据的业务逻辑分析及相关产品开发，
支持区域业务开展；
2、根据业务数据分析的结果为依据，与策划\销售端协作，制定方案的营销策略；
3、数据挖掘体系和数据平台优化，为数据方案的实施提供便捷的工具和系统支持；
4、追踪厂商/区域业务动态，建立监测预警体系。
 
任职资格：
1、2年以上数据库分析，数据挖掘、数据统计等相关工作，有互联网行业数据分析经验者优先；
2、熟练使用R、SAS、SPSS、Matlab、mahout等至少一种数据挖掘工具；
3、具备良好的分析报告书写能力；
4、工作细致、责任心强，具备较强的学习能力及理解能力。 
 ",8,16,12.0,移动互联网,数据分析
诚聘数据分析/挖掘,8k-15k,云房数据,移动互联网,150-500人,A轮,北京,经验1-3年,硕士及以上,全职,"职位描述
        岗位职责：
1、对城市房地产数据进行深度挖掘和分析，在现有估值模型和系统的基础上，提高各个城市房地产估值精度；
2、根据项目需要、自有平台需求，进行针对性的数据加工、整合工作；
3、其他数据方面的分析工作；
任职要求：
1、硕士及以上学历，相关专业优先（数学及应用数学、信息与计算科学、统计学等；
2、熟悉数据分析与数据挖掘相关软件，如SPSS、R、eviews、clementine 、SAS等；
3、有数理统计、数据挖掘、机器学习类学科背景者优先；
4、有互联网分布式大数据挖掘、房地产行业数据挖掘经验者优先；
5、有房地产评估相关经验者优先。",8,15,11.5,移动互联网,算法/挖掘
数据分析专员(002042),4k-7k,美菜网,"电子商务,O2O",2000人以上,C轮,广州,经验1-3年,大专及以上,全职,"职位描述
        岗位职责:1. 负责企业经营和管理过程中各类数据的搜集、整理、提取、分配、统计、分析、预测、报告等；2. 负责制作各类统计报表，密切关注分公司的运营和收益情况；3. 积极发现业务中的亮点和问题，撰写相关数据分析报告，为分公司的科学决策提供支持，增强企业的竞争力；4. 负责保障相关数据资料的分析结果的信息安全；5.其他上级交代的临时性事务。
任职资格:1. 大学本科及以上学历，数学、统计学、经济学、计算机等相关专业优先2. 2年以上数据统计和分析相关工作经验，有数据分析团队管理经验者优先，有连锁业态从业经验优先。3. 对商业和业务逻辑敏感，了解市场特点及用户需求；4. 具有扎实的统计学知识，熟悉数据采集、整理、分析和建模的方法和流程；5. 熟练运用office，掌握SAS/SPSS/R等专业统计分析软件的一种或几种；6. 具备良好的逻辑分析能力、组织沟通和团队精神。",4,7,5.5,电子商务,数据分析
商业数据分析,10k-20k,浦东嘉里城,"文化娱乐,广告营销",50-150人,上市公司,上海,经验不限,本科及以上,全职,"职位描述
        我们想和你一起做下面两件事：

分析与决策驱动

 管理和建立用户增长/服务设计/零售分析/营销组合相关的数据收集、数据质量，和敏捷报表体系，降低数据的门槛。
 通过专题研究，对业务问题进行深入分析，发掘根本问题，结合业务理解和调研提出假设，驱动数据化决策。
 通过对数据的监控和对比，主动提出改善营运的方法建议，并更进评估实施后的效果，不断迭代优化。


算法与场景结合

 学习和识别用户行为中的典型和极端的模式，挖掘背后的原因，并提出优化方案。
 驱动算法相关业务场景的优化，如排序、推荐、评分、影响力评估等。
 建立用户行为和运营结果相关的预测模型，并不断提升准确度，直至有效的决策。


（如果你可以胜任以上两方面其中任一，并且想看到商业决策如何对消费者和社群行为产生影响，请与我们联系）

你可能需要的一些自我修养：

By Profession

 好奇心驱动，能快速学习新知识和新商业逻辑，并转化为数据逻辑。
 能迅速评估数据需求、关联和质量，能参与ETL和feature engineering。
 能用事实讲故事——用逻辑，和各种演示工具、数据可视化手段和敏捷报表工具；并且对审美有一定的要求。
 有——即使不需要时刻去做——全栈开发能力；知道研究和工程的联系和区别。


By Training

 本科或以上学历，英语不错，在至少一个统计或机器学习应用领域有一定经验，如RecSys、NLP、IR，但不限于此。
 熟练运用至少一种敏捷的，有单兵生产力的，分析工具/平台及其周边生态，如Excel、Tableau、Python、R，但不限于此。
 了解——但无需运维或熟练——最广泛使用的一些“大数据”平台，及其理论和工程原理。",10,20,15.0,文化娱乐,数据分析
数据分析经理,10k-20k,麻小外卖,"O2O,电子商务",150-500人,不需要融资,北京,经验应届毕业生,本科及以上,全职,"职位描述
        岗位职责：
1.日常数据统计，分析，销售预额估计和分解，各项数据的计算
2.生产中心的流程统计，分析
3.日常事务
任职要求：
1.本科及以上学历，一年以上工作经验
2.熟练使用Excel，Word，PowerPoint等办公软件
3.会使用数学建模，有一定的分析能力",10,20,15.0,O2O,数据分析
商业数据分析,15k-26k,腾跃商务,"移动互联网,电子商务",50-150人,不需要融资,深圳,经验5-10年,本科及以上,全职,"职位描述
        数据分析&amp;研究1、针对特定业务问题进行专项分析并给出报告。分为定期和不定期2种。需要定期分析和给出的如“销售周报”，不定期分析的如“竞争对手分析”；2、配合业务部门进行数据分析。跟业务部门一起思考框架，或者在业务部门已有的框架下，提供自己的方法、优化的建议或提供辅助数据进行相关验证；3、针对特定业务问题进行研究并找到规律。如合作电商平台的商品排名研究，需要建立模型进行持续的验证，找出影响排名的相关规律，并为业务部门提供实际的行动建议。-算法设计1、和业务部门一起，对业务指标进行算法设计并给出具体的计算方案。如未来销量预估的算法设计，产品上市成功率的标准及对应的算法设计等；2、结合公司业务的发展，对业务部门的KPI指标进行持续的优化；-数据处理1、针对业务部门的数据需求，从数据库中导出源数据给大家使用，并把常见的数据需求固化成报表形式，提交给ERP部门进行系统开发；2、为业务部门提供Excel模板或处理工具，提高业务部门的工作效率，为相关功能进入ERP系统进行前期验证，积累经验。 - 经验要求：3年及以上数据分析经验，市场研究、咨询、互联网等行业的相关岗位人员优先考虑- 能力要求：良好的逻辑及系统性思维能力，具备良好的分析思路；对数据有高度的敏感度和警觉性；熟悉市场分析的主要方法，能对市场研究或统计的主要模型进行实际应用(如预测)；能熟练使用办公软件，尤其是Excel、PPT，能掌握任何一门编程语言来进行数据处理的人员可优先考虑（如VBA处理表格数据）；至少掌握一种专业统计软件的分析技能（如SPSS、SAS、STATA、R及其它专业软件中的一种）；对数据库原理有基本的了解，能熟练运用SQL查询数据；有良好的团队合作精神和沟通能力；工作细致，责任心强，善于思考，有很强的学习能力；能在工作中使用英文进行简单的交流。- 学历要求：本科及以上学历，计算机、统计学、数学、计量经济学、金融学等相关专业优先考虑",15,26,20.5,移动互联网,数据分析
商业数据分析,10k-20k,小红书,"生活服务,电子商务",150-500人,C轮,上海,经验1-3年,本科及以上,全职,"职位描述
        
小红书已经成为国内最大的跨境电商平台之一，每天都会产生巨量的用户行为和商品销售等各种数据，而对这些数据的进一步挖掘和有效利用将会对整体电商业务带来巨大的价值。如果你热爱数据分析，如果你喜欢从数据中挖掘商业价值，如果你能熟练使用各种数据处理语言和分析工具，那么请将你的简历砸向我们。
希望你愿意帮助我们：

 理解业务部门的需求，从后台数据库中提取相关数据进行处理分析，支持业务部门做进一步决策
 通过相对复杂的相关性分析，从数据中挖掘出用户的行为和消费习惯，指导产品和业务部门的日常运营
 发现后台数据系统存在的问题，与数据工程师合作进行修正，确保数据的准确性

我们一直在寻找这样的你：

 对数据分析有巨大的热情，对数据敏感
 能非常熟练运用SQL语言（加分项：会Python，能熟练使用Tableau等可视化软件）
 本科以上学历，有统计学背景或有互联网/电商相关的数据分析工作经验优先",10,20,15.0,生活服务,数据分析
重庆数据分析专家　,15k-30k,滴滴出行,其他,2000人以上,D轮及以上,重庆,经验5-10年,本科及以上,全职,"职位描述
        工作职责：
1. 结合城市特点建立司机生命周期模型，制定策略，提升司机留存率和人均接单量； 2. 对已实施的运营活动进行案例分析和效果评估，寻找最佳实践，运营效率优化； 3. 根据市场竞争状况进行定量分析，定期提供竞争分析报告并制定应对方案； 4. 分解战略目标，制定周期性规划，搭建并优化城市业绩预测模型
任职资格：
1. 理工科或经济类、金融类相关专业 2. 五年以上相关工作经验。有金融分析、专业咨询分析经验优先。（硬条件） 3. 对数据有亲切感，逻辑思维能力强，善于理解和抽象业务本质。",15,30,22.5,其他,数据分析
数据分析实习生,3k-5k,滴滴出行,移动互联网,500-2000人,D轮及以上,北京,经验应届毕业生,硕士及以上,实习,"职位描述
        主要工作职责：

 负责滴滴出行用户和司机的行为分析，抽象数据分析需求，独立设计数据提取和分析算法，输出有价值的结论
 协助业务数据库表建设和报表设计，建设业务数据监控体系
 探索并建立用户行为和市场变化模型，输出预测观点和建议

任职要求：

 本科及以上学历，数学、统计、计量经济学、计算机相关专业优先
 熟练使用Hive 和 SQL ，能够快速 Hive 数据库和日志抽取数据并根据需要对数据进行前期处理
 熟练使用至少一种数据分析工具(Python/R/SAS/SPSS)，能针对较大型和复杂的数据进行深入的数据挖掘
 思维敏捷，逻辑严谨，口头和书面表达能力好，善于沟通",3,5,4.0,移动互联网,数据分析
商业数据分析,9k-15k,360,"移动互联网,游戏",50-150人,上市公司,北京,经验3-5年,本科及以上,全职,"职位描述
        职位描述：
1、负责各产品、业务条线收支和费用预算编制、滚动预测以及日常差异性分析； 2、专项跟进银行重要业务、产品；
3、敏锐捕捉业务发展中存在的问题并进行分析，提出合理化建议并推动实施。
4、控制业务预算和战略落地。
任职要求：
1、财经类/统计类专业优先； 2、2-5年及以上相关工作经验；
3、较好的业务敏锐度和财务管控能力； 4、善于主动沟通和协调，执行力强。",9,15,12.0,移动互联网,数据分析
市场数据分析,10k-15k,平安好房,电子商务,500-2000人,上市公司,上海,经验3-5年,本科及以上,全职,"职位描述
        任职资格：
1、3年以上互联网企业工作经验；
2、能够根据媒体和活动投放的多维度，深度分析效果，并有提升方案的建议；
3、有竞品数据分析从业经验优先。",10,15,12.5,电子商务,数据分析
商业数据分析,15k-30k,趣分期,"移动互联网,金融",2000人以上,D轮及以上,北京,经验3-5年,本科及以上,全职,"职位描述
        岗位职责：
1、负责构建公司数据分析与数据挖掘业务分析体系；
2、负责对数据库信息进行深度挖掘和有效利用，充分实现数据的商业价值；
3、跟踪并分析用户行为，为公司运营决策及产品设计进行数据支持；
4、监测公司各运营环节人财物的使用效率和效果，建立预警机制；
5、用户分层分析及用户信用模型建设；
6、进行行业、竞对研究，为业务决策提供支持；
7、培训和指导数据分析员，提升公司数据分析人才的综合素质。
任职资格：
1、本科以上学历、社会学/统计学/经济学/数学/计算机等相关专业；
2、具备深厚数据建模和分析理论知识和经验；
3、3年以上相关工作经验，具有电商、市场研究及互联网、金融等领域数据分析及BI经验优先；
4、有较强的沟通和抗压能力；
5、善于创新、思维敏捷、对业务变化有敏锐的洞察力。",15,30,22.5,移动互联网,数据分析
成都数据分析专家,15k-30k,滴滴出行,其他,2000人以上,D轮及以上,成都,经验5-10年,本科及以上,全职,"职位描述
        工作职责：
1. 结合城市特点建立司机生命周期模型，制定策略，提升司机留存率和人均接单量； 2. 对已实施的运营活动进行案例分析和效果评估，寻找最佳实践，运营效率优化； 3. 根据市场竞争状况进行定量分析，定期提供竞争分析报告并制定应对方案； 4. 分解战略目标，制定周期性规划，搭建并优化城市业绩预测模型
任职资格：
1. 理工科或经济类、金融类相关专业 2. 五年以上相关工作经验。有金融分析、专业咨询分析经验优先。（硬条件） 3. 对数据有亲切感，逻辑思维能力强，善于理解和抽象业务本质。",15,30,22.5,其他,数据分析
数据分析实习生,3k-5k,链家网,"移动互联网,O2O",500-2000人,未融资,北京,经验不限,本科及以上,实习,"职位描述
        岗位职责：
1、每周进行数据整理及统计，并协助业务团队进行基础数据分析；
2、定期进行专题分析，定位问题并寻求解决方案；
3、领导安排的其他工作。
任职要求：
1、本科及以上学历，数学、统计学相关专业优先；
2、熟悉EXCEL操作，熟悉函数，会VBA优先；
3、细心、认真、踏实、责任心强，良好的沟通及团队合作能力。",3,5,4.0,移动互联网,数据分析
数据分析及策略,8k-15k,滴滴出行,其他,2000人以上,D轮及以上,北京,经验3-5年,本科及以上,全职,"职位描述
        
 工作职责：
 1、 你将有机会与公司决策层一起讨论业务的解读视角、制定业务数据分析报表、发现业务机会与问题，给决策层提供策略建议与分析支持等；
2、与牛逼的产品经理、数据技术、算法工程师一道，打磨出优秀的有灵魂的数据产品。
 任职资格：
 1、 两年及以上数据分析师工作经验，本科学历及以上；
2、互联网、O2O、汽车、保险相关行业背景优先；
3、 思维清晰，沟通良好，数据分析技术过硬，熟悉SQL等基本技术；
4、梦想驱动，顶得住压力。",8,15,11.5,其他,数据分析
财经数据分析助理,4k-6k,常州观客数据,"数据服务,移动互联网",15-50人,未融资,常州,经验1-3年,本科及以上,全职,"职位描述
        岗位职责：

任职要求：
1、从事大数据分析助理工作，采集、整理行业数据；
2、对经济数据较敏感, 有1-2年报刊杂志的财经类编辑工作经验；
3、能够适应创新项目的较高强度工作，工作细致，有闯劲，善思考；
4、本科及以上学历、英语水平6级及以上（月薪4000-5000元 + 五险一金），",4,6,5.0,数据服务,数据分析
房产数据分析岗,4k-6k,安居客,"移动互联网,生活服务",500-2000人,上市公司,福州,经验1-3年,本科及以上,全职,"职位描述
        业务数据专员：
岗位职责：
1.参与多城市的房产基础数据类项目，负责各类数据的采集，包括项目实地线下数据采集并编制报表；
2.负责多城市的房产数据质量审核；
3.进行房产数据挖掘和市场研究；
任职资格：
1.本科以上学历，房地产相关专业（房地产经营、土地资源管理、建筑工程管理等）或具备房产相关经验优先；
2.对房产数据发展、数据分析挖掘、市场研究、数据商业化应用有较好的发展意向；
3.有较强的沟通能力，反应敏捷，能承担一定的工作压力。",4,6,5.0,移动互联网,数据分析
商业数据分析专员,5k-10k,聚派,"广告营销,移动互联网",15-50人,未融资,广州,经验1-3年,大专及以上,全职,"职位描述
        岗位职责：
1、广告服务业务的相关数据梳理；2、对业务各环节产生的数据，做统计与深度运营挖掘分析；3、服从部门的管理及安排，推动分析问题的解决，为客户的营销决策提供支持；
任职要求：
1. 具备较强的计算机操作能力，能熟练运用excel、SQL等工具，熟悉VBA优先；2. 擅于发现、收集、甄别有价值的各类信息，有良好的数据敏感性、严谨的思维逻辑；3. 具备较强的沟通协调能力、学习能力、解决问题能力；4. 了解互联网广告生态环境，统计、广告相关专业优先；
福利待遇：1、无责任底薪+奖金，分享销售业绩的快感；2、员工享有国家法定节假日的休假政策；3、正式入职后签订劳动合同并购买合规保障；4、完善的调薪晋升机制，并提供个人培训学习机会(内部培训、外部培训) ；5、丰富的部门、公司活动，让青春飞扬",5,10,7.5,广告营销,数据分析
商业数据分析,5k-8k,好租,"企业服务,O2O",150-500人,A轮,北京,经验1-3年,本科及以上,全职,"职位描述
        岗位职责：
1、负责提单系统的搭建、监控及规划；    
2、负责数据监控及流程优化，保证系统数据准确性、及时性和安全性；3、根据相关业务部门需求，整理、挖掘并分析运营数据，输出日、周、月、季、年数据报告；    
4、定期提交分析报告，监控公司运营数据，发现问题并提出相应的解决方案，提供决策参考；    
任职资格： 
1、大专及以上学历，数学相关专业优先；
2、对数字的敏感性，擅于在数据报表中发现业务发展趋势的影响因素，并针对性的进行分析；
3、逻辑思维和学习能力强，有一定沟通技巧和合作意识，工作主动积极，有责任心和抗压能力；
4、熟练使用Excel、Powerpoint等办公软件，有提单工作经验者优先；",5,8,6.5,企业服务,数据分析
数据分析主管,6k-8k,安讯科技,"移动互联网,金融",150-500人,B轮,南京,经验3-5年,大专及以上,全职,"职位描述
        职位描述：负责移动互联网和通信网大规模数据分析与挖掘、用户行为分析等。岗位职责：1、对海量业务数据进行分析和挖掘，满足研发和运营等部门的业务需求和决策需求；2、能根据业务特点选择最合适的数据挖掘算法，并做调优；3、支持数据分析、挖掘算法平台的部署和日常运营；4、承担复杂系统或者子系统，独立组织大型项目团队完成综合或复杂工作；5、承担多个产品的设计、开发和架构维护；6、对组织的工作成果和能力建设负责。岗位要求：1、大学本科或本科以上统计学、数学或其他相关专业；2、熟悉常用的数据分析方法和挖掘算法，一年以上相关项目经验，以下至少一类算法有深入的应用和理解：分类，聚类，关联，协同过滤；3、对数据有良好的敏感性，能够通过数据察觉到背后的业务变化和潜在问题，有大数据处理经验者优先；4、精通一种及以上数据挖掘工具（SAS\SPSS等），具有海量数据挖掘、分析相关项目实施经验，参加过完整的数据挖掘项目并有成功案例尤佳；5、熟练掌握PPT和EXCEL制作;",6,8,7.0,移动互联网,数据分析
商业数据分析,10k-20k,炫踪网络,游戏,150-500人,D轮及以上,上海,经验不限,本科及以上,全职,"职位描述
        职位描述:
1．  对公司产品的各项经营数据分析，进行数据监测、分析、统计；
2．  为产品、设计、运营等提供有价值的分析支持，提出改进建议，提高运营有效性；
3．  针对具体业务问题,研究影响用户的潜在因素,进行数据分析验证并提出改善建议；
4．  负责及时、准确地为业务部门提供各种数据及报表。
5．  负责移动终端游戏的数据分析和挖掘，负责移动终端游戏数据分析体系的不断优化及沉淀；
 
任职资格：
1．  本科以上学历，统计、应用数学、社会学、金融等相关专业背景优先；
2．  熟练使用SQL，并对excel函数、透视表能熟练运用；
3．  对数据敏感，有缜密的分析总结能力；
4．  细心谨慎，抗压性强，团队合作精神良好；
5．  热爱游戏，对游戏有深入的理解；
6．  有数据分析相关工作、网游产品数据分析经验者优先。",10,20,15.0,游戏,数据分析
商业数据分析,10k-20k,支付宝（中国）网络技术有限公司,"移动互联网,金融",2000人以上,D轮及以上,北京,经验3-5年,本科及以上,全职,"职位描述
        职位描述
工作职责：
1、建立良好的产品数据监测和汇报机制：对产品数据进行例行监控，及时发现数据的异常波动，并通过深入分析了解其原因；
2、深入理解产品和用户，基于深度数据分析发现产品问题，评估产品健康度，寻找产品的问题根源，并推动产品改进；
3、优化和改进现有数据统计和报表系统，结合业务需求，建立合理的数据分析模型，并使之体系化； 
任职要求：
1、对数据敏感，能从数据中发现问题、解决问题；
2、敏锐全面的洞察力，清晰缜密的逻辑思维能力，以及独立的分析调研能力；
3、做事主动,执行能力强，沟通能力好，团队合作精神佳；
4、熟练掌握SQL语言，Office办公软件；
5、有丰富数据分析经验；
6、有过移动端产品或数据后台系统相关经验更好。",10,20,15.0,移动互联网,数据分析
高级数据分析经理,15k-25k,TCL互联网事业本部,移动互联网,150-500人,不需要融资,北京,经验5-10年,本科及以上,全职,"职位描述
        岗位职责：
- 根据TCL互联网产品矩阵的业务特点，建立合理的监控体系和预警机制，搭建数据分析平台；
- 配合各产品线运营人员对产品关键指标(如MAU，留存率)进行检测和校验；
- 对产品的市场推广数据进行分析和挖掘，甄别高质量渠道(偏推广方向)；对产品运营活动进行数据分析和挖掘，从多维数据源进行深度诊断分析活动效果(偏产品运营方向)；
- 编写商业数据分析报告，对数据的真实性和有效性负责；
- 培训和指导数据分析员，带队进行独立的数据追踪任务。
 
岗位要求：
-  本科及以上学历，理工科背景为佳，5年以上BI工作经验；
-  具备深厚数据建模和分析理论知识和经验，良好的数据敏感度，能从海量数据提炼核心结果；
- 具备大数据的处理能力，掌握hive、SQL等相关数据提取工具，熟练操作excel、SAS/SPSS、PPT等工具；
- 具备渠道推广经验 (偏推广) 或者产品运营经验(偏产品运营)为佳，对业务变化有敏锐的洞察力；
- 对互联网行业深度热爱，长期使用互联网、善于挖掘用户需求；
- 具备良好沟通能力和团队精神，执行力强，有强烈责任感，抗压能力强。
&lt;/p",15,25,20.0,移动互联网,数据分析
数据分析/数据挖掘工程师,8k-15k,趣致网络,"移动互联网,O2O",50-150人,B轮,上海,经验3-5年,大专及以上,全职,"职位描述
        岗位职责：
1、 负责趣拿互联网平台的日常运营数据报表的定期或按需输出，例如用户数据报表、产品质量报表、收入报表等； 对关键业务指标进行人工或自动化监控。
2、 根据对业务的理解，梳理数据需求，建立业务模型；
3、 整理并固化产品运营周期的数据提供方案，根据方案向项目经理提供各种数据报告，管理业务数据统计平台；
4、 使用数据统计分析、数据挖掘工具，收集整理大数据信息，进行数据分析、建模；对关键分析思路进行产品化梳理，提供方案和建议以便优化产品、制定运营方案。
5、 协助完成活动结案报告及专题报告撰写。
 
任职要求：
1、有大数据处理、数据清洗、数据分析、数据平台搭建等相关工作经验优先。
2、掌握数学、统计学和计算机相关知识。
3、至少精通Excel、R、SAS等一种数据分析工具，对数据非常敏感，具有良好的分析报告撰写能力。
4、至少精通MySQL、MongoDB、 Oracle等一种数据库查询语言， 掌握存储过程的编写，掌握高级编程语言者优先。
5、至少精通Linux Shell、Python等一门脚本语言，拥有海量数据处理和挖掘、掌握分布式数据库环境Hadoop者优先。
6、优秀的团队合作精神、诚实、勤奋、严谨，能够积极创新，乐于分享，勇于承担，负责敬业。",8,15,11.5,移动互联网,算法/挖掘
商业数据分析,15k-20k,百度,"移动互联网,数据服务",2000人以上,上市公司,北京,经验1-3年,本科及以上,全职,"职位描述
        要求咨询公司、市场调研公司、数据采集公司、数据分析员、市场调研员。
有完整项目项目接入、执行、交付经验。
有1到3年工作经验。",15,20,17.5,移动互联网,数据分析
（东莞）数据分析工程师助理,5k-8k,帷策,数据服务,15-50人,不需要融资,东莞,经验1-3年,本科及以上,全职,"职位描述
        急招！！提供住宿，交通报销，本地人优先～

岗位职责：
1. 根据客户需求进行分析报告撰写或相关模型的搭建工作；
2. 参与通信及移动互联网行业项目，通过数据挖掘分析能力解决问题；
3. 项目过程中，与客户进行交流，辅助项目经理完成所分配内容的研究和报告撰写工作。

职位要求：
1. 本科或以上学历，数学、统计学、计算机、管理学、市场营销等相关专业，优秀的应届毕业生亦可考虑；
2. 能熟练运用SAS/SPSS Statistic/Modeler，R语言等挖掘工具和技能，熟悉数据库，能通过SQL熟练操作数据者优先；
3. 具备良好的交流沟通能力、逻辑思维能力和创新能力； 
4. 有从事过通信及移动互联网行业运营分析、精确营销、模型构建、大数据等类型的相关工作经验者优先。

面试地址：广州市天河区体育东路136,138号金利来大厦1308单元；
工作地址：东莞市莞城区旗峰路汇峰中心（中国移动通信集团广东有限公司东莞分公司）。 ",5,8,6.5,数据服务,数据工程
商业数据分析,15k-25k,中国信通院,"信息安全,移动互联网",2000人以上,不需要融资,北京,经验1-3年,本科及以上,全职,"职位描述
        岗位职责：

1、撰写周度、月度各类数据分析报表、报告；
2、专项课题研究，构建数据模型；
3、研究行业发展趋势，并对竞品进行监测；
4、 支持各运营部门对客户管理的数据需求工作
任职要求：

1、大学本科以上学历，统计学,数学,计算机相关专业；
2、熟练掌握OFFICE套件，熟练使用SQL，熟练使用SAS及 至少1种其它类别的专业数据分析工具（R、MATLAB）或编程语言（C++、JAVA、PYTHON等），
3、起码2年以上数据挖掘及分析相关工作经验, 具逻辑思维、对数字敏感且工作细心
4、具备一定的文档能力，能够独立完成数据分析报告的撰写；",15,25,20.0,信息安全,数据分析
影院经营数据分析,4k-6k,博纳影业,文化娱乐,500-2000人,不需要融资,北京,经验1-3年,本科及以上,全职,"职位描述
        岗位职责： 1. 负责博纳集团各院线用户行为、商户管理活动运营、业务数据等分析报告，为影院营运提供数据分析支持、决策及调整策略；
2. 根据业务需求，对数据进行提取、整合、分析，为产品及决策提供数据分析支持； 3. 建立并保持对影视行业和用户的深度理解，提出相应的策略建议。 任职要求： 1. 本科及以上学历，数学、统计、计算机相关专业优先； 2. 熟练掌握SQL、Hive、SAS、SPSS等统计分析软件，熟悉常用数据统计和分析方法；
3. 具有良好的商业敏感度和优秀的数据分析技能，能够用数据分析解决复杂的商业问题；
4. 良好的逻辑思维与表达能力，善于用简单语言表述复杂结论; 5. 有数据挖掘和建模经验的优先； 6. 有影视行业运营经验者优先。",4,6,5.0,文化娱乐,数据分析
风控数据分析,13k-25k,京东,"移动互联网,电子商务",500-2000人,上市公司,上海,经验1-3年,本科及以上,全职,"职位描述
        职责：
 
1、通过数据发现和感知业务存在的安全风险和问题，完善基于数据的业务风险监控机制和监控指标。
 
2、通过对用户行为数据的深入分析和挖掘，了解非正常用户的行为模式和特征，建立多维度的分析模型，依此制定异常行为检测规则和控制策略，并完成策略数据模拟、效果评估、及持续优化运营的工作。
 
3、安全数据分析平台的设计和搭建。
 
要求：
 
1、全日制本科及以上学历，计算机或相关专业；
 
2、熟练掌握数据库语言，及至少一种脚本语言；
 
3、对数据分析有兴趣，有较强的学习能力和愿望；
 
4、思维活跃，逻辑思维强，较好的分析和解决问题的能力；
 
5、有安全风控或大数据分析、挖掘相关工作经验者优先。",13,25,19.0,移动互联网,数据分析
数据分析岗,5k-6k,horizonsh,"企业服务,数据服务",50-150人,未融资,上海,经验1年以下,硕士及以上,全职,"职位描述
        岗位职责：1、负责调研项目前期的抽样技术的把握；2、负责项目过程中的数据库建立清洗；3、负责项目的数据分析模型建造及数据挖掘；4、协助项目经理从数据分析的角度实现研究目的。
任职要求：1、全日制硕士及以上学历，统计学、数学等相关专业；2、熟练使用spss等统计分析软件，有一定的编程基础，熟悉VBA；3、对数据敏感，强大的逻辑思维能力；4、乐观、进取、钻研，富有创新精神，良好的沟通及团队合作能力。",5,6,5.5,企业服务,数据分析
高级内容数据分析,15k-25k,微鲸科技,移动互联网,500-2000人,不需要融资,上海,经验不限,本科及以上,全职,"职位描述
        职位描述： 
1.负责对视频内容各产品数据、内容数据、收入数据、用户行为数据等做收集整理、分析研究、建立数据分析模型，挖掘海量数据中的价值点，为视频内容各个业务团队提供数据支持； 
2.监控内容各项数据，随时监控异常波动并分析原因，与团队沟通解决办法，整理撰写数据分析报告； 
3.优化数据报表平台，设计数据需求，并监控需求的开发执行、测试上线。 
任职要求： 
1.本科以上学历，数学、经济学、会计学等优先； 
2.在互联网领域2年以上工作经验和数据分析经验，数据敏感度高； 
3.熟练操作一种数据分析软件（如excel、spss等），并具有较好的报告呈现和解说能力； 
4.熟悉互联网产品，熟悉数据监控和分析体系； 
5.责任心强，工作积极主动，具有较好的抗压能力。",15,25,20.0,移动互联网,数据分析
数据分析专家,25k-30k,阿里巴巴,"移动互联网,电子商务",2000人以上,上市公司,杭州,经验5-10年,本科及以上,全职,"职位描述
        工作年限:五年以上
学历要求:本科及以上
期望层级:P7
岗位描述:
Ø  分析阿里巴巴平台业务运作模式及风险问题，不断优化风险监控内容
Ø  通过海量数据分析，提炼总结各种风险异常特征
Ø  建立各种风险的异常预警、实时监控、分析定位、策略建议，并指导风险策略落地的数据化运营体系，实现风险防控前置
Ø  就具体业务专题，构建分析框架，进行多维度分析，能够独立撰写分析报告
Ø  应用先进的统计建模，数据挖掘，机器学习方法解决实际问题经验
 
岗位要求
Ø  本科以上学历，统计学，数学，计算机等相关专业，较好的数学或统计学教育背景优先考虑
Ø  熟练运用SQL，至少掌握一种以上数据分析工具（R/SPSS/SAS等）
Ø  思维清晰，逻辑性强，勇于创新和面对挑战，对工作充满激情，并有良好的沟通能力和团队协作精神
&lt;span",25,30,27.5,移动互联网,数据分析
SEO数据分析,5k-8k,有宠集团,"移动互联网,社交网络",150-500人,A轮,北京,经验1-3年,大专及以上,全职,"职位描述
        岗位职责：
通过百度或其他互联网渠道采集、整理分析行业数据，为内容提供数据支持和风向指导，竞品分析，内容数据复盘，三方数据观测；

任职要求：
1.一年左右新媒体行业数据分析经验，对SEO有清楚了解和认识；
2.能够独立采集互联网行业相关数据，整理并作出准确行业分析；
3.做事踏实，理解工作重点，能独立开展工作，认真负责。",5,8,6.5,移动互联网,数据分析
（肇庆）数据分析工程师助理,5k-8k,帷策,数据服务,15-50人,不需要融资,东莞,经验1-3年,本科及以上,全职,"职位描述
        急招！！提供住宿，交通报销，本地人优先～

岗位职责：
1. 根据分析需求开展数据清洗、数据处理等工作；
2. 根据客户需求进行分析报告撰写或相关模型的搭建工作；
3. 参与通信及移动互联网行业项目，通过数据挖掘分析能力解决问题；
4. 项目过程中，与客户进行交流，辅助项目经理完成所分配内容的研究和报告撰写工作。

职位要求：
1. 本科或以上学历，数学、统计学、计算机、管理学、市场营销等相关专业，优秀的应届毕业生亦可考虑；
2. 能运用excel、access、SPSS、Hadoop等数据处理工具及分析挖掘工具，熟悉数据库，能通过SQL熟练操作数据者优先；
3. 具备良好的交流沟通能力、逻辑思维能力和创新能力； 
4. 有从事过通信及移动互联网行业运营分析、精确营销、模型构建、大数据等类型的相关工作经验者优先。

面试地址：广州市天河区体育东路136,138号金利来大厦1308单元；
工作地址：肇庆市端州区棠岗路77号（中国移动通信集团广东有限公司肇庆分公司）。",5,8,6.5,数据服务,数据工程
数据分析经理,20k-30k,艾芬电子商务,电子商务,50-150人,不需要融资,深圳,经验3-5年,本科及以上,全职,"职位描述
        岗位职责1、根据分析需求，制定数据采集标准和目标；对原始数据进行清洗，并建立清洗标准和数据集市；2、对多数据源数据进行挖掘分析，建模分析并优化；3、满足研发和运营等部门的业务需求和决策需求；4、能根据业务特点选择最合适的数据挖掘算法，并做调优；5、构建、维护和优化数据挖掘平台，使之适应于不断变化的数据量和业务需求；6、利用BI工具或其他方式展示数据，撰写统计报告。 任职要求：1、数学、统计或计算机相关专业本科及以上学历，能力优秀，可放宽；2、熟悉至少一种关系型数据库，熟悉文件系统原理更佳；3、精通数据挖掘工具的使用，有2-3年的大规模数据挖掘经验；4、热爱技术，有很强的学习能力和分享精神；良好的逻辑思维能力及独立思考能力；5、良好的编程基础，对数据结构和算法有深刻了解，熟练使用C++,C#,Java中的一种或多种；6、熟悉常用的数据挖掘，机器学习算法，以下至少一类算法有深入的应用和理解：分类，聚类，关联，协同过滤；7、熟悉多种数据源深度诊断性组合分析、挖掘和建模；",20,30,25.0,电子商务,数据分析
数据分析/Data Analyst,6k-10k,联想集团,"移动互联网,数据服务",2000人以上,上市公司,北京,经验不限,本科及以上,全职,"职位描述
        岗位职责：
1、针对公司海外业务的数据进行深入分析，为公司决策、产品运营提供数据支持；
2、处理大量数据，并进行成本分析，达成成本控制的目标。
任职资格：
1、统计学、计算机等专业，有财务背景优先；
2、独立进行数据分析，数据敏感性强，至少掌握VBA,R语言，MYSQL、SPSS中的一项；
3、英语流利，有海外留学经验者优先。
 ",6,10,8.0,移动互联网,数据分析
数据挖掘，数据分析,15k-30k,小米,移动互联网,2000人以上,D轮及以上,北京,经验不限,本科及以上,全职,"职位描述
        工作职责：

 分析用户数据，归纳用户属性，挖掘用户行为特征，为产品运营和设计创新提供参考依据；
 针对具体业务问题，研究影响用户的潜在因素，进行数据分析验证并提出改善举措；
 负责业务风险指标的设计、优化和跟踪分析，并对风险预警异常情况进行深入分析并提出独立的风险判断；
 参与数据挖掘模型的构建、维护、部署和评估，优化规则及模型；
 完成其它数据处理和分析工作。

任职要求：

 计算机或者统计学方向本科及以上学历； 
 年以上相关工作经验，有支付行业数据分析经验优先； 
 熟练使用数理统计、数据分析、数据挖掘工具软件（如Python、R、SAS等），有machine learning, data mining相关经验优先；
 思维敏捷，善于与人沟通和团队合作，有一定的抗压能力。
 有支付，风控产品相关经验优先",15,30,22.5,移动互联网,算法/挖掘
销售数据分析,5k-7k,随行付支付有限公司,金融,500-2000人,上市公司,北京,经验1年以下,大专及以上,全职,"职位描述
        职位描述：
1、分公司关键业务的汇总、分析；
2、分公司经营数据分析及人员数据的分析；
3、行业数据、排名等关键数据的管理；
4、定期出具分析报告（周报、月报、季报以及年等报）；

职位需求：
1、1年以上销售数据分析经验优先，也可接受优秀应届生；
2、数据思维清晰，逻辑能力强，精通excel数据功能使用，有SQL、VBA等数据工具经验优先；
3、学习能力强，能够快速熟悉收单/支付行业知识及业务流程。",5,7,6.0,金融,数据分析
数据分析岗（经营分析方向）,7k-10k,友金所,金融,500-2000人,A轮,深圳,经验1-3年,本科及以上,全职,"职位描述
        岗位职责：
1、熟练使用MS Excel、SQL、SAS数据分析工具；
2、有较强的学习能力、数据分析处理及逻辑思维能力；
3、工作细心、责任心强、为人正直，良好的团队沟通和合作能力。
任职要求：
1、本科及以上学历，数学、统计学、计量经济、金融等相关专业；1年以上工作经验；
2、使用SQL、SAS软件，根据企划部需求，完善分析类报表体系；
3、对接IT部门数据接口，保证每日基础数据准确性，及时更新基础数据关键字段口径；
4、日常监控数据指标，对异常指标进行分析，提供调整意见；
5、优化公司现有Excel统计报表、使用SQL、SAS进行预处理提高效率；
6、领导安排的其他工作。",7,10,8.5,金融,数据分析
产品经理（数据分析）,20k-40k,微鲸科技,移动互联网,500-2000人,不需要融资,上海,经验5-10年,硕士及以上,全职,"职位描述
        职位描述：
1. 负责数据分析平台的建设，覆盖产品、策略、运营等多种业务场景； 2.负责产品数据分析，发现现有产品存在的问题，推动产品的发展； 3.基于产品及内容进行数据分析，建立媒体质量评估模型； 4.深度挖掘行业需求，探索领域数据模型和需求、领域数据应用与知识固化方法。
任职要求：
1.对于数据统计、分析挖掘、行业应用有深刻认识与研究，具有互联网数据统计、数据挖掘和分析项目相关经验者优先； 2.对数据敏感，具备良好的逻辑分析能力； 3.具有优秀的数据产品设计及架构能力，熟悉数据仓库建设原理和数据可视化产品软件者优先。",20,40,30.0,移动互联网,数据产品
数据库/数据分析工程师,5k-9k,东方国信,数据服务,2000人以上,上市公司,石家庄,经验不限,本科及以上,全职,"职位描述
        1、大学本科及以上学历，具有电信行业工作经验者优先； 
2、有需求分析、设计和数据建模功底，熟悉各种建模工具如PowerDisign等； 
3、熟悉LINUX、UNIX操作系统，熟悉DB2、ORACLE等主流数据库，并具有应用级调优经验； 
4、精通基本的SQL、能熟练应用PL/SQL编写存储过程； 
5、掌握数据抽取、数据库设计等知识、数据仓库理论； 
6、能进行数据库系统方案的制定、编写和实施，参与项目的数据库设计； 
7、熟悉hadoop生态圈及“大数据”基础； 
8、责任心强、良好的沟通能力、有激情，积极上进、良好的学习能力与团队合作精神； ",5,9,7.0,数据服务,数据工程
数据分析经理,8k-15k,享宇金服,"移动互联网,金融",50-150人,A轮,成都,经验3-5年,本科及以上,全职,"职位描述
        岗位职责：
1.  负责公司和合作银行的经营数据分析，以报告形式还原业务问题和知识呈现，提供建议解决业务痛点；
2.  产品数据分析，深入分析用户行为特征，为产品优化和运营提供策略建议。
3.  负责观测各分析模块的数据采集和数据质量，根据实际业务，推动实现数据采集和抽取优化。
4.  在日常数据分析中，提炼BI产品需求，推动BI报表系统指标体系建设。
 
任职资格：
1.  数学、物理、统计学、计算机专业优先；
2.  有电商、运营商、游戏、银行系统相关经验和APP运营的优先；
3.  熟练掌握R、Python等一种语言；
4.  三年以上项目管理工作经验；
5.  专注在数据分析领域，认同数据分析驱动业务的价值观，寂寞坚守。
6.  良好的协调、沟通和项目管理能力。
 
 ",8,15,11.5,移动互联网,数据分析
运营数据分析经理,15k-25k,易到用车,"移动互联网,O2O",500-2000人,C轮,北京,经验3-5年,本科及以上,全职,"职位描述
        岗位职责:
1、 运营数据分析：建立业务运营指标体系，针对各个业务线建立数据分析模型，书写专业的数据分析报告； 2、 用户研究：研究乘客或司机生命周期等有关用户获取、留存、活跃的数据指标，并依此建立数学模型； 3、 数据体系：完善数据的监控体系与报表系统，监控数据，分析异常原因，得出修改建议，与产品和研发合作，持续调优策略； 4、 数据建模：收集数据分析需求，设计数据分析、数据挖掘模型、协助数据产品经理完成数据产品研发； 5、 业务沉淀：定期梳理运营数据需求，从中抽象出可通用的数据模型以及数据产品，并推进落地；
6、 通过对运营数据研究，提出改善运营质量的方法和建议，搭建运营数据分析体系，为业务决策提供支持。  任职资格:
1、数理统计相关专业，本科以上，三年工作经验； 2、熟练操作ppt，excel、spss、sas了解数理统计、数据分析、数据挖掘，熟知常用算法，有LBS、互联网行业数据挖掘分析经验或商务智能（BI）应用者优先； 3、对用户行为研究有深入了解，咨询行业、互联网行业背景优先； 4、有较强的业务建模能力，有独立完成项目经验者优先； 5、良好的逻辑思维与表达能力，善于用简单语言表述复杂结论;6、良好的数据敏感度，能从海量数据提炼核心结果。

 ",15,25,20.0,移动互联网,数据分析
数据分析工程师（实习）,3k-4k,数旦信息,"移动互联网,金融",少于15人,天使轮,上海,经验不限,本科及以上,实习,"职位描述
        招聘要求： 1.数学、计算机及相关专业，本科及以上学历； 2.熟练使用SPSS/SAS等相关工具； 3.熟悉Python或R语言，编程功底扎实； 4.具备极强的编程能力、学习能力和抗压能力； 5.想改变自己或改变世界的技术狂优先； 
6.可连续实习半年以上；",3,4,3.5,移动互联网,数据工程
数据分析、统计分析（互联网...,4k-8k,每金,O2O,150-500人,不需要融资,广州,经验1-3年,本科及以上,全职,"职位描述
        岗位职责：
1、负责分析各类数据并针对各类问题提出解决方案和营销方案；
2、对专业的数据分析及做好竞争对手数据的采集、统计、评估与分析，并编制报表；
3、建立部门每日、周、月、季、年度数据分析报表 ；
4、研究数据分析的方法，做到报表制作简单、方便、实用 ；
5、公司整体销售与库存数据分析，提出相关行销改善策略，呈报高管决策；
6、整理客户资料，分析客户属性和消费行为；
7、分析客户人群的购买习惯，并通过购买习惯做出相关数据分析。
任职要求：
1、 本科或以上学历，数理统计或数据挖掘方向优先；
2、1年以上数据分析经验，熟悉数据分析方法，具有扎实的统计学基础；
3、 对数据敏感，热爱数据分析工作、责任感强、有较强的逻辑思维能力；
4、 学习能力强，能快速掌握并熟悉市场渠道。 

工作时间：星期一至五 09:00-18:00；",4,8,6.0,O2O,数据分析
数据分析,5k-8k,惠装网,电子商务,50-150人,A轮,成都,经验1-3年,大专及以上,全职,"职位描述
        岗位职责：
1、制定网站的数据分析与监控策划，进行数据监测、分析、统计和设计；
2、负责对网站的UV、PV、访问深度、跳失率、转化率、热点图等做专业数据分析；
3、设计各种网站数据报表，并进行系统的数据分析工作；
4、分析网站产品及用户行为，为产品、运营及市场推广的优化提供数据支持；
5、建立运营数据分析报表系统，针对流量转化、用户行为等进行监控和统计分析；
任职要求：
1、2年及以上的网站数据分析经验，擅长进行数据分析和数据挖掘；
2、 熟悉各类数据分析方法，例如：回归、因子、聚类、关联以及决策树等等； 熟练使用各类数据挖掘工具（如SPSS、Clementine、EXCEL等）；熟悉WebTrends、BI、Google Analytics等统计平台；熟悉SQL，可以自己从数据库调用需要的数据进行分析；
3、对数据敏感，了解互联网营销，有制作分析报告经验；
4、有市场调查、行业研究、电子商务类（B2B/B2C）网站数据分析经验者优先；
5、认真细心，善于沟通，乐于协作。",5,8,6.5,电子商务,数据分析
数据分析工程师,6k-12k,网思科平,"信息安全,数据服务",50-150人,A轮,杭州,经验1-3年,本科及以上,全职,"职位描述
        岗位职责：
基于oracle、mysql、hive、spark的架构，在精准营销和安全防控的领域进行大数据分析工作
1.能够独立进行专题的数据分析工作，包括理解业务，分析需求，建立业务模型，运用算法。
2.能够对业务专题需求进行数据的分布统计、清洗、预研和深入挖掘。
3.运用SQL对数据进行统计运算
 
岗位要求
1.计算机、数据、统计相关本科及以上学历，有强烈的责任心和团队合作精神、具备良好的沟通能力以及快速学习的能力，有独立项目开发经验，优秀应届毕业生可酌情考虑接收
2.精通SQL语言，对数据有高度敏感性，掌握Java、Scala、R者优先考虑。
3.熟练掌握概率分布，熟练掌握回归、分类、时间序列、文本挖掘等常用算法
4.具备针对海量用户行为数据，采用数据挖掘、机器学习的方法，实施项目的经验
5.能够顺畅的理解和交流业务人员的需求，帮助业务人员梳理业务流程，并选择合适的模型算法解决实际问题",6,12,9.0,信息安全,数据工程
数据分析专员,5k-10k,曹操专车,"移动互联网,O2O",150-500人,不需要融资,杭州,经验1-3年,本科及以上,全职,"职位描述
        岗位职责：
1、根据B2B业务需求，对数据进行提取、整合、分析，为产品及决策提供数据分析支持；
2、根据业务开发需求，提供相应维度或区间的数据收集、整理、分析，支持常规的数据分析需求
3、分析与B2B订单数据，从中发现运营问题，输出建议性意见；
4、统计订单报表，核算运营绩效及奖励收入，完成奖励发放审批流程；
任职要求：
1、本科学历，数学、统计、市场营销相关专业；
2、有互联网从业经验，C端/B端运营、数据分析相关工作经验者优先；
3、善于研究数据、分析用户心理、对市场有准确的洞察能力；
4、善于学习，有一定抗压性；",5,10,7.5,移动互联网,数据分析
数据分析实习生（北京）,2k-4k,达达,O2O,500-2000人,D轮及以上,北京,经验不限,大专及以上,实习,"职位描述
        工作职责：
1、负责质量相关数据的整理和输出及部分数据分析工作；
2、负责与数据的同事沟通解决各项报表事宜；
3、负责京东到家平台上入驻商家的资质审核工作；
4、其他日常工作。

任职资格：
1、北京地区2017年及以后毕业的本科或硕士学生，统计学、数据分析、数据建模相关专业；
2、熟练使用excel、word、ppt、ps等办公软件；
3、对待工作认真负责、做事耐心、仔细，且有良好的语音沟通能力；
4、需尽量保证每周3-5天的出勤。",2,4,3.0,O2O,数据分析
数据分析,3k-6k,珠海网易达,"移动互联网,游戏",150-500人,未融资,珠海,经验不限,本科及以上,全职,"职位描述
        岗位职责：
1、负责公司产品的数据监控、日常数据汇总报告，及时发现问题并找出问题根源；
2、负责重点时期产品针对性数据分析，及根据分析为产品优化提出建议；
3、负责产品结算工作；
4、负责协助数据后台需求整理制定及相关数据验证； 
5、配合上级及其他部门需求整理汇总数据；
6、拥抱大数据，为公司产品建模分析，为决策层提供宝贵的数理依据。
岗位要求：
1、大专以上学历，统计、计算机、运筹、金融或经济等相关专业优先；
2、热爱游戏，有游戏、通讯/IT等电子科技行业从业经验优先；
3、熟练使用Excel、PPT，熟练运用数据处理及基础数据分析方法。会数据库操作、SQL、R语言等工具优先；
4、有良好的文字功底，有独立撰写调研报告、以及优秀的沟通及书面表达能力；
5、抽象思维、逻辑思维能力、记忆力强，思维灵活并且对数字敏感，具有探索、独立思考、创新意识和良好的学习能力； 
6、工作细致、执行能力强，具有强烈的责任心，能够承受高强度的工作压力，有团队精神和积极的工作态度。",3,6,4.5,移动互联网,数据分析
数据分析实习生,3k-6k,Travel Tao,"移动互联网,旅游",少于15人,天使轮,珠海,经验不限,本科及以上,实习,"职位描述
        岗位职责：


1、负责极简汇率的日常运营数据报表的定期或按需输出，例如用户数据、用户分析等报表。
2、根据对业务的理解，梳理数据需求，建立数据分析模型；
3、使用数据统计分析、数据挖掘工具，收集整理大数据信息，进行数据分析、建模；
4、对关键分析思路进行产品化梳理，提供方案和建议以便优化产品、制定运营方案。

任职要求：

1、本科学历，有数学专业背景，或有相关专业教育经历优先。
2.熟练使用Excel，文笔流畅得体，达到办公工作基本要求。
3、能够用 SQL 语言编写统计查询。
4、会用Python等至少一门脚本语言。
5、会用java。
6、优秀的团队合作精神、诚实、勤奋、严谨，",3,6,4.5,移动互联网,数据分析
产品运营专员/专家（偏数据...,6k-10k,途牛旅游网,"电子商务,旅游",2000人以上,上市公司,南京,经验1-3年,本科及以上,全职,"职位描述
        岗位职责：
1.负责收集运营决策所需数据，进行数据收集、整理与分析工作 
2.负责运用数据处理及分析的相关知识， 并使用数据分析工具， 对数据进行建模，监控、异常分析与验证，给出整改方案，并能以项目形式推动指标持续改进。 
3.负责出具数据分析报告以及技术文档 ，并具有分享和经验总结能力 
4.负责规划、优化和开发经营分析指标体系，帮助决策层把握运营状况；

任职要求： 
1.本科及以上学历，2年以上工作经验 
2.对数字敏感、逻辑与分析能力强，excel等数据处理能力良好 
3.有大型数据分析项目经验者优先",6,10,8.0,电子商务,其他/运营
商品专员/数据分析专员（电商）,4k-7k,巴图鲁公司,电子商务,150-500人,B轮,广州,经验1-3年,本科及以上,全职,"职位描述
        岗位职责：

1、定期分析商品结构及销售情况，了解供应商供货情况与市场行情；
2、市场信息收集、整理与分析，规划商城商品结构；
3、跟进商城商品基础数据的情况，确保商城基础数据信息的完整与准确；
4、定期跟进渠道数据的采集管理，价格管理，提高商城转化率；定期提供商城销售分析报表；
任职要求：

1、本科以上学历，1年以上电商平台数据统计分析经验优先；
2、对数据敏感，有较强的数据分析能力和逻辑思维能力；
3、有商品管理、采购等经验者优先；
4、对汽配件的产品知识有一定了解优先。",4,7,5.5,电子商务,数据分析
数据分析,5k-10k,51Talk 无忧英语,"移动互联网,教育",2000人以上,上市公司,北京,经验1-3年,本科及以上,全职,"职位描述
        数据分析师
工作职责：
1. 负责用户|教师|销售|市场|教材主题的数据分析工作。 
2. 负责专项分析报告撰写，为渠道优化、用户运营、教师运营等提供决策支持。 
3. 把握各项分析工作中的重点，并转化为数据产品。 
4. 负责公司各业务部门的日报|周报|月报 
5. 部分参与数据仓库设计及BI模板开发
任职资格:
1. 强烈的好奇心，求知欲强。
2. 良好的数据分析能力，有数据分析落地的经验。 
3. 统计学、应用数学、信息管理、计算机专业毕业者优先考虑。 
4. 熟练使用SQL，接触过数据仓库设计、开发者优先。 
5. 用R做数据挖掘经验，熟悉shiny可视化框架者优先。
6. 优秀的学习能力、沟通能力、协作能力、强烈的责任心、吃苦耐劳。",5,10,7.5,移动互联网,数据分析
DBA 数据库工程师/管理员（...,10k-20k,好屋中国,"移动互联网 ,O2O",2000人以上,A轮,上海,经验3-5年,大专及以上,全职,"职位描述
        岗位职责：
1、管理公司数据库服务器高可用集群,保障服务稳定7X24可用；2、建立和维护数据库高可用集群监控和备份恢复机制，提高服务运行质量；3、对开发人员的访问数据库SQL语句进行评审和调优；4、负责公司开发员工数据库方面知识培养,提高公司整体开发人员数据库方面能力。5、负责维护数据库系统的稳定、高效、安全运行，参与数据架构规划设计；6、负责及时排除数据库故障，并对数据库进行持续性能优化；7、负责数据库开发支持，以及相关业务的数据建模、设计评审、SQL代码审核等；8、领导交代的其他任务。 岗位要求：
1、三年以上mysql dba实际工作经验,熟悉Innodb、MyISAM引擎以及相关优化策略；2、熟悉MySQL主从复制、主主复制，了解相关高可用技术方案；3、熟悉No-SQL技术(如MongoDB、Redis等)，有实际维护经验优先3、熟悉Linux/Unix操作系统，熟练使用Perl、Python、SHELL等至少一种语言；4、良好的学习能力和对新技术的追求精神；5、良好的团队协作能力，积极主动，乐于接受挑战；",10,20,15.0,移动互联网 ,数据工程
数据分析/BI工程师（BW/BO）,8k-15k,easymall,电子商务,150-500人,不需要融资,广州,经验1-3年,本科及以上,全职,"职位描述
        岗位职责：
1.理解公司业务和数据关系，完成业务系统数据抽取，设计数据模型，开发多维度用于公司业务分析决策的报表。
2.维护已有BW/BO系统处理链和报表，解决异常问题，保持其正常运行。
 
岗位要求：
1.本科以上学历，计算机/数据挖掘相关等相关经验；
2.1年以上SAP BW经验或1年以上BI/BO项目经验，个人有较强的业务理解能力和数据分析能力",8,15,11.5,电子商务,BI/报表
数据分析工程师,6k-8k,网宿科技,移动互联网,2000人以上,上市公司,厦门,经验应届毕业生,本科及以上,全职,"职位描述
        职位描述：
1、针对CDN运营及行业的海量数据，进行数学建模和数据分析；
2、参与数据分析系统的研发工作，实现数据分析工作的自动化。

职位要求：
1、2017年应届毕业生，本科或以上学历；
2、统计学、数学或计算机等相关专业优先；
3、热爱数据分析工作，了解数据分析基本理论，有基本的开发能力；
4、有参与过数学建模比赛优先，会R语言的优先；
5、具备良好的沟通能力、优秀的团队合作精神。",6,8,7.0,移动互联网,数据工程
数据分析,10k-20k,富力地产,"移动互联网,电子商务",2000人以上,上市公司,广州,经验3-5年,本科及以上,全职,"职位描述
        岗位职责：
1、收集、整理、统计和分析产品运营数据，并定期输出数据分析报告；
2、监控、分析用户情况和流量数据，为用户推广或产品运营提供支撑和建议；
3、收集、监测及分析竞争对手在用户推广和产品运营方面的策略和情况。
 
任职要求：
1、经济管理、统计学或数学本科及以上学历；
2、熟练使用excel、PPT等办公软件和SPSS、SAS等数据分析软件；
3、三年以上互联网行业数据分析相关工作经历；
4、对于网站分析监测工具有了解，如GA；
5、良好的数据敏感度，能够独立进行产品运营相关专题分析、报告撰写、汇报等工作；
6、强烈的工作责任心、严谨的工作态度及良好的学习、沟通、逻辑分析能力，有独立开展研究项目经验。",10,20,15.0,移动互联网,数据分析
数据分析（授信）,6k-12k,北京捷越联合,金融,2000人以上,不需要融资,北京,经验1-3年,本科及以上,全职,"职位描述
        工作职责：
 1、负责授信评审中心及授信评审中心相关的SAS报表开发及需求相关工作; 
2、负责授信业务的数据统计分析、风险跟踪监控、为授信政策的制定和调整提供数据支持； 3、负责行业研究分析工作，并从数据角度指导授信政策制定； 
4、负责授信业务政策分析报告的撰写； 
5、负责征信系统与授信政策相关的策略调整工作。            
任职资格: 1、统招全日制本科及以上学历，金融学、数学、统计学、金融工程、计算机等相关专业背景优先考虑； 
2、对风险管理有一定的认知，具备扎实的数据和统计学知识及一定的数理分析能力，掌握SAS、VBA、R、MatLab等某一分析软件； 
3、思路开阔、灵活，具有较强的学习与探索能力，能够独立、积极、主动发现业务问题，并善于与团队表达自己对业务的想法； 
4、具有较强的定性、定量分析能力，具有准确把握政策的能力，责任心强，有良好的合作精神，沟通能力较强； 
5、熟练掌握常用办公软件，具有良好的沟通能力。 
工作时间： 弹性工作制：9：00-6：00或9：30-6：30，周末双休",6,12,9.0,金融,数据分析
数据分析,5k-8k,极客邦科技,文化娱乐,50-150人,A轮,北京,经验1-3年,本科及以上,全职,"职位描述
        岗位职责：
1、负责广告的投放的发布、设置、管理等工作，熟悉各种广告形式的特点及监测手段与方式；
2、输出广告相关数据报告，能够对数据报告作出分析解读，找到存在的问题；
3、广告投放过程中对广告效果及数据进行及时跟进，对投放中的问题及时反馈并协调解决；
4、负责开发维护广告联盟等供应商、合作伙伴关系，针对不同项目需求能与供应商及合作伙伴进行谈判协商，有效控制项目成本；
5、负责平台数据库的管理及数据营销，包括EDM发送、数据梳理、数据库优化、数据库营销及其回访。

任职要求：
1、本科及以上学历，计算机应用、软件开发、信息管理等相关专业优先；
2、从事过广告管理或数据库营销工作，有一定工作经验优先；
3、IT行业或市场营销相关职位1-3年工作经验优先，有媒体广告或数据库管理经验者优先；
4、熟练应用Word、Excel等办公软件，具有一定数据分析和数据解读能力。",5,8,6.5,文化娱乐,数据分析
数据分析专员,3k-6k,海西医药交易中心,"电子商务,医疗健康",150-500人,未融资,厦门,经验1-3年,大专及以上,全职,"职位描述
        岗位职责:1、分析医药行业招标、供应链流程中各对象的影响因素，提出数据需求；2、分析多种渠道的源数据数据质量，按业务需要提供清洗算法；对清洗好的数据进行系统录入管理；3、整理数据关系，维护数据字典，形成逻辑模型； 整理源数据与逻辑模型映射关系；4、分析药品和器械的产品数据组成结构，建立维护标准数据；5、关注收集药品和器械的市场价格数据，建立价格参考库。任职要求:1、全日制大学专科以上学历，药学或临床专业，优秀应届生亦可；2、具有数据洞察力，对数据业务关系有较强的分析逻辑；3、熟练使用EXCEL等数据处理工具；4、有一定的执行力，有良好的学习能力、沟通能力、和领悟能力；5、有执业药师资格证优先考虑。

注：该工作地点为海沧泰地中心 ，岛内员工提供上下班车接受。",3,6,4.5,电子商务,数据分析
数据分析总监,20k-30k,富尔达,"移动互联网,电子商务",500-2000人,不需要融资,北京,经验3-5年,本科及以上,全职,"职位描述
        岗位职责:
1.参与产品、运营的项目设计和实施，把控数据埋点；
2.推动数据分析主题、维度、指标等 数据基础体系的建设工作；
3.根据对运营、数据分析、管理决策的理解，推动BI平台的设计。
4.作为分析与产品、运营、市场等部门的接口人，响应重点的数据分析需求；
5.负责数据分析报告的商业化发展和数据可视化平台的建设。
6.建立财务、产品分析模型，为公司管理层提供高价值的分析报告

职位要求：
1.统计学、计量经济学、数据挖掘、计算机等相关专业硕士及以上学历。
2.三年以上数据分析经验，有过10人以上数据分析团队管理经验。
3.熟悉linux系统及常用命令；熟练使用 SQL，熟练使用 Excel，掌握JAVA、 R、PYTHON、SAS等至少一种语言的。
4.有过数据产品平台系统设计经验的优先。
5.有在互联网公司、统计软件公司、咨询公司等平台进行数据分析工作经验优先。",20,30,25.0,移动互联网,数据分析
数据分析/业务分析主管,7k-14k,斗米兼职,"移动互联网,O2O",150-500人,A轮,北京,经验3-5年,本科及以上,全职,"职位描述
        工作职责：
1、 梳理公司核心业务逻辑及重要项目分析逻辑；
2、 构建公司各环节业务分析指标体系，提供系统性的指标模型与维度模型；
3、 构建数据获取模型，快速准确搭建数据源和数据处理过程；
4、 调研数据变化原因、对发现问题进行深入剖析和诊断，提出切实有效的改进方案；
5、 对BI产品建设提出指导建议；

职位要求：
1、 三年以上工作经验优先；统计学、数学、计算机、财务、市场营销等相关专业本科以上学历；
2、 具备复杂业务逻辑数据分析经验和互联网/咨询工作经验优先；具备复杂业务分析经验或BI系统构建经验；
3、 熟练掌握office办公软件，熟练使用EXCEL、SPSS、SAS、R语言等数据工具及SQL者优先；
4、 具有较强的数字敏感度和逻辑性，具备良好的沟通能力、团队合作精神，善于发现问题、解决问题；稳重踏实，积极乐观，抗压能力强；",7,14,10.5,移动互联网,数据分析
DBA工程师-数据库管理员/...,10k-20k,好屋中国,"移动互联网 ,O2O",2000人以上,A轮,上海,经验3-5年,大专及以上,全职,"职位描述
        岗位职责：
1、管理公司数据库服务器高可用集群,保障服务稳定7X24可用；2、建立和维护数据库高可用集群监控和备份恢复机制，提高服务运行质量；3、对开发人员的访问数据库SQL语句进行评审和调优；4、负责公司开发员工数据库方面知识培养,提高公司整体开发人员数据库方面能力。5、负责维护数据库系统的稳定、高效、安全运行，参与数据架构规划设计；6、负责及时排除数据库故障，并对数据库进行持续性能优化；7、负责数据库开发支持，以及相关业务的数据建模、设计评审、SQL代码审核等；8、领导交代的其他任务。 岗位要求：
1、三年以上mysql dba实际工作经验,熟悉Innodb、MyISAM引擎以及相关优化策略；2、熟悉MySQL主从复制、主主复制，了解相关高可用技术方案；3、熟悉No-SQL技术(如MongoDB、Redis等)，有实际维护经验优先3、熟悉Linux/Unix操作系统，熟练使用Perl、Python、SHELL等至少一种语言；4、良好的学习能力和对新技术的追求精神；5、良好的团队协作能力，积极主动，乐于接受挑战；",10,20,15.0,移动互联网 ,数据工程
数据分析主管,6k-10k,携程,"移动互联网,旅游",2000人以上,上市公司,上海,经验1-3年,本科及以上,全职,"职位描述
        工作职责：
1、日常的统计分析和制作定期报告
2、根据业务需求，完成从需求分析到数据采集，清理，分析，制作报告等工作
3、整理更新BI需求和报表原型，BI故障跟踪

工作要求：
1、本科及以上学历，计算机、数学、统计学相关专业；
2、1年以上数据统计类工作经验，有数据仓库项目或数据挖掘项目优先；
3、有良好的沟通协调能力和学习能力、较强的工作责任心和执行力、严谨细致的工作态度；
4、会运用Excel,Access,SQL，SPSS等工具",6,10,8.0,移动互联网,数据分析
产品运营/平台运营/数据分析,5k-8k,名医传世,移动互联网,150-500人,B轮,广州,经验1-3年,大专及以上,全职,"职位描述
        岗位职责：

1、负责名医传世平台运营，参与到网站、APP运营，用户运维，活动策划等各项运营项目中；
2、负责名医传世医院端市场的线上运营支撑，配合渠道、平台部门组织策划相应的运营支撑；
3、负责收集平台的各项数据指标，定期输出分析报告，报告能对产品改进、市场拓展提供价值依据；具体为网站流量分析、APP用户数据分析、平台数据分析、培训数据分析、市场活动数据分析，体现到工作中为数据周报、专项报告。

任职要求：
1、需有1年以上互联网项目运营经验；
2、熟悉平台运营、线上活动策划，并有成功的项目经验，有to B项目线上运营经验更佳；
3、熟悉互联网平台运营中的各项数据指标，对数据敏感，能用数据说话，并拥有专题、专项数据分析经验。
4、当然你要有一颗善于发现和学习的心，了解所从事工作背后的逻辑。无论你是什么样的性格，一定要有责任心和团队合作的意识，以及融入团队必备的沟通能力。


名医传世是医院培训整体解决方案的提供商。
我们汇聚全国顶级名医，打造高端医学视频。
我们帮助医院岗位培训体系标准化、信息化。
我们的目标是：
提升基层医疗服务水平，为人类的健康造福！

&lt;&lt;&lt;&lt;&lt;————加入我们吧，妥妥儿的————&gt;&gt;&gt;&gt;&gt;
园区办公---绿色天然氧吧，森林式办公让你心情舒畅~
五天双休---摒弃不规律的调休生活，周末不耍更待何时哇
带薪年假---拿着薪资去happy，任性如我=w=
绩效奖金---能者多得，快爆发你的小宇宙~
岗位晋升---晋升和调薪，自己的天花板自己来决定( •̀ ω •́ )y
扁平管理---我们只看效率，能者说了算！
下午茶呢---每周水果雪糕还有糖水哦balabala简直选择困难：3
员工活动---组队羽毛球踢毽子唱k徒步浪~
生活补贴---工作餐餐补和你的各种通讯费应酬费~报报报！
犹豫啥呢，我们在鸟语花香里等你(●ˇ∀ˇ●)",5,8,6.5,移动互联网,数据分析
高级数据分析专员,12k-20k,方付通,"移动互联网,金融",500-2000人,不需要融资,上海,经验3-5年,本科及以上,全职,"职位描述
        岗位描述：
1.构建全面的、准确的、能反映服务业务线特征的整体指标体系, 并基于业务监控指标体系，及时发现与定位业务问题
2.通过专题分析，对业务问题进行深入分析，为公司运营决策、产品方向、销售策略提供数据支持
3.沉淀分析思路与框架， 提炼数据产品需求，与相关团队（如技术开发团队） 协作并推动数据产品的落地
4.与相关团队协作进行数据建模工作，推动业务部门的数据化运营
5.与相关团队协作（如数据运营团队）组织数据技术与产品相关的理念、技能、工具的培训
 
岗位要求：
1.统计、数学、信息技术、生物统计本科以上学历，3年左右相关工作经历
2.熟练独立编写商业数据分析报告，及时发现和分析其中隐含的变化和问题
3.良好的数据敏感度,能从海量数据提炼核心结果，有丰富的数据分析、挖掘、清洗和建模的经验
4.熟练运用SQL，能高效的与数据技术团队进行沟通
5.大项目的经验，有丰富的跨团队、部门的项目资源整合能力，能够独立开展研究项目
6.有客户数据模型建立和运营经验、数据化运营经验、数据类产品类规划经验，尤其是互联网相关的优先",12,20,16.0,移动互联网,数据分析
数据分析工程师,15k-20k,思朗特,移动互联网,50-150人,上市公司,北京,经验3-5年,硕士及以上,全职,"职位描述
        岗位职责：  
--根据项目设计开发数据模型、数据挖掘和处理算法；
--通过数据探索和模型的输出进行分析，给出分析结果；
--关注大数据应用相关方向的前沿研究，参与热点技术论坛。
任职资格:  
--硕士及以上学历，3年以上相关工作经验，计算数学、数理统计和计算机相关专业背景者优先；  
--具有丰富的数据分析，挖掘，和数据仓库建模的项目实践经验，擅长常用的统计方法如：线性回归、逻辑回归、实验设计、市场篮分析、聚类、分群等，熟悉主流统计分析软件，数据挖掘的常用算法，能够进行海量数据处理和挖掘；
--信仰、热爱数据。",15,20,17.5,移动互联网,数据工程
数据分析/挖掘顾问（风险策...,15k-25k,上海惠保数据科技有限公司,"移动互联网,O2O",150-500人,B轮,上海,经验3-5年,本科及以上,全职,"职位描述
        岗位职责：
1、对公司数据平台中车辆、客户和商户基本信息、订单交易信息进行分析和数据挖掘，构建核心风险指标及反欺诈模型；
2、参与业务需求分析，探索业务风险点，为公司风险控制、产品方向和营销策略等提供决策支持；
3、将数据研究成果转化成业务规则并跟进落实，最终部署在公司业务及决策支持系统中；

职位要求： 1 、两年以上商业数据分析或数据挖掘工作经验，熟悉常用的数据挖掘算法，有互联网、IT或金融行业经验者优先； 2、具备数据建模实践能力，熟练掌握一种以上统计分析工具软件，如R、SPSS或SAS，能熟练使用Excel、SQL等工具；
3、有好奇心和探索精神，思维逻辑清晰，愿意与团队一起探讨和尝试创新的分析方法；
4、大学本科及以上学历，应用数学、数理统计、保险精算或计算机等相关专业优先；
 
 ",15,25,20.0,移动互联网,算法/挖掘
数据分析团队负责人,20k-30k,上海银行信用卡中心,金融,2000人以上,不需要融资,上海,经验3-5年,本科及以上,全职,"职位描述
        岗位：数据分析团队负责人
岗位职责：
1、负责信用卡数据分析需求的整体管理，负责数据分析基础的建设：负责牵头完成信用卡中心数据基础建设规划，制定推进方案并组织落实；负责组织落实信用卡中心日常数据支持，包括数据提取、运维报表制作、数据分析；负责建立健全信用卡中心数据管理相关制度；负责指导业务系统建设数据相关事项；
2、负责团队人员管理：制定团队工作目标并进行工作分配；负责团队员工工作监督及日常考核；协助部室经理进行部室日常管理。
资格条件：
1、全日制211、985院校本科及以上学历；
2、原则上35周岁以下；
3、具有3年以上金融工作经历，2年以上信用卡相关从业经验；
4、熟悉信用卡业务，具有较强的分析与实践能力，熟悉SAS、SPSS等统计软件或BI工具；
5、有较强逻辑思维能力和学习能力，有团队管理经验者优先。",20,30,25.0,金融,数据分析
数据分析&平台实习生,3k-5k,寄云科技,"移动互联网,数据服务",50-150人,A轮,上海,经验不限,学历不限,全职,"职位描述
        岗位职责：1、为相关数据挖掘模型、算法、策略，提供支持。职位要求：1、计算机相关专业（数据挖掘，机器学习，人工智能，计算智能，模式识别，信息检索等相关方向），数学（统计学等，有深厚数学功底，热爱数学）物理（有较强的抽象建模能力）2、熟练掌握python/java/C,C ，其中一种或多种等3、熟悉Linux/Unix环境，shell编程等4、了解hadoop平台及常见组件5、热爱互联网，较强的分析解决问题的能力，踏实，主动，较强的学习能力踏实，细心，有悟性，靠谱，有平台开发经验，分类，回归,聚类，序列分析,推荐等数据挖掘，机器学习相关研究经历优先；

工作类型：实习
工作地点：上海
实习周期：6个月
实习时间：4天-5天/周
 ",3,5,4.0,移动互联网,数据分析
高级数据分析工程师（055-XG1）,9k-14k,四维图新,"移动互联网,生活服务",2000人以上,上市公司,北京,经验3-5年,本科及以上,全职,"职位描述
        工作职责：
1、  分析电子地图数据的问题和客户所提的需求
2、  和相关部门沟通，寻找解决问题和满足需求的方法及资源，并和项目经理一起指定实现的计划。创建相应的文档；
3、  使用Jira或其他软件来管理问题和需求。对问题和需求进行跟踪、验证和总结；
4、完成上级领导交办的其他工作。
职位要求：
1、  正规院校计算机、测绘、GIS或其它理工科相关专业本科以上学历
2、  3年以上GIS行业数据分析支持相关工作经验
3、  熟悉下列三种以上技能即可
1）  熟练掌握MapInfo等相关软件
2）  熟悉C、C++开发工具
3）  熟悉数据统计分析的方法
4）  熟练掌握SQL和Linux
4、  具有撰写分析报告的技能
5、  熟练掌握常用的办公软件
6、  具有良好的英语听说读写能力
7、具有优秀的责任感、分析判断能力、问题解决能力、表达能力、合作能力。",9,14,11.5,移动互联网,数据工程
数据分析总监,30k-60k,真融宝,金融,50-150人,B轮,北京,经验10年以上,本科及以上,全职,"职位描述
        岗位职责：
1.   负责行业动态数据的收集和分析，掌握市场和产品发展的前沿动向，充分实现数据的商业价值；
2.   负责对公司核心数据指标进行梳理、分解，运用数据方法有效提升公司运转效率；
3.  负责构建公司数据分析与数据挖掘业务分析体系，负责海量运营数据的分类汇总和分析研究；
4.  负责数据管理团队的建设工作，有效领导数据分析与挖掘团队支持和推动业务发展。
岗位要求：
1.  计算机软件、统计等相关专业，本科及以上学历; 7年以上相关工作经验；硕士以上学历优先 
2.  具备深厚的数据建模（机器学习，数据挖掘，信息检索背景）和分析理论知识和经验，如语义分析和时间序列相关的算法；
3. 至少精通一种常用的数据分析工具R/Matlab/SPSS/SAS/Weka，有大规模数据挖掘、自然语言处理、机器学习、hadoop平台经验优先；",30,60,45.0,金融,数据分析
数据分析工程师,8k-14k,格安科技有限公司,数据服务,50-150人,B轮,广州,经验1-3年,大专及以上,全职,"职位描述
        岗位职责：

1. 负责公司运营产品的数据分析与后台展示；
2. 建立良好的产品数据监测和汇报机制：对产品数据进行例行监控，及时发现数据的异常波动，并通过深入分析了解其原因；
3. 深入理解产品和用户，基于深度数据分析发现产品问题，评估产品健康度，寻找产品的问题根源，并推动产品改进；
4. 建立业务运营分析模型，对业务进行趋势预测以及风险分析，独立撰写相关报告；
5. 关注行业动态与国内外的竞争对手，定期输出相关数据分析报告；
6. 持续改进数据分析模型，推动信息化与精细化管理水平。

任职要求：

1. 统计学、数学或计算机、数理统计或数据挖掘专业方向相关专业大学本科以上学历；
2. 互联网3年以上数据分析、数据挖掘经验；
3. 熟练使用数理统计、数据分析、数据挖掘工具软件；
4. 熟悉 Python 编程，熟练使用SQL，习惯Linux工作环境；
5. 善于总结归纳数据规律，制定数据标准；
6. 了解数据挖掘常用算法，有数据建模实践经验优先；
7. 有过互联网业务分析或数据后台系统相关经验优先",8,14,11.0,数据服务,数据工程
数据分析/舆情分析专员（互...,3k-5k,珍岛集团,"移动互联网,广告营销",500-2000人,A轮,上海,经验不限,大专及以上,全职,"职位描述
        职位描述：


 负责客户舆情账户的信息收集整理工作；

2.信息收集,客户舆情系统账户的信息导出；
3.信息正负面研判：负责客户舆情系统帐号采集信息正负面的筛选；
4.了解公司舆情系统的工作机制，熟悉并可熟练掌握并执行；
5.挖掘和分析网友在不同推广平台的习惯、情感及体验感受，与网友互动；
6.通过有效运营手段使各种营销方式达到KPI要求，及网络营销效果；
7.强有力的执行力，每天保证质量并完成每日规定工作量；
8.每天整理操作报表并提交给舆情分析师；
9.随时协助和执行项目主管或舆情分析师分配的工作；
10.每日按时提交日报、周报，说明工作状况，反馈工作中存在问题 ；

岗位要求：

1.优秀应届毕业生;
2.了解网络口碑营销及社会化媒体营销的执行方式；
3.了解广告法规；
4.对新闻事件、热点具有敏感度；
5.富有责任心和进取心、具有团队精神。具备良好的学习能力，抗压能力强。",3,5,4.0,移动互联网,数据分析
资深数据分析开发工程师,15k-25k,万兴科技,"移动互联网,硬件",150-500人,B轮,深圳,经验3-5年,本科及以上,全职,"职位描述
        岗位职责：
1.       负责大数据分析平台的搭建开发与调优；
2.       负责基于海量数据的日志分析计算、大数据产品设计与开发；
3.       根据产品需求和系统规划，负责核心产品推荐场景算法的研发和优化；
 
任职要求：
1.   有海量数据处理、BI、数据挖掘等相关工作三年以上经验者，计算机或相关专业本科以上学历；
2.   具备良好的数学、统计学基础；
3.   精通Java、Python、go至少一门语言，编程基础扎实；
4.   熟悉主流的开源分布式数据采集、计算和存储相关技术，例如Flume、Kafka、MongoDB、Hadoop、MapReduce、Hbase、Spark、Storm等，并有运维和调优经验者优先；
5.   参与过完整的数据采集、数据清洗整理、分析和建模，支撑海量数据的计算和分析服务工作者优先；
6.   严谨的逻辑思维，强烈的技术热情, 具备优秀的团队协作精神，良好的沟通表达能力,喜欢有挑战性的工作。",15,25,20.0,移动互联网,数据工程
自然语言方向 – 数据分析/...,20k-40k,房多多,"移动互联网,O2O",2000人以上,C轮,上海,经验3-5年,本科及以上,全职,"职位描述
        1､基于分词､文本分类､语义分析,特征抽取等做人机对话系统的相关算法设计和优化｡
2､研究非结构化大数据､搜索引擎领域的前沿技术;
3､根据具体的产品要求,应用相关NLP技术到具体的产品中去
 
职位要求:
1､深刻理解并熟练掌握机器学习､NLP､最优化理论､统计学､数据挖掘的算法和技术; 2､扎实的编码能力与算法基础,,至少掌握 Linux C/C++､Java､Perl､Python､Linux Shell 中的一种; 3､计算机,应用数学,统计,电子工程及相关专业,硕士及以上学历,并且相关工作经验一年以上; 4､有自然语言处理､数据挖掘､机器学习､最优化理论的项目经验者优先; 5､有对话系统管理或知识库管理相关经验者优先｡",20,40,30.0,移动互联网,数据分析
产品经理（偏数据分析）,10k-20k,途牛旅游网,"电子商务,旅游",2000人以上,上市公司,上海,经验3-5年,本科及以上,全职,"职位描述
        工作职责：
1.  管理和分析产品及业务的数据需求，作为运营和产品部门之间的沟通桥梁；
2. 有产品设计及产品流程设计能力
3. 了解业务需求，设计各个模块数据输出和分析；
4. 对业务能全面把控，深入了解业务细节；；
5、保证相关产品数据质量的管控，确保统计结果的可信性。

任职要求：
1、 具有2年以上互联网产品工作经验，有移动端经验更佳，具备较强数据分析能力。
2、 本科或以上学历，计算机、统计、数学等相关专业优先；
3、 有知名互联网企业工作经验者优先；
4、 有较强的沟通能力和协调能力。",10,20,15.0,电子商务,数据产品
数据分析经理,12k-20k,联金所,金融,500-2000人,B轮,深圳,经验3-5年,本科及以上,全职,"职位描述
        岗位职责： 
1. 负责数据分析部管理工作，带领团队为公司运营决策、产品策略等提供数据支持； 
2. 主导公司风控管理模型开发(贷前、贷后、反欺诈)、优化、监控； 
3. 参与风控系统建设，参与产品的开发，在产品流程和定价中开发风险控制策略； 
4. 建立风险追踪报告体系，每日从大量数据中抽取风险特征、动态，及时调整风险策略 
5. 搜集分析行业动态与趋势，关注先进的数据分析手段及风险控制方法，组织制定和实施风险数据分析的技术提升方案； 
       
岗位要求： 
1. 金融、数学、统计、计算机等相关专业本科及以上学历；  
2. 3年以上数据分析等相关工作经验，有团队管理经验； 
3. 熟悉MIS报表体系，至少有过一个完整评分模型建设经验，熟悉常用数据挖掘算法（如聚类，逻辑回归，决策树等）；至少掌握一种数据库（Oracle，Mysql等），掌握一种及以上数据挖掘工具（R\Python\SAS等）； 
4. 思维敏捷，良好的逻辑分析能力、沟通及组织能力，具备高度的责任心及较强的执行力，能在一定压力下工作。 
 ",12,20,16.0,金融,数据分析
数据分析（产品）,8k-12k,映客直播,"移动互联网,文化娱乐",500-2000人,B轮,北京,经验1-3年,本科及以上,全职,"职位描述
         
岗位职责：
1、深入理解产品和用户，对产品、运营有良好的理解能力，对数据产品有一定的理解
2、能通过数据发现产品、运营中的一些问题并能给出好的建议
3、能快速响应产品、运营、市场等部门的数据统计需求，并在理解业务的基础上给出更好的数据支持
4、能高效保质的完成产品经理的数据统计和数据分析任务
5、建立良好的数据监测和汇报机制，对产品、运营等相关核心数据进行例行监控，能及时发现数据变化趋势并能深入分析原因
6、定期完成周报、月报等日常数据报告工作。

任职要求：
1、本科及以上学历
2、工作年限1-3年，一年以上互联网数据统计或数据分析经验
3、对数据敏感，能从数据中发现问题、解决问题
4、有清晰缜密的逻辑思维能力、独立的分析调研能力
5、做事主动，执行能力强，沟通能力好
6、熟练掌握SQL语音、excel、ppt
7、有移动端产品数据分析或者数据后台系统相关经验的优先",8,12,10.0,移动互联网,数据分析
数据分析(002560),8k-15k,美菜网,"电子商务,O2O",2000人以上,C轮,北京,经验3-5年,本科及以上,全职,"职位描述
        岗位职责:1、参与公司项目数据分析的设计、统计、测算、建模、数据处理及数据分析和深度挖掘工作； 2、负责建立、管理和完善公司的各项业务统计分析模型，为公司运营决策、产品方向、销售策略提供数据支持； 3、从数据分析和数据挖掘的角度为公司业务发展提供建议； 4、负责公司业务决策系统、催收、监控需求整理； 5、建立和完善公司业务数据分析流程和体系； 6、为本部门及其他部门提供数据统计与分析的相关培训要求。
任职资格:1、数学、统计学、风险管理、经济、金融学等相关专业本科及以上学历； 2年以上统计、建模和数据库工作经验； 3、熟练运用数据统计分析等相关软件，具有较强的数据挖掘和数据分析能力 4、具有金融相关行业的数据分析和挖掘经验者优先； 5、具有敬业精神，能自我驱动高效地完成工作，具有团队精神。",8,15,11.5,电子商务,数据分析
项目助理（数据分析）,3k-5k,欣和企业,生活服务,2000人以上,不需要融资,烟台,经验1年以下,本科及以上,全职,"职位描述
        岗位职责：
1、参与公司相关会议，进行会议记录，整理会议资料及相关数据；
2、进行公司数据挖掘相关工作，负责基础信息搜集、整理，定性分析或定量分析，形成专业研究报告；
3、配合完成公司专项研究项目。
任职要求：
1、本科及以上学历，数学、统计、财务、会计、金融等相关专业，16年应届毕业生或15年毕业生；
2、因岗位工作需要，此岗位会经常加班；此岗位为5.5天工作制。",3,5,4.0,生活服务,数据分析
数据分析主管,10k-15k,北京捷越联合,金融,2000人以上,不需要融资,北京,经验1-3年,本科及以上,全职,"职位描述
        岗位职责:1、负责收集公司内部数据并分析整理，制作数据分析报告；2、协助业务部门对公司数据进行有效监督管控，制定数据标准，完善分析方法，优化工作流程；3、擅长数据处理及分析，熟练操作相关软件、工具的应用，理解业务方向和战略，辅助建立量化模型工具，为不同产品、策略提供服务；4、结合公司业务运作流程，通过数据挖掘和分析，为公司管理层提供决策支持；5、各种临时性数据的整理和分析。
任职资格:1、熟练使用EXCEL函数数据透视等功能，善于用合理的方式进行数据可视化；2、掌握一种数据分析工具（SPSS/SAS/R/Matlab），熟悉SQL，熟悉各种数据挖掘的常用算法；3、较强的数据敏感性，开阔的思维和视野，擅于通过数据分析发现业务规律；4、本科以上学历，统计学、数学、计算机等相关专业优先；5、有互联网金融、电子商务、互联网信息行业工作经验优先；6、2年以上数据分析、数据挖掘相关工作经验优先。",10,15,12.5,金融,数据分析
商业数据分析,20k-40k,麻小外卖,"O2O,电子商务",150-500人,不需要融资,北京,经验3-5年,本科及以上,全职,"职位描述
        岗位职责
负责餐饮以及外卖业务的数据分析，包含但不限于  
   常规分析：基于对业务策略的深刻理解，建立基本分析框架，并制定各业务线的经营分析报告，如月报；
专题分析：在常规分析基础上，针对各业务出现的异常情况，进行专项课题研究分析，找出原因，并给到业务部门可行性改进建议。
临时数据需求支撑：业务部门临时性数据及分析需求

岗位要求
重点院校本科及以上数学、统计、金融、经济学、信息管理等专业； 
两年以上互联网、零售或咨询行业分析相关工作经验；
熟练掌握EXCEL、R等数据处理工具，熟悉SQL语言；
逻辑清晰，善于独立思考，学习能力强，能举一反三；
认真负责，沟通能力良好，乐于团队合作",20,40,30.0,O2O,数据分析
数据分析经理,7k-12k,上海挖宝金融信息有限公司,广告营销,50-150人,未融资,上海,经验5-10年,本科及以上,全职,"职位描述
        工作职责：
1、建立和完善数据分析体系；
2、负责运营数据分析，日/周/月运营数据收集整理、分享；
3、独立完成相关数据分析报告及个性化需求数据分析；完善数据报表体系、及时监控运营状况，并提供专业分析报告；
4、搜集分析行业动态与趋势，关注先进的数据分析手段及风险控制方法，组织制定和实施风险数据分析的技术提升方案；
5、根据数据分析结果为公司战略发展提供策略建议；
6、领导安排的其他工作

任职资格：
1、大学本科及以上学历，统计学、数学、电子商务、计算机、市场营销或商业管理等相关专业毕业优先；
2、5年以上数据分析相关工作经验，有网络或网络金融平台数据分析经验者优先考虑；
3、丰富的数据建模实践经验、熟练掌握Excel/Access/SPSS/SQL等常见数据分析工具；
4、极强的数据分析和逻辑能力，有优秀的统计学知识背景；
5、具有很强的沟通协调能力、归纳总结能力，有较好的学习能力与承受压力的能力。",7,12,9.5,广告营销,数据分析
数据分析（市场方向）,6k-10k,人人行(借贷宝),"移动互联网,金融",2000人以上,B轮,北京,经验1-3年,大专及以上,全职,"职位描述
        岗位描述：
1、负责市场活动数据的提取、处理及分析工作，为公司业务部门等提供数据支持；
2、根据数据质量进行分析，为运营提供数据支持；
3、负责营销活动进行数据监控，保障核心机密信息不外泄；
4、协助其他相关部门完成必要的数据信息统计；
任职资格
1、专科及以上学历，统计学、经济学、市场营销，财务管理等经济相关专业；
2、具有1年以上中端运营管理经验优先，熟练掌握各种统计方法，能很好运用excel等办公软件；",6,10,8.0,移动互联网,数据分析
数据分析经理,18k-25k,,,,,北京,经验5-10年,本科及以上,全职,"职位描述
        工作职责：
1、负责客服整体运营数据分析，指标测算与制定，考核及优化提升，撰写分析报告；
2、负责监控一线客服行为数据，分析数据得出异常原因，与相关部门上级沟通，拟定解决办法，优化工作流程，提升服务效率和质量；
3、负责收集、整理客户需求信息并对信息进行分析，提出改善产品或服务的具体建议和措施，并及时反馈给相关部门完成产品迭代，以及服务升级；
4、针对业务数据规律，建立数据分析模型，对客服系统提出相关修改意见；
5、按照PDCA流程，通过分析确定服务改善项目，并推动改善实施。 

任职资格：
1、   专科以上学历，统计学、经济学、数学等相关专业优先；
2、   具备良好的专业背景、逻辑能力好，有较强的创新思维、执行力和沟通能力；
3、   具备战略思维能力和策略思维，有全局观念，善于做整体规划，思路清晰；
4、   能熟练使用SPSS、ACCESS或SAS等统",18,25,21.5,未知,数据分析
数据分析/运营高级经理,10k-20k,途牛旅游网,"电子商务,旅游",2000人以上,上市公司,上海,经验3-5年,本科及以上,全职,"职位描述
        岗位职责： 1. 负责业务数据统计分析挖掘、统计分析，并提交有效的分析报告，为公司经营决策工作提供数据支撑； 2. 参与公司预算、绩效和业绩目标的制定和管理工作； 3. 负责完善重要数据监控流程，周期性跟踪运营数据并提供专业分析报告； 4. 负责建立数据异常预警机制，针对异常数据进行深入分析，分析产生差异的可能因素，及时提报异常数据至相关责任人； 5. 负责所辖团队的管理，包括团队建设、培训、绩效考核等。 岗位要求： 1. 本科及以上学历，数据、统计学、经济学、计算机等专业背景优先； 2. 五年以上数据分析、经营管理工作经验，有金融、零售类公司经历优选； 3. 精通Office等办公软件，熟练使用EXCEL/PPT进行报表制作及信息展示； 4. 对数据具有高度的敏感度和警觉性，能够洞察数据异常的原因，并提出改进意见； 5. 较强的逻辑分析能力和文字表达能力，具备数据分析报告讲解能力； 6. 具有良好的管理能力，有较强的责任心、抗压能力、富有团队合作精神。",10,20,15.0,电子商务,数据分析
数据分析大师,15k-22k,优办网,"移动互联网,O2O",500-2000人,B轮,北京,经验3-5年,本科及以上,全职,"职位描述
        【岗位职责】
1、负责业务数据的收集、整理、汇总，保证相关各项数据的及时、准确、完整和规范；
2、对公司产品的各项运营、产品数据分析，进行数据监测、分析、统计、并形成指标体系； 
3、深入业务，理解业务运作逻辑，利用数据分析手段，发现业务瓶颈并提出行动建议；
4、针对公司业务的数据进行深入分析，为公司决策、产品运营提供数据分析支持；定期提供活动或用户等专项分析报告。

【任职要求】
1、本科及以上学历，计算机专业、统计、应用数学、信息管理与信息系统等相关专业优先考虑；
2、1年以上相关工作经验，有较强数据处理、分析能力，熟练使用Excel、SQL，熟悉一种数据分析工具（如R语言、SPSS、SAS等）；
3、对数据敏感，较强的逻辑分析能力和文字表达能力；
4、具备很强的责任心和使命感，深信以数据来分析和优化业务，提供决策支持具有重要价值，对数据敏感，工作严谨无疏漏。",15,22,18.5,移动互联网,数据分析
数据分析&销售运营,4k-7k,五八郑州分公司,"移动互联网,O2O",2000人以上,上市公司,长沙,经验1-3年,本科及以上,全职,"职位描述
        岗位职责：1、负责本城市业务的数据分析，监控业务指标的运行情况，以日/周/月为单位定期提供运营分析数据图表，提供预测预警和针对性策略建议；2、负责本城市业务的数据管理，进行业务涉及的客户、产品、市场、效能等维度的分析并提供合理对策，跟踪所实施的市场活动，整理形成定期效果分析报告；3、建立完善本城市与产品、市场、培训等部门与业务团队的沟通反馈机制，了解业务相关的各类信息动态，定期收集整理并提供决策指引；4、参与公司CRM、BI、分析工具等平台和工具的建立和完善，将业务所需要的功能和规则推动到系统中得以实现；5、定期监控收集竞争对手产品、市场、销售等情报，并进行调研分析，针对性给出策略建议；
6、协助城市负责人进行团队管理工作，如监督团队、组织会议、制定销售政策等。 任职资格：1、本科及以上学历，统计学、数学专业优先；
2、2年以上相关工作经验；3、对数字和业务敏感，EXCEL公式嵌套要求熟练，了解数据模型和经营分析的通用方法论；4、结构化逻辑思维能力，缜密的分析总结能力；5、沟通表达力较强，积极主动乐观，抗压能力较强；
6、具有互联网产品直销团队相关的分析经验优先。薪资福利：1、具有竞争力的薪资，并配备个人办公笔记本电脑；2、体系化培训（新人培训+成长计划培训+外部培训+拓展培训+管理领导培训）全方位助你成长；3、内部良好的晋升通道，专业和管理双向晋升通道；4、社保、公积金、各类带薪休假（法定假日、年假等），健全的社保体系，同时每年提供一次健康体检，另有58同城特有的“爱心基金”为员工解决家庭后顾之忧；5、除国家法定节假日外，每年免费旅游，以及各种员工活动（聚餐、郊游、运动会、员工生日会等）；6、公司内部可订餐，且附近各类经济类小吃，白领薪水，工薪消费，为您解决生活费高昂问题； ",4,7,5.5,移动互联网,数据分析
数据分析,8k-12k,趣护网/小趣好护士,"O2O,医疗健康",50-150人,未融资,北京,经验1-3年,本科及以上,全职,"职位描述
        岗位职责：
1、运营指标的监控与数据分析（EXCEL） 2、撰写运营分析报告（PPT） 3、协助制定部门运营计划、关键行动方案、预算方案 4、对重大运营决策出具专业意见及建议
5、参与建立考核体系，制定考核方案和考核细则 6、完成部门/组内安排的其他工作，执行部门/组内统一的工作计划安排及上级领导交待的其他事宜；
任职要求：
1、金融类、数学统计类专业、大学本科（含）以上学历 2、有2年以上数据分析经验 3、可熟练运用EXCEL、PPT进行数据分析及工作汇报 4、会成熟的数据挖掘工具、数据挖掘算法，例如：SPSS/CELEMENTINE、SAS/EM等，或者会熟练操作开源软件如R、WEKA； 5、有客户数据模型建立和运营经验、数据化运营经验、数据类产品类规划经验，尤其是有互联网/移动互联网/支付行业相关的优先； 6、具有较强的适应性、责任心、主动性；具有一定的领悟能力和再学习能力；具备一定的沟通协调能力与分析能力；能承受一定的工作压力",8,12,10.0,O2O,数据分析
仓储数据分析(002310),3k-4k,美菜网,"电子商务,O2O",2000人以上,C轮,南京,经验不限,大专及以上,全职,"职位描述
        岗位职责:1、对公司相关运营数据进行提取、多维度分析和整理，并根据数据分析结果提出业务策略建议；2、理解行业及产品运营方向，在不同产品周期定义数据监控模型并跟踪实施；3、负责日常规定期数据报告的整理和评估，向各相关部门推送报告，并沟通问题点和解决方案；4、致力于公司数据管理的持续优化；5、负责公司活动如冲刺，大促期间的数据定期播报工作
任职资格:1、大专及以上学习，数学，统计学或电子商务相关专业；2、极强的学习能力，较强的逻辑思维和抽象总结能力；较强的数据敏感度；3、有较强的商业意识，能规划和梳理真正的数据需求；4、扎实的统计分析理论基础，能熟练操作至少一种数据分析工具,如SPSS，SAS等，有数据库基础的优先考虑；5、有良好的书面和口头表达能力，能够制作简明的分析报告并有效地传达；6、善于沟通，团队协作能力强；",3,4,3.5,电子商务,数据分析
数据分析实习生,2k-4k,易到用车,"移动互联网,O2O",500-2000人,C轮,北京,经验不限,本科及以上,实习,"职位描述
        岗位职责：1.负责易到用车用户和司机的行为分析，抽象数据分析需求，独立设计数据提取和分析算法，输出有价值的结论；2.协助业务数据库表建设和报表设计，建设业务数据监控体系；3.探索并建立用户行为和市场变化模型，输出预测观点和建议。
任职要求：1.本科及以上学历，数学、统计、计量经济学、计算机相关专业优先；2.熟练使用Hive 和 SQL ，能够快速 Hive 数据库和日志抽取数据并根据需要对数据进行前期处理；3.熟练使用至少一种数据分析工具(Python/R/SAS/SPSS)，能针对较大型和复杂的数据进行深入的数据挖掘；4.思维敏捷，逻辑严谨，口头和书面表达能力好，善于沟通。",2,4,3.0,移动互联网,数据分析
数据分析专员,6k-10k,慧釜融资租赁,金融,150-500人,不需要融资,上海,经验1-3年,本科及以上,全职,"职位描述
        岗位职责：
1、 对于金融机构内部和外部数据，进行数据分析、数据挖掘、建模开发等工作；
2、 对于信贷全生命周期中涉及的模型进行开发、维护、更新等工作；
3、 提供数据分析，以支持销售、审批、贷后管理、催收等方面的工作；
岗位要求：
1、 1年以上银行、相关金融机构或知名咨询公司数据分析工作；
2、 掌握各类统计分析方法和建模技术，能够熟练运用统计分析软件进行数据分析和建模开发；
3、 具备良好的学习能力，能够快速对行业信息和知识进行洞察和掌握；
4、 良好的沟通能力，能够与各个业务部门进行沟通；
公司福利：1、薪资福利：14薪，年度调薪， 10-18天带薪年假；
2、多元化的员工培训（技能培训、拓展培训等）；
3、 健全的员工关怀机制（年度旅游、补充医疗保险、年度体检、节假日福利等）；
4、 自主性的团队建设活动；
5、 公司拥有完整的晋升体系，激励员工成长。",6,10,8.0,金融,数据分析
数据分析工程师（遛米项目）,8k-12k,米么金服,"移动互联网,金融",150-500人,B轮,上海,经验1-3年,本科及以上,全职,"职位描述
        岗位职责：
1.基于互联网金融理财业务运营的需求，进行内部数据的处理、分析和挖掘。
2.基于业务发展需求，规划、管理、实施外部数据合作。
3.基于Tableau平台，对已有报表的维护和再开发。

岗位要求：
1.有1年及以上数据相关工作的经验，互联网金融行业的数据工作经验优先；
2.能熟练使用EXCEL，并有基本编程语言基础，包括但不限于SQL、SAS、R、PYTHON。
3.逻辑思维强，对数据感兴趣，对数据产品有好奇心。
4.性格开朗，乐于交流，综合协调管理能力强，乐于接受挑战。
5.全日制一类本科及以上学历，数学、统计、经济学、计算机等相关专业为佳。",8,12,10.0,移动互联网,数据工程
数据分析实习生（2个缺）,2k-3k,优酷土豆,"数据服务,文化娱乐",2000人以上,上市公司,上海,经验不限,硕士及以上,实习,"职位描述
        岗位职责：
1. 完成销售团队的临时数据分析需求
2. 参与分析报告的制作，初期负责数据整理，等熟悉数据架构和业务需求后，可在他人协助下完成分析报告
任职要求：
1、研究生或以上学历，商管、经济、统计、计算机、信息类相关专业优先，国内外知名大学优先考虑
2、熟悉SQL或R语言，面试有程序编写测验；熟悉Excel、SQL、PowerPoint
3、高度学习能力及适应力，能快速因应工作内容变化
4、优秀的逻辑思维和分析能力
5、乐于团队合作、具有良好沟通能力

岗位职责： 1、协助制作内部数据报表，并对数据起伏变动做出解释 2、帮忙处理来自公司内部的临时数据分析需求 任职要求 1、相关专业（统计/数学/计算机/市场研究）的在读研究生； 2、能相对熟练操作EXCEL、PPT，会SQL查询的优先 

要求每周至少实习3天，实习半年以上，不符合要求的请不要投递，谢谢！
投递的同学请在简历上说明实习时间的安排。",2,3,2.5,数据服务,数据分析
（高级）数据分析/经营分析,10k-20k,58到家,"O2O,生活服务",2000人以上,A轮,北京,经验不限,本科及以上,全职,"职位描述
        工作职责：
分析的价值绝对不只是处理数据和写报告，而是在于支持决策及执行落地。
主要的工作要求：
基于对业务的深刻理解，建立分析框架和推动数据建设，发现异常，找出原因，预测未来，给出策略建议；
在落地过程中，给予相应的数据和分析支持。
具体的工作任务：
1、撰写周度、月度各类数据分析报表、报告；
2、专项课题研究；
3、竞品监测；
4、行业发展趋势研究。
任职要求：
1、我们没有那么在意数据分析的工具和经验，因为我们认为与业务结合的分析思路和方法是第一位的，有咨询公司或互联网公司分析岗位经验优先；
2、当然如果有数据分析经验，了解和熟悉至少一种数据库软件（如：mysql、sql server等），熟练使用至少一种统计软件和统计工具（如SPSS、SAS、Google Analyticss），会让你更快地进入角色，事半功倍；
3、我们也不是闭门造车的书生，需要你有良好的沟通能力，和各个端，和市场一线，了解业务、产品情况，落实分析所需的数据，并且将分析的结论简明高效地传达给决策者；
4、这个行业前所未有，这个市场瞬息万变，这个团队有各种职能，需要你有极强的学习能力，快速地理解业务并不断学习。",10,20,15.0,O2O,数据分析
数据分析专员,5k-7k,上海自如友家,"O2O,移动互联网",2000人以上,不需要融资,上海,经验1-3年,本科及以上,全职,"职位描述
        【岗位职责】1.负责公司楼盘的增删管理与维护，对楼盘经营提出分析和建议2.负责公司价格管理，制定合理的价格管理规则和方法3.负责公司业务运营数据统计和分析4.负责对业务计划的支持、跟踪、分析与总结

【岗位要求】1.本科及以上学历，专业不限，1年以上工作经验2.熟练使用office办公软件3.有较强的逻辑分析能力4.性格开朗、有服务意识

【公司福利】：【完善的福利体系】五险一金、健康体检，固定饭补、房补、国内及出境游；【完整的培训体系】入职后的running team【新人培训】、专业化的【通关培训】以及【导师制】助力你的阶段发展，从小嫩芽到职场精英，技能不断get中…",5,7,6.0,O2O,数据分析
数据分析实习生（遛米项目）,1k-2k,米么金服,"移动互联网,金融",150-500人,B轮,上海,经验不限,本科及以上,实习,"职位描述
        岗位职责：
基于互联网金融理财业务运营的需求，进行内部数据的处理、分析和挖掘。


岗位要求：
1.经验不限，接受应届生
2.能熟练使用EXCEL，并有基本编程语言基础，包括但不限于SQL、SQL SERVER、SAS、R、PYTHON。
3.逻辑思维强，对数据感兴趣，对数据产品有好奇心。
4.性格开朗，乐于交流，综合协调管理能力强，乐于接受挑战。
5.全日制一类本科及以上学历，数学、统计、经济学、计算机等相关专业为佳。",1,2,1.5,移动互联网,数据分析
数据分析主管,8k-12k,金柚网,企业服务,500-2000人,B轮,北京,经验3-5年,本科及以上,全职,"职位描述
        岗位职责：
1、负责金柚网日常产品数据汇总，为业务方向提供数据分析支持；
2、从数据的角度对产品的运营进行分析，并提供产品优化决策依据与分析建议；
3、制作数据分析报表（周、季、年）；
4、定期进行竞品分析和行业分析。任职要求：
1、本科及以上学历，具有2年以上数据分析相关工作经验；
2、熟练使用office办公软件；
3、熟练使用常用数据分析软件；
4、具备良好的数据敏感度、逻辑分析能力和解决问题能力，善于发现问题、解决问题。
ps 希望你的性格活泼开朗积极，愿意在创业公司长期发展。",8,12,10.0,企业服务,数据分析
数据分析经理,12k-18k,Publicis Media 阳狮媒体,广告营销,150-500人,不需要融资,北京,经验3-5年,本科及以上,全职,"职位描述
        岗位职责：
1. 负责互联网产品用户数据的分析与挖掘，对平台、广告相关数据，进行收集、分析和挖掘，搭建相关数据模型；
2. 负责为广告主提供数据趋势分析，对客户的网站流量进行来源分析及用户行为分析，根据分析数据做出相应的广告投放及网站优化调整策略，为广告优化走向提供数据建议，提升客户ROI；
3. 了解微博/微信等社会化媒体，能对客户竞争对手的社会化媒体运营进行分析，生成分析报告；
4.  与客户需求进行有效对接，能及时确定客户需求，并进行有效实施。
 
任职要求：
1. 本科以上学历，统计学、应用数学、计算机、金融等相关专业；
2. 熟练掌握和运用DoubleClick DFA, Doubleclick Dart Search, Miaozhen, Admaster, Atlas DMT等或类似数据管理工具者优先；
3. 擅长网站分析、流量管理与分析，具有数据分析挖掘等相关的从业经验；
4. 有互联网或广告相关行业背景；
5. 具备较强的逻辑分析和数据处理能力，有较强的执行能力。",12,18,15.0,广告营销,数据分析
数据分析（跨境业务）,12k-20k,卷皮,电子商务,500-2000人,C轮,深圳,经验3-5年,本科及以上,全职,"职位描述
        岗位职责
1. 全面理解业务和数据，跟踪产品版本、竞品、项目、数据，通过数据分析发现问题，提供有效优化策略和针对性的应对方案，解决的业务或流程缺陷
2. 对关键问题，设计和实施数据分析项目，通过统计、数据挖掘建模等数据分析手段，输出有价值的专题分析报告，用数据支持运营、产品、市场决策
3. 需关注用户拉新留存活跃复购营销商品规划等各业务线全流程，持续优化成本，提高转化，提高电商组织效率
4. 为业务部门提供报表进行效果跟踪，检查日常数据是否异常，并进行预警反馈
5. 完成业务部门数据分析需求的调研、分析及实现

岗位要求
1. 大学本科或以上学历，计算机科学、数学、统计等相关专业，3年以上数据分析、BI领域工作经验，可独立完成数据分析项目，英语能力良好，熟悉电商业务；
2. 熟悉至少一种目前主流的数据库（MySQL、Oracle、SQL Server、Teradata等），掌握hive/sql/R/SAS/SPSS等数据提取工具优先；
3. 熟悉互联网电商产品研发流程，具备产品运营策划能力，具有一定的产品设计能力；
4. 具有良好的商业敏感度、业务数据敏感度和优秀的数据分析技能，能够开发创新且实用的分析方法以解决复杂的业务问题。严密的逻辑分析能力，对数据驱动业务有深入理解；
5. 具备高度的责任心及团队精神，愿意接受挑战性的工作，抗压能力强，善于沟通，推动力强，能够及时高效完成任务。",12,20,16.0,电子商务,数据分析
数据分析,10k-20k,猎豹移动,"移动互联网,信息安全",500-2000人,上市公司,北京,经验3-5年,本科及以上,全职,"职位描述
        工作职责：
1、建立良好的产品数据监测和汇报机制：对产品数据进行例行监控，及时发现数据的异常波动，并通过深入分析了解其原因；
2、深入理解产品和用户，基于深度数据分析发现产品问题，评估产品健康度，寻找产品的问题根源，并推动产品改进；
3、优化和改进现有数据统计和报表系统，结合业务需求，建立合理的数据分析模型，并使之体系化； 
4、关注行业动态与国内外的竞争对手，定期输出相关数据分析报告。
任职要求：
1、对数据敏感，能从数据中发现问题、解决问题；
2、敏锐全面的洞察力，清晰缜密的逻辑思维能力，以及独立的分析调研能力；
3、做事主动,执行能力强，沟通能力好，团队合作精神佳；
4、熟练掌握SQL语言，Office办公软件；
5、有丰富数据分析经验；
6、有过移动端产品或数据后台系统相关经验更好。",10,20,15.0,移动互联网,数据分析
数据分析/模型分析,10k-15k,百度外卖,"移动互联网,O2O",2000人以上,不需要融资,北京,经验1-3年,本科及以上,全职,"职位描述
        1、日常运营数据监测
2、运力模型建模与分析
3、站点/商圈城市规划
4、数据分析报告的输出
任职要求：
1、熟练掌握SQL
2、掌握SAS或SPSS
3、精通EXCEL或FINEBI
4、有建模经验",10,15,12.5,移动互联网,数据分析
数据分析专员,4k-8k,Pacific Epoch,"移动互联网,电子商务",15-50人,不需要融资,上海,经验不限,本科及以上,全职,"职位描述
        1. 应用公司软件进行数据采集2. 进行数据处理和分析3. 对数据平台进行监控，确认数据及分析结果的准确性4. 与其他成员针对特定项目进行分析和讨论
任职要求：1.金融/经济/统计/数学或计算机相关专业； 2016应届毕业生亦可2. 熟悉数据库操作，MYSQL为佳；了解HTML原理，能够应用一种分析语言或编程语言尤佳3. 熟练操作MS Office办公软件，excel熟练掌握4. 英文读写能力良好，听说能力能够进行日常交流，能够参与英文电话会议5. 良好的沟通及应变力能力，工作态度认真负责，良好的团队合作精神",4,8,6.0,移动互联网,数据分析
市场数据分析专员,4k-5k,广旭整合传播,"企业服务,文化娱乐",150-500人,上市公司,广州,经验1-3年,大专及以上,全职,"职位描述
        负责公司消费者分析、市场分析、媒介分析等工作；
1、负责各类专项调研的组织和执行；
2、负责与国内各主流调研机构的沟通，并根据原始数据和经理的要求输出各类分析报告；
3、收集行业竞争对手或产品的各种信息，进行市场调研并形成相关统计分析报表；
4、会艾瑞iresearch、央视的Adex power、央视cnrs数据库等优先；
5、熟练使用word、excel、ppt等office软件；
6、市场营销管理类或相关专业本科以上学历；
7、要求应聘者思维活跃，有逻辑分析能力、文字组织能力及组织协调能力强，具有敏锐的洞察力。",4,5,4.5,企业服务,数据分析
数据分析产品经理,10k-15k,猿辅导,"移动互联网,教育",150-500人,D轮及以上,北京,经验1-3年,本科及以上,全职,"职位描述
        【岗位描述】
1. 分析用户行为的数据，为提升产品质量提供依据；
2. 分析线上搜索case，寻找背后的深层原因；
3. 统计分析日常数据，挖掘规律。

【岗位要求】
1. 理工科研究生背景，会 SQL 和正则表达式；
2. 会总结数据质量的问题；
3. 可以推进相关的工作实施；
4. 思维灵活，逻辑能力强，喜欢钻研，有数据分析能力。",10,15,12.5,移动互联网,数据产品
资深研发工程师（数据分析...,25k-35k,威马汽车,"移动互联网,其他",150-500人,A轮,北京,经验3-5年,本科及以上,全职,"职位描述
        工作职责
1.负责车联网大数据需求分析及需求实现；
2.负责驾驶行为数据建模，分析驾驶特征，结果应用于车载智能系统业务；
3.负责用户行为数据建模，分析用户特征，结果应用于业务推广与运营数据分析，为业务决策提供参考；
4.完成上级领导安排的其他工作。
 
任职要求
1.本科及以上学历，2+年数据分析相关工作经验，对数据敏感；
2.较强的编程能力，熟悉Python/Java/SQL；
3.有海量数据处理和并行计算开发经验，如Hadoop/Storm/Spark/Mahout/Hive；
4.有大规模数据平台建设或数据仓库项目经验，了解数据仓库相关理论知识；
5.学习能力强，喜欢研究开源新技术，有团队观念，具备独立解决问题的能力。",25,35,30.0,移动互联网,数据工程
商业数据分析-经理,20k-30k,Walmart China,电子商务,2000人以上,上市公司,深圳,经验5-10年,本科及以上,全职,"职位描述
        职位描述

 分析所有内部和外部的业务需求，为现场提供详细的规范和管理与项目中所有参与者的沟通
 准备所有电子商务业务流程的文件，分析所有的网站流量，推荐有效的市场营销和销售计划
 监督和记录功能部门的所有接口要求，并分析和推荐策略以提高项目
 与每个团队协调分析所有项目从概念化到实施
 设计所有生产页面的日常报告，并分析所有的网站，以增加流量相同，并协助客户收购各种程序
 与所有运营和市场部门协调，以达到所有的财务目标
 与商户团队合作，执行和推荐改进现场表现，并为多个品牌准备各种Ad Hoc报告并分析业绩
 理解，开发商业智能解决方案的组件和报告，包括设计：结构化查询语言（SQL）开发，数据库集成，ETL过程、报告和仪表板的创作，分析整合。
 对业务流程进行分析，以确保解决方案符合特定的业务需求。
 积极主动地识别商业智能（BI）的机会，可以立即或长期带来价值。


要求：

 应用数学/统计学，软件/系统相关领域。
 5-10年相关工作经验。
 微软SQL Server的知识。
 理解业务流程和决策的能力。
 先进知识微软SQL Server、分析服务、集成服务。",20,30,25.0,电子商务,数据分析
商品专员/货控/数据分析专...,4k-7k,能猫工作室,电子商务,150-500人,未融资,上海,经验1年以下,学历不限,全职,"职位描述
         
岗位职能：
1、熟悉淘宝各项规则，遵循淘宝各项规则及公司制度；
2、店铺基础数据的维护（后台编码、库存、淘宝后台促销工具、宝贝搭配、产品价格、文案编写等）。
3、遵循淘宝各项规则，对各项活动选款、店铺页面选款、活动价格的设置与核对。
4、 品牌定位分析，定期对5家以上竞争对手页面布局、热销类目、产品结构、价格、活动、畅滞销进行分析，并评估对比，根据分析结果制定店铺调整计划并实施执行；
5、关注店铺畅滞销款，跟踪库存和销售，及时与厂家沟通货品补充。关注宝贝数据，发掘潜力款。
6、每天统计各品类销售占比表格，及时调整页面产品展示占比。每周及月做产品销售周报、月报,类目销售占比、类目平均单价同比变化、销售数量对比、畅滞销分析、宝贝转化率、宝贝浏览量等。
7、每月退货产品分析，根据售后提供退货信息表，分析退货产品占比，原因及解决方案。与厂家沟通货品支持、货品结构调整、断码产品补货等，活动价格、活动产品的申请，
 
 
任职资格：
1、1-3年服装从业经验
2、对服装行业趋势具有敏锐的洞察力、超前的预测力以及准确的判断力。
3、熟悉服装市场销售趋势，产品设计等。
4、具有敏锐市场洞察力和超前眼光。
5、熟悉电子商务行业优先考虑。
6、沟通社交能力、创新意识强，组织协调能力强。
 ",4,7,5.5,电子商务,数据分析
数据分析&运营经理,4k-7k,五八郑州分公司,"移动互联网,O2O",2000人以上,上市公司,武汉,经验1-3年,本科及以上,全职,"职位描述
        岗位职责：1、负责房产业务的数据分析，监控业务指标的运行情况，以日/周/月为单位定期提供运营分析数据图表，提供预测预警和针对性策略建议；2、负责业务的数据管理，进行业务涉及的客户、产品、市场、效能等维度的分析并提供合理对策，跟踪所实施的市场活动，整理形成定期效果分析报告；3、建立完善城市与产品、市场、培训等部门与业务团队的沟通反馈机制，了解业务相关的各类信息动态，定期收集整理并提供决策指引；
4、协助上级进行团队管理工作，如监督团队、组织会议、制定销售政策等。5、参与公司CRM、MAX、分析工具等平台和工具的建立和完善，将业务所需要的功能和规则推动到系统中得以实现；6、定期监控收集竞争对手产品、市场、销售等情报，并进行调研分析，针对性给出策略建议；
任职资格：1、本科及以上学历，统计学、数学专业优先；
2、2年以上相关工作经验；3、对数字和业务敏感，EXCEL公式嵌套要求熟练，了解数据模型和经营分析的通用方法论优先；4、结构化逻辑思维能力，缜密的分析总结能力；5、沟通表达力较强，积极主动乐观，抗压能力较强；
6、具有互联网产品直销团队相关的分析经验优先。薪资福利：1、具有竞争力的薪资，并配备个人办公笔记本电脑；2、体系化培训（新人培训+成长计划培训+外部培训+拓展培训+管理领导培训）全方位助你成长；3、内部良好的晋升通道，专业和管理双向晋升通道；4、社保、公积金、各类带薪休假（法定假日、年假等），健全的社保体系，同时每年提供一次健康体检，另有58同城特有的“爱心基金”为员工解决家庭后顾之忧；5、除国家法定节假日外，每年免费旅游，以及各种员工活动（聚餐、郊游、运动会、员工生日会等）",4,7,5.5,移动互联网,数据分析
数据分析实习生,1k-2k,arvato China,"广告营销,数据服务",2000人以上,不需要融资,上海,经验应届毕业生,本科及以上,实习,"职位描述
        岗位职责：1. 针对客户关系管理项目进行运营报表制作2. 针对客户关系管理项目进行月度业务报表制作3. 针对客户关系管理项目进行活动Tracking报表制作4. 针对品牌部门及市场部的需求进行报表制作5. 针对ad hoc进行报表制作和开发岗位要求：1. 本科以上学历，统计学，数学，计量学，计算机相关学科学士及以上学历2. 熟悉SQL server数据库操作，能从SQL server数据库中提取数据；3. 具备较好的人际交往能力、沟通能力，以及独立思考及处理突发事件的应变能力；4. 不迟于6月15日入职，每星期保证四天及以上的实习时间，包括暑假期间。5. 最好是大三或研一的在读学生。 ",1,2,1.5,广告营销,数据分析
数据分析方向,31k-45k,宇信科技,金融,2000人以上,未融资,上海,经验5-10年,本科及以上,全职,"职位描述
        数据分析 Base 上海1. 有 3~5 年或以上多行业的数据分析经验，对于业务有独到的理解和实际经验。2. 有电商/零售等行业数据产品设计经验，实际参与过大型数据产品设计工作。3. 有电商 1~2 年以上的数据分析和挖掘经验，理解电商常用的分析体系与分析流程。4. 对包括 ETL，流数据等海量处理能力有较好的认识，有 SQL、 Hadoop、流等大数据技术的基础能力。5. 对数据服务有清晰的架构认识，了解数据库基本原理，能够处理简单 SQL。6. 具备分析报告的撰写能力，实际参与过业务报告的撰写工作。7. 具备良好的沟通交流能力，能够按照项目方式组织运作数据产品。",31,45,38.0,金融,数据分析
数据分析实习生（用户研究）,2k-4k,滴滴出行,移动互联网,2000人以上,D轮及以上,北京,经验不限,学历不限,实习,"职位描述
        岗位职责：
1、深入了解移动应用线上线下的需求，有针对性的设计实验，深入到进行线上线下进行调研；
2、组织用户研究，通过定性研究分析挖掘和分析用户的使用习惯、体验问题，并提炼成产品设计需求，为产品运营和设计创新提供指引；
3、根据调研结果输出体验分析报告，并提出产品优化建议；
4、保持并维护与核心用户群体的关系，定期搜集用户反馈意见。
 

职位要求：
1、211/985大学优秀在读学生，心理学、社会学、市场营销或相关专业;
2、有市场与用户研究、用户体验测试类相关实习经验，对该项工作具有热情，有想法，敢行动，会沟通，乐分享；
3. 熟悉定性和定量研究的相关方法， 具备独立的项目操作经验;
4、具备良好的数据分析能力和良好的总结归纳能力，对研究结果的实践应用有所思考。
5、每周至少工作四天，至少3个月。",2,4,3.0,移动互联网,数据分析
产品经理（数据分析方向）,20k-30k,一点资讯,移动互联网,500-2000人,D轮及以上,北京,经验3-5年,本科及以上,全职,"职位描述
        1、负责输出对产品迭代有价值的数据分析报告，及时发现异常、驱动排查解决； 2、负责设计整体业务和产品迭代所需的数据平台，推动技术实现； 3、负责按需设计数据可视化报表。
任职资格：
1、熟悉MySQL，有丰富的数据生成、校验、可视化分析、异常排查工作经验，有很强的效率优先意识； 2、具备高度的工作责任心、抗压性，有吃苦耐劳的工作心态； 3、执行力强，善于沟通，团队协作能力较佳； 4、2~3年移动互联网数据分析技术或产品工作经验，有技术开发工作经验优先考虑； 5、本科以上学历，计算机相关专业。",20,30,25.0,移动互联网,数据产品
数据分析总监,40k-60k,云腾,"移动互联网,电子商务",50-150人,A轮,北京,经验5-10年,本科及以上,全职,"职位描述
        
岗位职责： 1. 负责行业动态数据的收集和分析，掌握市场和产品发展的前沿动向，充分实现数据的商业价值； 2. 负责对公司核心数据指标进行梳理、分解，运用数据方法有效提升公司运转效率； 3. 负责构建公司数据分析与数据挖掘业务分析体系，负责海量运营数据的分类汇总和分析研究； 4. 负责数据管理团队的建设工作，有效领导数据分析与挖掘团队支持和推动业务发展。 岗位要求： 1. 计算机软件、统计等相关专业，本科及以上学历; 7年以上相关工作经验；硕士以上学历优先 2. 具备深厚的数据建模（机器学习，数据挖掘，信息检索背景）和分析理论知识和经验，如语义分析和时间序列相关的算法； 3. 至少精通一种常用的数据分析工具R/Matlab/SPSS/SAS/Weka，有大规模数据挖掘、自然语言处理、机器学习、hadoop平台经验优先； 4. 熟悉互联网行业并且对于行业内常见的业务形态与商业模式有深入的理解，对业务变化有敏锐的洞察力，有一线互联网数据分析核心岗位工作经验优先； 5. 善于创新、思维敏捷、精力充沛，沟通能力强，具备较强的团队合作精神并能够承受较大工作压力。",40,60,50.0,移动互联网,数据分析
数据分析产品经理,10k-20k,金证股份,金融,2000人以上,上市公司,深圳,经验3-5年,本科及以上,全职,"职位描述
        岗位职责：
1.规划和跟进证券类BI系统的需求实现、迭代优化；
2.数据应用产品需求分析、产品设计、项目跟进和产品运营；
3.数据平台管理、etl流程管理、消息和权限管理等工具需求分析、产品设计、和项目跟进和迭代；
4.数据产品交流、分享、人才培养。

任职要求：
1.精通数据产品开发流程。数据开发+产品开发（熟悉数据源、分析模型数据、数据的ETL开发、前端交互与体验的优化、熟悉相关系统环境，技术，工具、数据产品运营）
2.熟悉证券公司业务动向和商务智能（BI）动向。
3.了解数据分析方法、工具和思路。
4.熟悉项目管理，具有强有力的项目协调和把控能力。",10,20,15.0,金融,数据产品
数据分析实习生,2k-3k,携程,"移动互联网,旅游",2000人以上,上市公司,上海,经验不限,本科及以上,实习,"职位描述
        岗位职责：
1. 通过SQL做后台数据提取和处理，满足业务方的常规数据需求； 
2. 日常报表的制作和监控，从数据的角度发现、提出、解决问题；
3. 监视关键性业务指标，发现问题并及时反馈给业务。
任职要求：
1. 教育水平：理工科专业本科或以上学历；数学、统计、计算机软件、经济学、等专业优先；
2. 技能要求：熟练运用SQL；熟悉R等数据分析工具者优先；
3. 能力要求：逻辑分析 数据分析 学习能力 适应性强。",2,3,2.5,移动互联网,数据分析
数据分析,15k-30k,酷我音乐,"移动互联网,文化娱乐",500-2000人,不需要融资,北京,经验3-5年,本科及以上,全职,"职位描述
        岗位职责：
1.根据需求收集数据；
2.日常数据整理，分析；
3.对线上业务需求建立相应的数据模型；
4.各部门数据支持。
任职要求：
1.了解互联网核心数据，三年以上工作经验；
2.有强烈的数据敏感度；
3.精通Excel，或SPSS；
4.希望在数据方向发展。",15,30,22.5,移动互联网,数据分析
数据分析高级主管/经理(00...,15k-25k,链家网,"移动互联网,O2O",500-2000人,未融资,北京,经验5-10年,本科及以上,全职,"职位描述
        岗位职责:1. 深入理解互联网运作模式，建立流量数据快速收集、统计、分析至营销应用的全流程数据体系。2. 结合业务特征，系统地构建用户数据分析体系和分析模型，为公司客户管理、产品运营、业务发展等提供决策支持。3. 与业务方、产品和技术部门形成紧密合作，整合多方资源共同推动体系运行。
任职资格:1. 5年以上相关工作经验（电商、咨询、商业/数据分析、市场和消费者分析）2. 优秀逻辑思维能力，擅长研究分析，能够系统性的思考和分析问题，同时具有较好的报告呈现能力。3. 掌握主流的定性、定量市场研究方法，了解不同方法的工作流程、优势与局限性。熟悉了解行业研究、消费者研究、竞争标杆、品牌调研等常见市场研究模块。4. 良好的沟通能力、学习能力、执行力、团队合作精神及抗压能力，具备带团队的能力，有格局、有影响力。5. 了解和熟悉程序化营销的应聘者优先",15,25,20.0,移动互联网,数据分析
数据分析,6k-12k,易诚互动,"电子商务,金融",500-2000人,不需要融资,广州,经验1-3年,本科及以上,全职,"职位描述
        岗位职责：
1、 针对互联网金融产品建立相关风险预测数据模型、交易欺诈防范模型等数据模型；2、 参与业务方的各项活动的数据挖掘支持工作，通过模型手段实现业务需求；3、 进行数据模型（或规则）的关键指标评估、历史数据测试分析，以及模型的监控与维护；

任职要求：
 1、大学本科学历，计算机、数学、统计学、计量经济学、金融学等相关专业毕业，从事数据分析相关工作2年以上；
2、了解数据仓库和数据挖掘相关技术，熟悉SQL和数据库知识；
3、熟悉常用的数据分析方法和常用模型，熟悉SAS、SPSS、R等统计分析工具软件；
4、具有较强的逻辑分析能力，对商业和业务逻辑敏感，具备良好的数据分析报告撰写能力；
5、了解互联网金融和商业银行基础知识，有在金融或互联网行业数据分析工作经历优先；",6,12,9.0,电子商务,数据分析
数据分析与算法架构师,15k-20k,久康云,"移动互联网,医疗健康",150-500人,上市公司,南京,经验3-5年,硕士及以上,全职,"职位描述
        Job Description


 Collect, analyze and draw insights from real world healthcare data 
 Mine existing biomedical signal and healthcare datasets to guide algorithm design and optimization 
 Perform comprehensive evaluation of new concepts using bench, preclinical, and clinical 
 Develop statistical models to explain and predict biomedical healthcare data

Required Skills and Experience


 Proficient in MATLAB and/or Python scripting 
 Strong foundation in the principles of machine learning algorithms 
 Knowledgeable in statistical modeling, and statistical tests 
 Ability to work independently to solve complex problems with large, real-world datasets 
 Passion for innovation",15,20,17.5,移动互联网,数据分析
游戏数据分析-上海,8k-12k,爱奇艺,"广告营销,文化娱乐",2000人以上,D轮及以上,上海,经验1-3年,本科及以上,全职,"职位描述
        岗位职责:1、 负责游戏平台各产品线的数据统计及分析；2、 负责竞品以及行业数据的监控及分析；3、 定期对用户进行定性定量的数据调研；4、 维护数据统计表格，整理各周期（周、月、季、年）的数据统计及汇总；5、 对后台数据统计需求进行整理，并提出相应产品开发需求。
任职资格:1、 本科及以上学历，2年以上互联网游戏相关运营工作经验；2、 有数据分析统计经验优先，数学专业优先；3、 对数字有较强的敏感性，能通过数据分析出当前问题以及提出改进意见；4、 精通数据表格，数据库操作，可以独立完成数据需求策划。",8,12,10.0,广告营销,数据分析
MIS Navigator (数据分析...,4k-6k,捷信,金融,2000人以上,不需要融资,武汉,经验1-3年,本科及以上,全职,"职位描述
        工作职责：
1. 制作运营部内各部门的日月年度报告
2. 定期撰写数据分析报告，为公司运营决策提供有效的参考数据
3. 同IT部门合作对业务数据进行组合分析、挖掘
4. 制作部门年度人力需求计划并进行月度调整
5. 制作年度部门预算
 
学历/经验
l.大学本科或以上学历(数理统计、信息技术)
2.至少一年以上运营数据分析、统计等相关经验者
3.其他上级交待的工作
 
要求：
l. 熟练的英文读写能力
2. 能够独立工作
3. 执行力强
4. 具备数据分析统计能力
5. 熟练使用Excel各项数据功能，熟悉SQL语言，了解Database
6. 坚持、诚信
 ",4,6,5.0,金融,数据分析
数据分析,2k-4k,趣分期,"移动互联网,金融",2000人以上,D轮及以上,北京,经验不限,本科及以上,实习,"职位描述
        一、岗位描述：

 负责BI团队数据统计分析需求，并提供适当的解读分析
 负责BI团队数据指标统计逻辑的整理
 结合业务特点，探索并建立分析主题，对数据进行深度分析和挖掘

二、职位要求

 有敏捷的逻辑思维能力、文字表达能力、学习能力及业务理解能力
 有良好的团队协作及沟通能力
 工作积极主动，严谨认真，肯吃苦，肯钻研
 熟练掌握SQL语句编程及优化
 熟悉Linux，Shell &amp; Python &amp; PHP脚本优先",2,4,3.0,移动互联网,数据分析
Python开发/数据分析建模,4k-6k,新世纪启航,"游戏,金融",15-50人,天使轮,南京,经验1-3年,本科及以上,全职,"职位描述
        岗位职责： 
1、负责与团队一起进行数据分析建模
2、编写数据分析建模研究报告
3、模型在线测试，优化修改模型
4、Python Web开发
任职要求：
1.计算机，软件，数据统计，金融，自动化，物理，大气等（专业不限）
2.有一年以上Python开发经验，优先在校生也欢迎
3.熟悉Django，Flask等框架使用者优先。
3.熟练掌握Python基础知识，掌握Numpy,Pandas,matplotlib的使用。有一定数学建模，数据分析能力。有机器学习开发经验者优先，参加过数学建模大赛获奖者优先。
4.熟练使用Python做数据分析处理。熟练使用sklearn者优先，从事过大数据分析者优先，有过金融或游戏开发经验者优先。
5.具有一定的分析能力和解决问题的能力。乐于学习新知识，学习能力强、具备良好的团队合作精神。积极主动的工作态度，乐观向上的价值观，强烈的团队合作意识。
6.对于优秀的应届毕业生，可适当放宽相关项目经验的要求。
工作时间： 上午9点30分到中午12点半 下午2点到6点半。公司按进度会安排加班。",4,6,5.0,游戏,数据分析
数据分析/舆情分析专员（应...,3k-4k,珍岛集团,"移动互联网,广告营销",500-2000人,A轮,上海,经验应届毕业生,大专及以上,全职,"职位描述
        职位描述：

1.负责客户舆情账户的信息收集整理工作；
2.信息收集,客户舆情系统账户的信息导出；
3.信息正负面研判：负责客户舆情系统帐号采集信息正负面的筛选；
4.了解公司舆情系统的工作机制，熟悉并可熟练掌握并执行；
5.挖掘和分析网友在不同推广平台的习惯、情感及体验感受，与网友互动；
6.通过有效运营手段使各种营销方式达到KPI要求，及网络营销效果；
7.强有力的执行力，每天保证质量并完成每日规定工作量；
8.每天整理操作报表并提交给舆情分析师；
9.随时协助和执行项目主管或舆情分析师分配的工作；
10.每日按时提交日报、周报，说明工作状况，反馈工作中存在问题 ；

岗位要求：

1.优秀应届毕业生;
2.了解网络口碑营销及社会化媒体营销的执行方式；
3.了解广告法规；
4.对新闻事件、热点具有敏感度；
5.富有责任心和进取心、具有团队精神。具备良好的学习能力，抗压能力强。

工作时间：

早九晚六，周末双休；",3,4,3.5,移动互联网,数据分析
大数据开发/数据挖掘/数据...,10k-20k,美味不用等,"移动互联网,O2O",500-2000人,C轮,上海,经验1-3年,本科及以上,全职,"职位描述
        工作职责：1.数据挖掘：负责对行业数据、互联网数据以及餐饮行业的需求数据以及我们现有数据的收集整理和挖掘;
2.数据分析：a.对我们现在的用户行为轨迹进行分析，找出更精确的用户行为和用户需求；b.对商家的排队和其他数据进行分析，查出整个服务流程中可能存在的问题；c.通过对各种数据的整理分析，为商家提供更好的数据依据。
任职资格：  1.计算机自然语言处理、数据挖掘等专业，或应用数学、统计等专业；  2.本科以上学历,具备三年以上开发经验；  3.有一定商业敏感性、商业捕捉能力，同时又具备一定的开发和数据分析处理能力的程序人员；  4.对餐饮行业的现状和发展有一定了解和认识；  5.能从数据中找出我们自身以及我们的客户的存在问题和发展发向。",10,20,15.0,移动互联网,算法/挖掘
数据分析工程师,15k-20k,电子科技大学成都研究院,"移动互联网,信息安全",50-150人,不需要融资,成都,经验5-10年,本科及以上,全职,"职位描述
        岗位职责：
1、计算机、统计、数学等相关专业本科以上学历，26-35岁；
2、工作经验5年以上，同类岗位工作经验3年以上，实际项目（数据分析/数据挖掘类）经验2年以上，从事过文本分析或文本挖掘项目的优先；
3、熟练使用R、Python中一种语言，并熟悉至少2种用于文本处理和1种用于图形化数据展现的第三方package, 两种都熟练 或 会JAVA、C++等基础语言之一的优先；
4、熟练使用R-STUDIO、eclipse+pydev、PyCharm等开发工具之一，并会sas、spss、matlab之一的优先。
备注：
在满足以上1-4条件前提下，有过BI、数据仓库经验的优先；
在满足以上1-4条件前提下，有过互联网公司经验的优先；
在满足以上1-4条件前提下，有过hadoop或spark经验（项目经验中的项目使用过这两项技术，不必须担当过开发角色）优先。",15,20,17.5,移动互联网,数据工程
市场经理（数据分析）,12k-22k,MCAKE,"移动互联网,电子商务",150-500人,A轮,上海,经验5-10年,本科及以上,全职,"职位描述
        【岗位职责】
1、 参与制定公司战略发展规划，负责公司市场部门战略和计划，市场预算的制定，执行和管理；
2、 负责公司在互联网领域的营销推广，包括市场推广、商务合作、数据分析等，特别是线上推广策略的制定、监督、执行，提升互联网平台及移动端产品的知名度，有效提高访问量、注册用户量等，带领团队完成业绩指标；
3、 根据公司发展目标和行业发展状况，制订产品市场传播策略，跟踪市场/产品的各项数据的分析，并提供后续方案并监督实施；
4、 研究分析市场状况、跟踪行业发展趋势、竞争对手动态为市场决策事项提供数据支持；
5、 针对互联网产品的市场推进提供专业性、合规性的支持；
 
【任职要求】
1.   5年以上传媒或市场营销及推广经验， 3年以上互联网、电子商务行业的从业背景，熟悉烘焙美食行业者优先；
2.   拥有丰富的网络推广资源，有成功的市场推广案例；
3.   敏锐的市场洞察力和前瞻性，熟悉各种互联网营销策略；
4.   信息收集和分析能力强，对数据敏感，对行业发展有自己的见解，能够指导并指引运营方向；
5.   具备团队建设和管理的经验，良好的沟通技巧，能在较大的压力下实现市场运营目标；
6.   能承担高负荷的工作，有良好的团队合作精神，责任心强，工作敬业，有很强的开拓精神。",12,22,17.0,移动互联网,数据分析
项目专员-数据分析方向(00...,6k-10k,链家网,"移动互联网,O2O",500-2000人,未融资,北京,经验应届毕业生,本科及以上,全职,"职位描述
        岗位职责:1. 搜集、整理、清洗业务相关数据，并输出报表、报告；2. 通过指标数据监控，发现问题、挖掘业务机会、预警潜在风险；3. 结合发现的问题，主动从多方面了解根本原因，并提出解决建议，形成结论；4. 有较强的跨部门沟通协作的能力。",6,10,8.0,移动互联网,数据分析
数据分析总监(渠道方向),8k-16k,呜哩,移动互联网,150-500人,不需要融资,北京,经验1-3年,本科及以上,全职,"职位描述
        职位职责
    1. 对公司业务的相关财务数据进行审核，及时发现用户作弊行为并提出建议；    2. 与财务部门配合核对日常各平台财务数据，并对异常情况进行排查处理；    3. 熟练使用Excel数据透视表及其公式、PPT软件；    4. 针对相关数据可进行提炼分析，并形成报告。

任职要求
    1. 本科及其以上学历，互联网数据分析经验一年以上；    2. 具备有财务相关知识者优先；    3. 工作细心、有耐心、善于沟通、有责任心及较强的风险管控意识。",8,16,12.0,移动互联网,数据分析
Python开发/数据分析建模(...,3k-5k,新世纪启航,"游戏,金融",15-50人,天使轮,南京,经验不限,本科及以上,实习,"职位描述
        Python开发工程师
岗位职责： 
1、负责与团队一起进行产品开发；
2、主要负责产品后端数据挖掘，开发，维护工作；
3、负责测试计划的制定和实施；
任职要求：
1.计算机，软件，统计，金融，自动化，电子，通信，物理，大气等（专业不限）专业
2.掌握Python基础知识，熟悉Django，Flask等框架使用者优先。
3.掌握Numpy,Pandas,matplotlib,scipy的使用。有一定数学建模，数据分析能力。参加过数学建模大赛获奖者优先。
4.熟悉使用Python做数据处理。熟练使用sklearn者优先，从事过大数据分析者优先，有过金融或游戏开发经验者优先。
5.具有一定的分析能力和解决问题的能力。乐于学习新知识，学习能力强、具备良好的团队合作精神。积极主动的工作态度，乐观向上的价值观，强烈的团队合作意识。
6.对于优秀的应届毕业生，可适当放宽相关项目经验的要求。
工作时间： 上午9点30分到中午12点 下午2点到6点。公司按进度会安排加班",3,5,4.0,游戏,数据分析
数据分析/数据挖掘,10k-18k,同花顺,金融,2000人以上,上市公司,杭州,经验3-5年,本科及以上,全职,"职位描述
        职位描述：【工作职责】1、参与业务运营及活动策划，跟踪数据，评估效果。研究用户行为和消费习惯，深度挖掘用户潜在需求；2、跟踪产品数据，评估效果，推动产品改进；3、了解元数据管理，参与设计数据模型，并整理模型文档；4、与团队内部及需求方进行有效沟通，跟进解决相关数据问题。【任职要求】1、数学及计算机相关专业，2年以上工作经验；2、熟悉金融，了解移动互联网业务模式；3、熟悉SQL语言，掌握分类，聚类，逻辑回归算法，接触了解相关软件，比如SSPS、SAS、MATLAB等；4、有海量数据专题分析经验，挖掘模型成功项目经验优先考虑。",10,18,14.0,金融,算法/挖掘
搜狗地图-数据分析工程师,15k-30k,搜狗,"移动互联网,数据服务",2000人以上,C轮,北京,经验1-3年,本科及以上,全职,"职位描述
        
【项目介绍】

搜狗地图始终专注用户出行，建立出行优势，主要体现为：

 搜索地点准确快捷；
 路径规划合理，途中可以躲避拥堵
 到达时间预估准确
 定位速度快，偏航后能迅速重新规划道路
 语音播报准确易懂
 导航视图清晰简洁，有实景图
 路况信息实时准确无任何特殊运营手段下AppStore真实用户评分接近高德，远高于百度、谷歌。

【职位诱惑}
搜狗地图研发人员比例超过70%，其中40%拥有研究生以上学历； 未来搜狗地图将更加专注于用户需求，专注于做最佳地图导航产品，专注在导航场景丰富化、功能体验人性化、使用习惯移动化，出行服务整合化等四个方面。

【特别提示】：
搜狗欢迎专情的你，所以提醒你只能选择两个项目，请慎重投递


【工作职责】：
1. 负责基础定位数据包括GPS、基站、WiFi之间关联关系的分析。
2. 负责用户位置数据分析和挖掘。 
3. 协助完成部分定位算法研究工作。
     
      
【职位要求】：       
1、精通Java语言，两年以上Java编程经验。
2、熟练常用排序算法,有经典数据分类或聚类算法经验者加分。
3、熟悉mysql等数据库，熟练使用SQL。
4、熟悉Hadoop、hbase的集成开发。",15,30,22.5,移动互联网,数据工程
技术支持工程师（数据分析）,7k-12k,京东,"移动互联网,电子商务",2000人以上,上市公司,北京,经验1-3年,本科及以上,全职,"职位描述
        【职位描述】：
1. 负责京东触屏版m.jd.com相关数据整理及分析工作，并提交日常数据分析报告；
2. 通过对数据的深度分析，为产品、运营、推广决策等方面提供数据支持和参考；
3. 通过对数据的敏锐洞察，发掘潜在异常现象并迅速定位问题本质，提出解决方案；
4. 不定期进行专项数据分析，生成数据分析报告。
 
【职位要求】
1. 统计学、数学、经济学、金融学、计算机等相关专业，本科及以上学历；
2. 1年以上数据分析经验；
3. 熟练掌握Office，具备优秀的数据统计及图表展现能力；
4. 具有良好的逻辑思维能力、数据敏感度和分析洞察能力，能从数据推导出相应结论和优化策略；
5. 熟练使用SQL；
6. 具有较强的执行力和学习能力，抗压能力强；
7. 有电商相关数据分析经验优先。",7,12,9.5,移动互联网,数据工程
数据分析专员,4k-6k,烈焰畅游,移动互联网,50-150人,B轮,北京,经验不限,学历不限,全职,"职位描述
        岗位职责：
1、负责每日、周、每月的游戏数据分析，跟进产品销售走势；
2、能够基于数据分析得到有价值的信息、日常运营产品的监控，保证产品正常运作；
3、基于对竞技页游游戏的理解，运用数据分析和挖掘方法对市场进行研究、深入分析与掌握用户行为轨迹，
4、完成部门日常的其他数据工作。
岗位要求：
1、热衷游戏，对数据敏感，具有优秀的数据处理能力（有过游戏运营数据分析经验优先 ）；
2、具有优秀的学习能力，条理清晰，有良好的表达能力及沟通能力；
3、了解玩家及消费者心理；
4、做事认真细心，有上进心，有责任感，能承受工作压力，团队意识强。
5、态度积极，有较好的沟通能力，
6、有较强的组织语言文字功底，数据分析和逻辑能力；",4,6,5.0,移动互联网,数据分析
数据分析主管(CRM),10k-20k,数云,"企业服务,数据服务",150-500人,B轮,上海,经验3-5年,本科及以上,全职,"职位描述
        岗位职责描述： 1.带领团队帮助客户建立CRM分析框架，并满足各类分析需求，对客户负责；
2.基于大数据平台对运营人员提供数据分析支持，积累并固化常用分析报表； 
3.分析挖掘行业类目信息，提供有效的行业分析报告；
4.开发现有数据资源，在效率及深度上提升内外部的数据化运营。 专业背景： 1.计算机、信息管理、数学、统计等专业背景 岗位要求： 1.熟悉SQL语言，有SQL编码经验，熟悉HiveQL更佳； 2.能快速理解业务需求，并判断业务需求的合理性，并给出有效的建议；3.大学本科毕业或以上，计算机、信息管理、统计学等相关专业背景优先 ；4.在零售领域有过CRM数据分析相关经验者优先考虑。",10,20,15.0,企业服务,数据分析
数据分析经理,4k-8k,民生超市，百姓永辉,其他,2000人以上,上市公司,重庆,经验1-3年,大专及以上,全职,"职位描述
        岗位职责：
1、负责公司内部各类数据分析，包括数据采集、汇总、分析、挖掘、总结规律；
2、建立并完善公司日常管理数据异常监控体系，并监督执行并加以改善；
3、对公司各类营销活动效益进行综合评估；
4、定期发布专题分析报告，为经营管理提供决策支持；
5、定期对公司商品销售及库存数据进行整理和分析，及时发现销售机会点及管理漏洞；
6、协助营运部门针对各种统计分析类项目提供售前、售后数据支持；
7、设定各类异常数据监控规则并监督改善结果；
8、完成领导安排的其他相关工作；
任职要求：
1、应用数学、统计学、经济学、计算机等相关专业；
2、3年以上工作经验，有零售业经营管理工作经验或数据分析经验者优先；
3、对数据挖掘方法有一定研究，能深入分析、定位业务问题，利用模型解决，具备数据项目经验并有成功案例者优先；
4、熟练掌握office等办公软件，具备良好的报表制作分析水平、沟通协调能力、语言表达能力、文字表达能力；",4,8,6.0,其他,数据分析
资深金融建模与数据分析,20k-35k,信鸽金服,金融,50-150人,A轮,杭州,经验1-3年,硕士及以上,全职,"职位描述
        岗位职责：
1、负责金融项目产品的信用评分模型建设，通过大数据管理，建立信贷业务信用评分模型，客户资信模型等数据模型，用于金融服务和信贷业务的发展。 2、信贷模型设计与开发：负责信贷模型的设计、开发、测试和实施，包括不局限于反欺诈模型、申请评分、行为评分、催收评分模型框架设计开发。 3、信贷模型策略实施：通过模型的判断和计算，对用户行为作出准确的预判，应用于金融业务的风险管理模块； 4、项目管理：负责与产品、运营、风控、系统开发部门对接， 确保模型量化策略的准确实施，以及上线后的监控优化。 5、授信决策模型：通过对基础数据的清洗和管理，建立模型框架，实施模型建设；利用模型对用户的信用进行评分，并根据评分结果输出业务决策。 6、风险控制模型:利用数据建立其他业务模型，通过模型的判断和计算，对用户行为作出准确的预判，应用于金融业务的风险管理模块。 7、其他应用类数据模型。 任职要求：
1、硕士及以上学历，数学、应用数学、金融数学、统计学、自动化、人工智能相关专业优先（有过相关项目经验的在读博士亦可）；
2、两年以上信用模型建设工作经验， 至少开发实施过三个以上信贷模型，了解建模背后原理，能创造性的通过建模解决业务问题。 3、曾从事以下行业的数据建模工作者优先考虑：金融数学、金融建模、信贷业务建模 4、对于互联网信贷量化风控与建模技术有专研者优先，熟练使用SAS、 R或者SAS者优先
5、有激情，有理想，工作责任心强，抗压能力强，有较好的创新精神
 ",20,35,27.5,金融,数据分析
数据分析经理,15k-20k,CIG,广告营销,500-2000人,上市公司,北京,经验3-5年,本科及以上,全职,"职位描述
        岗位描述：
1. 利用多种数据源，包括测试数据，广告数据，网站数据，转化数据，离线数据，行业数据，或竞争情报数据等，形成洞察，以改善媒体效果改善在线客户体验，提升客户终身价值；
2. 与客户团队和媒介中心合作，了解他们的业务需求/目标，制定计划的测量来衡量核心的KPI优化广告活动和网站用户体验；
3. 对网站流量、用户行为、网站转化效果的数据提取、监测与分析，为广告投放提供数据支持和决策建议；
4. 测量并优化广告活动和网站效果为您的利益相关者提供全方位的广告和网站的效果分析报告；
5. 分析用户行为数据，并利用这些数据来更好地理解和改善网站与用户互动行为，并可以给客户讲解；
6. 通过分使用DoubleClick，Google Analytics，ptmind，和网络日志文件形成广告效果评估报告以及网站优化报告；
7. 设计和不断发展的数字营销相关产品，共同定义什么是成功的数字营销，与分析团队协作共同发展，维护和增强的数字营销相关产品报表平台；
8. 专注于深潜入数据本身发现问题或趋势，拿出有力洞察推动支持业务部做出更好的决策；
职位要求：
1. 最少4年以上行业经验；
2. 熟练掌握广告监测工具和网站分析工具2种或2种以上，并了解它们的工作原理。如：Doubelclick，Google Analytcis，CoreMetricss，或Admaster；
3. 需要强大的定量和分析技能；
4. 熟练使用SQL、Excel和PPT，懂得SPSS、SAS、R、Python等经验者优先；
5. 具备良好的沟通能力，能够进行跨团队的沟通协调；
6. 具有较强的学习能力，有责任心和较强的抗压能力；学士或以上学位，经济学、统计学、数据挖掘等专业优先考虑。",15,20,17.5,广告营销,数据分析
数据运营/数据分析岗,5k-8k,京东,电子商务,2000人以上,上市公司,广州,经验1-3年,大专及以上,全职,"职位描述
        工作职责：1、负责华南站点的路区管理、维护及对接工作2、路区数据分析，给予营销投入方向3、每周路区排名表的制作，监控站点更新情况4、带车配送员配送资质管理及维护工作5、其他工作
工作要求：1、数学、物流工程、统计学相关专业2、会操作Access、宏或其他相关分析软件优先3、愿意学习，工作认真仔细，善于创新等
4、有物流行业相关优先 ",5,8,6.5,电子商务,数据分析
数据仓库与数据分析工程师,18k-34k,今日头条,"移动互联网,数据服务",2000人以上,C轮,北京,经验不限,本科及以上,全职,"职位描述
                    
职位描述：               1.负责数据仓库架构设计、建模和ETL开发，构建可扩展的数据仓库和分析解决方案。2.负责分析和解释产品试验，市场活动等的结果，为产品改进，推广试验等提供数据支持。3.负责建立用户数据分析模型，针对用户行为进行数据监控和统计，发现用户行为模式与规律，为改进推荐系统提供支持。 
职位要求：1.良好的数据敏感度，能从海量数据发现问题2. 思路清晰，善于思考，有出色的数据分析能力3.熟悉linux开发环境，熟悉C++和python语言的优先 4. 有大数据集、分布式计算工具（Map/Reduce，Hadoop，Hive等）工作经验优先",18,34,26.0,移动互联网,数据工程
BI工程师（数据分析方向）,10k-20k,北京四中网校,"移动互联网,教育",150-500人,未融资,北京,经验1-3年,本科及以上,全职,"职位描述
        岗位描述：
1.负责对公司各平台的数据进行整理、挖掘及分析工作。
2.负责参与产品设计中数据分析需求的调研、分析及实现。
3.利用数学统计模型前瞻性的发现产品及用户的潜在需求。

任职要求：
1、有一定的数据库经验，掌握SQL查询方法，掌握Oracle或MySQL等主流数据库存储过程的开发。
2、从事过具体的数据分析工作，1年以上的数据分析工作经验。
3、有良好的统计学、数学相关知识，善于算法的研究和实现。
4、良好的逻辑分析能力、沟通能力和文字表达能力。
5、有在线教育行业背景者优先。",10,20,15.0,移动互联网,BI/报表
行业数据分析,10k-20k,ZTE中兴,移动互联网,2000人以上,上市公司,上海,经验3-5年,本科及以上,全职,"职位描述
        行业研究分析师

主要职责：
1、产业信息搜集：定期通过公开网络、社区论坛、大型展会、咨询公司、自身人脉关系及公司内部信息平台等各种渠道搜集ICT产业的有价值的及时信息或大事件，并加以简要分析和点评，推送给需求部门做规划或投资参考。
 2、行业研究：根据业务部门需求，进行某热点领域的专题研究，并给出我司的机会点，给出未来投资或发展建议。 3、竞情研究：定期研究我司主要竞争对手业绩、产品或市场动态等，进行SWOT分析，学习其成功经验，制定打击对手的策略。 4、产业链合作与交流：参与第三方咨询公司、合作伙伴、客户等合作交流，了解行业趋势动态，寻找合作机会，传递公司正能量。 5、战略规划：组织推动终端事业部某一领域的中长期战略规划，协助经营和规划部门寻找未来发展的机会点。 6、战略项目跟踪：推进公司或事业部重大战略项目的落地执行及复盘评估，提供包括行业研究、竟情分析等方面的支持，及战略投资风险管理等方面的支撑。

任职要求：
1、学历：大学本科以上，通信、计算机、电子、市场营销专业。 2、工作经验：工作3年以上，有手机行业营销、研发、规划、策划经验者优先。 3、专业技能：熟悉企业战略规划、研究的理论与方法，熟练掌握信息分析、竞争情报各种应用工具。熟练运用数据分析工具，较强的数据采集、处理技能，具备数据分析挖掘、呈现能力。能独立承担专题和项目的选题、策划、分析，落地跟踪等全流程工作。 4、综合素质：具有敏锐的市场嗅觉和判断力，良好的沟通、协调能力，具有很强的团队精神；优秀的策划能力；良好的口头表达能力；良好的英语书写及口语能力；能胜任对外宣讲工作。 5、能够适应加班及国内外短期出差。 盘评估，提供包括行业研究、竟情分析等方面的支持，及战略投资风险管理等方面的支撑。",10,20,15.0,移动互联网,数据分析
数据挖掘/数据分析实习生,2k-3k,股票雷达,"金融,数据服务",50-150人,B轮,北京,经验不限,本科及以上,实习,"职位描述
        1 有一定编程能力，参与研发公司机器人投顾内容
2 基于雷达数据，利用自学习模型对投顾推荐资产组合进行不断优化和平衡
3 使用自然语言和数据挖掘等相关技术对金融产品和用户进行画像

职位要求 
1. 掌握python（或有C功底也可），有一定的代码能力，熟悉SQL，了解基本的linux操作；
2. 较好的数据分析及用户行为分析能力，以及细节体验把握能力，能够对统计结果做出检验和分析解释； 
3. 有学习新技术的兴趣和热情，做事主动细致，善于沟通，有团队精神； 
4. 有互联网相关数据分析工作经验者优先。 

应届生和实习生均可，请在应聘时标明。",2,3,2.5,金融,算法/挖掘
数据分析经理,25k-35k,网易,"数据服务,文化娱乐",2000人以上,上市公司,北京,经验5-10年,本科及以上,全职,"职位描述
        岗位职责：
1. 领导数据分析师团队，分析业务需求，规划业务分析体系；
2. 根据公司业务模式构建业务运营监控指标体系；
3. 用数据分析手段进行业务洞察，提供业务改进建议；
4. 根据业务需要，提供运营日/周/月报，并针对特定主题提供专题分析报告；
5. 管理数据分析师团队日常工作，并带领团队成长 

职位要求：
1. 硕士以上学历；计算机/数据/统计学专业；
2. 5年以上数据分析经验，2年以上团队管理经验；
3. 3年以上互联网数据分析经验，并对用户分析、运营分析有深刻见解；互联网媒体行业优先；
4. 主动、积极，善于沟通；学习能力强；
5. 熟练掌握数据分析工具和技术，比如SQL、R、SPSS、Excel、SAS等；
6. 熟练掌握机器学习算法和统计学方法。",25,35,30.0,数据服务,数据分析
数据分析专家-代驾(J12961),15k-25k,滴滴出行,移动互联网,500-2000人,D轮及以上,杭州,经验3-5年,本科及以上,全职,"职位描述
        工作职责：
1、日常项目数据分析统计工作；
2、完成数据分析过程中的数据提取、数据分析、数据展示工作；
3、更侧重互联网产品、运营、商务、用户行为数据，提供相关运营数据，分析以上数据后发现业务存在的问题，提供改进策略共运营方向参考；
4、设计和实施数据分析项目，通过统计、数据挖掘建模等数据分析手段分析数据，并将分析过程整理成分析报告；将业务数据形成数据报表，定期输出。

任职资格：
1、大学本科或以上学历，2年以上数据分析、BI领域工作经验，独立完成数据分析项目；
2、精通至少一种数据分析工具，SQLSASSPSS等；
3、对数据有良好的敏感度和优秀的数据分析技能，通过数据发现实质问题，提供解决策略；
4、互联网行业工作背景优先考虑。",15,25,20.0,移动互联网,数据分析
数据分析&策略实习生,2k-3k,滴滴出行,移动互联网,2000人以上,D轮及以上,北京,经验不限,本科及以上,实习,"职位描述
        工作职责：
1.      日周报数据监控。
2.      用户数据分析。对用户属性、行为进行分析，寻找浏览、销售数据背后的原因。
3.      渠道数据分析。渠道推广数据监控，对敏感数据波动原因，进行定位及给出合适解决方案或建议
4.      策略制定。基于数据分析、用户调研和对商业的理解，制定运营策略。

任职要求：
1.      国家重点大学本科或研究生，只欢迎优秀的同学加入，怕苦怕累的同学请绕道
2.      对自己的工作结果负责，善于自学，善于沟通者优先
3.      数据&amp;商业的敏感度，有用数据说话的意识
4.      有过数据分析、建模实践，熟悉建模类软件如SPSS等优先
5.      爱互联网行业，渴望从事互联网行业",2,3,2.5,移动互联网,数据分析
美团点评数据分析经理-BPI,8k-16k,美团点评,"移动互联网,O2O",2000人以上,D轮及以上,北京,经验1-3年,本科及以上,全职,"职位描述
        一、岗位职责  
1.  负责管理数据分析团队，领导并培养数据分析团队，共同完成公司设定的数据分析目标
2.  以优化用户体验为目标，带领团队分析用户数据，调研并提出优化意见，推动相关部门优化用户体验；
3.  负责构建和优化数据分析体系，指导团队更好的完成分析目标；
4.  负责为相关业务团队提供数据支持，优化业务流程；
5.  负责完成领导交付的其他任务。
 
二、岗位要求 1、本科及本科以上学历；
2、逻辑严谨细致，工作踏实认真，有较强的沟通推动能力； 3、至少2年以上数据分析相关工作经验，1年以上的团队管理经验；
 
三、薪酬福利/发展与晋升
1.     薪酬福利
薪酬：绩效工资制度（工资=基本+绩效，具体薪资面试通过一对一沟通）
福利：公司直招签订正式劳动合同-非外包、缴纳五险一金、作五休二工作制，享有年终奖。
调薪机会：每年一次调薪机会；
2.发展与晋升
发展与晋升：入职一年后有晋升机会，由数据分析委员会进行评审，根据业绩能力进行综合评定，通过评审可以晋升为数据分析经理；
四：公司地址：

北京市朝阳区望京东路6号望京国际研发园FG座美团网",8,16,12.0,移动互联网,数据分析
数据分析专员/主管,6k-10k,国商财富,金融,2000人以上,不需要融资,北京,经验3-5年,本科及以上,全职,"职位描述
        工作描述：
1、根据公司规划提供经营数据报表 ；
2、根据公司相关制度进行各层级业务条线数据统计及分析 ；
3、根据公司制定的激励方案进行数据支持 ；
4、统计分析业务经营出具报告；
任职条件：
1.统计学、会计、信息管理、计算机等相关专业本科及以上学历；
2.具有较强的分析判断能力、数据敏感度高，有较强逻辑思维能力和数据统计分析理论基础；
3.熟练使用Excel函数、Access或SQL能够熟练应用；
4.有较强的洞察力和分析能力，具有很强的学习能力； 
5.有良好的团队合作精神，责任心强，工作敬业，有较强的开拓精神；
6.有同业或者保险经验者优先；",6,10,8.0,金融,数据分析
数据分析（可接收应届毕业生）,4k-7k,来用车,"金融,生活服务",150-500人,天使轮,北京,经验不限,本科及以上,全职,"职位描述
        岗位职责：
1、负责授信评审中心及大数据中心相关的报表开发及需求相关工作；
2、负责授信业务的数据统计分析、风险跟踪监控、为授信政策的制定和调整提供数据支持；
3、负责行业研究分析工作，并从数据角度指导授信政策制定；
4、负责授信业务政策分析报告的撰写；
5、合理运用分析结果，对公司经营决策提供数据支持。

任职要求：
1、全日制统招本科及以上学历，统计学、经济学、金融学、编程相关专业毕业；
2、熟练掌握office软件，精通excel、spss；
3、沟通能力强，有较强的团队意识。",4,7,5.5,金融,数据分析
商业数据分析,3k-5k,都市新感觉内衣,其他,50-150人,不需要融资,广州,经验不限,大专及以上,全职,"职位描述
        岗位职责：
1、服装系统数据动态更新跟进；
2、服装数据收集分析（定期与不定期）；
3、及时准确地核查各种数据和统计报表的工作，确保统计资料完整、清晰；
4、仔细核对数据，确保数据的真实和统一；
5、完成具体指定的数据统计分析，做好统计资料的保密和归档工作；
6、熟悉电脑办公软件操作，文字、图表表达准确、具体；
要求：
1、具有较强的数字敏感性，能够熟练运用excel中各种工具和公式函数；
2、有财务会计、数据统计工作经验者优先。",3,5,4.0,其他,数据分析
数据分析/数据统计/统计员...,4k-6k,万美（上海）,"移动互联网,电子商务",500-2000人,不需要融资,上海,经验不限,大专及以上,全职,"职位描述
        岗位职责：1、负责数据提取需求的沟通工作，独自完成报表、深入分析等；2、根据实际业务情况，完成对多种数据源的深度诊断性组合分析工作，建立分析模型；3、对各类需求数据进行挖掘、统计建模分析，并提交有效的分析报告，为公司市场运营、内部运营支持等部门的决策工作提供数据支持；4、 独自完成数据提取、报表制作、深入分析等；5、 根据现有数据，对绩效方案提出建议。任职资格：1、良好的沟通能力，能熟练完成抽取数据、制作图表、完成数字展示等流程，良好的适应能力及学习能力；2、熟练使用Python，Google Analytics, Excel，SQL等之一；3、具有完善的逻辑思维导向，较强的数字分析能力；4、无实际相关工作经验者，根据面试情况，安排上岗前电商推广、运营等2-3个核心项目实训。薪酬福利： 1、提供有市场化、有竞争力薪酬福利; 2、全面为新员工提供培训、发展的机会； 3、在提供法定福利的基础上，结合员工或公司具体情况提供其他竞争力的福利； 4、员工月度.季度.年度组织各类集体活动或旅游。
职业发展：在这里你将接受全方位的锻炼、培训、参与专题项目等，拥有公平、开放的发展平台，你的晋升空间包含但不限于：技术线：初级工程师—&gt;中级工程师—&gt;高级工程师—&gt;特邀资深顾问管理线：数据分析师—&gt;项目主管—&gt;项目经理—&gt;运营总监",4,6,5.0,移动互联网,数据分析
数据分析专员（高碑店+六险...,6k-8k,宜信,"移动互联网,金融",2000人以上,不需要融资,北京,经验1-3年,本科及以上,全职,"职位描述
        工作职责：
1、建立相关的统计分析模型；
2、汇总统计分析所需信息，整理、分析统计资料；
3、撰写统计分析报告，检查统计数据的完成性、正确性；
4、优化、监督、指导稽核作业流程，并对统计分析数据提出指导性建议。
5、建立统计分析体系
 
任职要求：
1、重点大学本科及以上学历，统计分析、审计等相关专业；
2、2年以上统计分析相关工作经验；
3、良好的数据分析能力，熟练掌握SAS等工具；
4、熟练使用办公软件。

薪资福利：带薪年假+年终奖+六险一金+周末双休+公开竞聘+完善培训
 ",6,8,7.0,移动互联网,数据分析
TalkingData市场研究及数...,3k-4k,TalkingData,移动互联网,150-500人,C轮,北京,经验不限,本科及以上,实习,"职位描述
        TalkingData市场智能部投资研究实习生的职责是支持数据分析师在移动电商、游戏、媒体等领域进行市场和公司分析，基于TalkingData独一无二的移动行业数据，帮助投资中国移动互联网的一级、二级市场的基金客户及时把握投资机会。
 
优秀实习生将有可能获得加入TalkingData大家庭的机会，成为正式的数据分析师，这将是一个充满挑战又富有成就感的职位。
 
职责描述：
 
l   TalkingData数据库基础数据清洗、整理
l   mobile app及相关信息整理
l   在分析师指导下，结合TalkingData自有数据以及外部信息数据以图表，演示文档，书面报告等形式持续输出最新的关键趋势发现以及市场洞察
l   为分析师参与行业研讨、报告发行提供数据和内容支持
l   持续研究分析TalkingData Market Intelligence产品所输出的最新移动市场数据
 
 
要求：
l   熟悉移动互联网公司商业模式（电商、游戏、广告、O2O等）&lt;",3,4,3.5,移动互联网,其他/运营
数据分析工程师（深圳）,15k-30k,腾讯,"移动互联网 ,游戏",2000人以上,上市公司,深圳,经验3-5年,本科及以上,全职,"职位描述
        1、岗位职责：
负责腾讯计费平台交易数据及各类风险安全数据的分析和挖掘工作；负责风控安全策略、模型的设计及开发工作；负责风控安全相关数据、特征及平台的建设工作；

2、岗位要求：
本科及以上学历；3年以上相关工作经验；有良好的数据分析意识，逻辑清晰，善于发现数据背后的行为规律及动机；熟练掌握数据挖掘方面的常用方法及算法技巧等；能独立承担数据的模型设计、存储规划等工作，有风控策略开发、经营分析系统或数据仓库建设经验者优先；能熟练使用linxu/unix来完成工作，如常用命令、shell脚本编写等，熟练掌握SQL使用，有python开发经验者优先。",15,30,22.5,移动互联网 ,数据工程
产品数据分析岗,10k-20k,京东商城,电子商务,2000人以上,上市公司,北京,经验1-3年,本科及以上,全职,"职位描述
        岗位职责：
1、深入理解产品和用户，对产品有良好的理解能力，对电商产品有一定的理解
2、能通过数据发现产品、运营中的一些问题并能给出好的建议
3、能快速响应产品、运营等部门的数据统计需求，并在理解业务的基础上给出更好的数据支持
4、能高效保质的完成产品经理的数据统计和数据分析任务
5、建立良好的数据监测和汇报机制，对产品相关核心数据进行例行监控，能及时发现数据变化趋势并能深入分析原因
6、定期完成周报、月报等日常数据报告工作。

任职资格：
1、本科及以上学历，一年以上互联网数据统计或数据分析经验
2、对数据敏感，能从数据中发现问题、解决问题
3、有清晰缜密的逻辑思维能力、独立的分析调研能力
4、做事主动，执行能力强，沟通能力好
5、熟练掌握SQL语音、excel、ppt
6、有移动端产品数据分析或者数据后台系统相关经验的优先",10,20,15.0,电子商务,数据分析
服务端开发工程师（数据分析）,15k-25k,海致BDP,"移动互联网,企业服务",150-500人,C轮,北京,经验1-3年,本科及以上,全职,"职位描述
        岗位职责：
1.大数据智能分析；
2.核心业务开发；
3.核心系统重构。
任职要求：
1.有扎实的编程功底，丰富的python的实际工作经验，熟悉常用的开源库；
2.熟悉linux，有良好的数据结构和算法基础；
3.熟悉数据库并有优化经验，熟练掌握SQL，熟悉mysql，redis，memcache；
4.具备良好的识别和设计通用框架及模块的能力；   
5.具备大型网站或高并发系统开发、设计工作经验者优先；
6.能够承担工作压力，具备创新思维、具备团队协作精神；
7.有BI领域经验优先。",15,25,20.0,移动互联网,数据工程
数据挖掘、数据分析,18k-25k,泽贤,"移动互联网,电子商务",150-500人,B轮,广州,经验1-3年,本科及以上,全职,"职位描述
        岗位描述：
1.  为游戏设计提供有价值的数据支持，并针对游戏玩家群分析定制策略；
2.  深入了解游戏行业，对游戏数据建立分析模型，获得用户行为动机、目的和原因；
3.  研究游戏中各系统的设定，从数据中提出更优的改进策略；
4.  参与网易多款游戏的数据分析工作，为产品提供迭代开发数据支撑；
岗位要求：
1.  本科或以上学历，计算机、统计、数学等相关专业毕业；
2. 两年以上互联网产品数据分析挖掘经验；
3. 有linux平台数据处理经验，熟悉Mysql/Python相关技术优先；
4.  充分的数据敏感度，能从海量数据表现中提炼核心结果，及时分析数据中隐含的变化和问题；
5.  优秀的分析问题和解决问题的能力，能够把合理的思路成功应用于实践；
6.  表达能力强，具备优秀的快速学习能力、沟通协调能力及团队精神；",18,25,21.5,移动互联网,算法/挖掘
逾期管理岗（数据分析）,4k-8k,冠诚,金融,500-2000人,不需要融资,北京,经验1-3年,大专及以上,全职,"职位描述
        岗位职责：
1.逾期类报表制作及报送；
2.阶段性逾期指标分析并出具风险分析报告；
3.为相关贷后岗位制订逾期管理方案及催收计划；
4.与业务管理岗位沟通制作各阶段业务经营分析报告；
5.临时性的其它各类逾期收据提供或临时性工作。

任职要求：
1.专科以上学历，计算机、统计学等相关专业优先；
2.具有3年以上同行业（小贷、P2P）工作经验，至少1年以上逾期管理经验；
3.熟练使用excel，具备较强公式及报表制作能力；
4.具备较强数据分析及督导能力，熟练使用ppt；
5.为人踏实、细心，具备较强的逻辑分析能力、以及对事物的敏锐洞察能力。",4,8,6.0,金融,数据分析
数据分析（数据挖掘）,10k-15k,北京无双科技,数据服务,150-500人,A轮,北京,经验1-3年,硕士及以上,全职,"职位描述
        职位描述
通过统计和数据挖掘算法优化经营效果,向决策层提供战略决策数据支持,规范化数据分析流程

工作职责
1、负责对移动互联网内容服务提供和消费习惯等复杂问题进行数据建模并用数学方法解决，优化经营效果
2、负责针对管理层或运营部门的数据分析相关需求，进行需求解析和试验设计等
3、负责异常值检验，风险监控等算法的研发工作,与工程师一起优化算法效果和性能
4、负责使用常用数据挖掘算法（分类/classification, 聚类/clustering, 协同过滤/collaborative filtering）的来改进或重新设计核心的运营步骤

技能要求
1、统计、数学、信息技术、计算机等相关专业本科及以上学历
2、两年年以上相关工作经历,至少有2个成功的项目经验
有及时发现和分析其中隐含问题的敏锐性
3、至少掌握一种数据分析工具(R/SAS/SPSS/Matlab),实现优化算法
4、至少熟悉一种数据库，熟练运用SQL,有数据分析、挖掘、清洗和建模经验
5、熟练使用JAVA/C++/Python/构建数据分析系统, 有脚本处理数据经验",10,15,12.5,数据服务,算法/挖掘
数据分析经理（需懂建模）,20k-38k,专业的企业管理公司,招聘,15-50人,不需要融资,上海,经验3-5年,本科及以上,全职,"职位描述
        
1、负责公司整体数据分析体系的规划及建立，并对接公司管理层及业务部门的数据分析需求（包括运营、市场营销、网站、商品、会员等方向），从数据上辅助他们决策；
2、负责整个公司数据化理念的布道，以及相关培训；
3、负责设计及改进量化决策相关的数据产品（如数据分析平台、流量预警、A/B测试框架等），为业务及高层战略决策提供有效的工具。
 
任职资格：
1精通互联网数据分析思路及框架，熟悉电商行业相关的指标体系，对营销、运营及网站分析等方向都有深入研究和实战经验；
2、 熟悉网站分析工具如GA，CNZZ等使用，对网站用户行为有深入的理解。
3、对业务和数据都高度敏感，能在数据发生异动时及时感知数据背后的业务原理，并从数据中找出原因，指导业务决策；
4、有数据相关团队管理经验，能带领团队构建企业一整套数据分析体系；
5、熟练使用数据分析工具（R、SAS、SPSS等任意一种或多种）进行数据的分析和整理，以及利用PPT编写分析报告。
6、能够承受工作压力，有电商行业经验者优先。",20,38,29.0,招聘,数据分析
数据分析经理/数据分析师,9k-18k,短融网,金融,2000人以上,B轮,北京,经验1-3年,本科及以上,全职,"职位描述
        岗位职责：
1、系统的制定拉新、获客、留存及老用户维护的数据分析策略；
2、协调技术部辅助建设完成所需的数据分析模型，并做及时修正；
3、分析短融网线上已有用户的用户属性和行为习惯，辅助客户留存服务；
4、研究全网各式推广方法，辅助市场推广部同事做广告投入决策分析；
5、跟踪各阶段推广，进行细致的数据分析。辅助推广部同事优化投入决策，提高ROI。
 
任职资格：
1、本科及以上学历，统计、数学、信息技术、经济学等相关专业；
2、2年以上互联网行业数据分析的工作经验；
3、逻辑思维强、学习能力能力强、对数据敏感度高；
4、至少熟练一种统计软件（SAS、SPSS、R等）、SQL或其他任一编程；
5、具备独立思考问题的能力，经验总结能力强；
6、有电商或者知名互联网公司的从业经验优先考虑。",9,18,13.5,金融,数据分析
数据分析专员/大数据方向,8k-10k,东方融资网,金融,500-2000人,B轮,上海,经验1-3年,本科及以上,全职,"职位描述
        岗位职责
1、在时间节点内，保质保量完成数据报表的制作；
2、对数据进行筛选，核对及整理，提高项目数据分析效率；
3、定期检查数据处理流程，提高数据收集效率和报表质量；
4、理解产品业务的方向和战略，进行相关业务数据的采集、处理和开发；5、根据数据分析手段，描述业务特征，发现业务问题，并给出行动建议，以推动业务成长。
任职要求1、全日制统招本科及以上学历，数学、统计、金融等相关专业优先；
2、对数据分析、挖掘有浓厚兴趣；对数据高度敏感，自我驱动，以结果为导向；
3、具备优秀的逻辑分析能力、问题解决能力、跨部门沟通能力；
4、做事耐心细致，工作专注，有求知欲。具敬业精神，创新意识。
5、熟悉一种或者几种数据分析方面的工具，比如Excel、SQL、SPSS、SAS等。 ",8,10,9.0,金融,数据分析
数据分析专员,4k-6k,搜房网,"移动互联网,O2O",2000人以上,上市公司,北京,经验1-3年,本科及以上,全职,"职位描述
        工作职责：1.定期统计汇总申诉、升降级等任务，做好与前后台的数据交接工作，并及时反馈回访结果，妥善处理。定期进行回访数据分析反馈上级领导；2.定期完成前台销售总监的申诉需求，并定期将结果反馈上级领导；3.定期完成前台数据统计并及时将数据结果反馈人事以及对接人员；4.能够完成上级领导交办的其他事项。任职要求：1.本科及以上学历；能够熟练使用office办公软件，具有一定的数据分析能力；2.对互联网行业和房地产行业有一定的了解；3.学习能力强，具备良好的语言表达及沟通能力，责任心强，做事踏实稳重，有耐心。4.有非常好的服务意识，具备协调和抗压能力，及团队协作意识。5.有工作经验者学历可放宽。",4,6,5.0,移动互联网,数据分析
数据仓库与数据分析（高级）...,20k-40k,今日头条,"移动互联网,数据服务",2000人以上,C轮,北京,经验1-3年,本科及以上,全职,"职位描述
        
职位描述：
1、负责数据仓库架构设计、建模和ETL开发，构建可扩展的数据仓库和分析解决方案；
2、负责分析和解释产品试验，市场活动等的结果，为产品改进，推广试验等提供数据支持；
3、负责建立用户数据分析模型，针对用户行为进行数据监控和统计，发现用户行为模式与规律，为改进推荐系统提供支持。

岗位要求：
1、良好的数据敏感度，能从海量数据发现问题；
2、有数据仓库理论和实践经验，熟悉数据仓库相关技术；
3、有常用数据分析工具的相关经验；
4、有大数据集、分布式计算工具（Map/Reduce，Hadoop，Hive等）工作经验优先；
5、思路清晰，善于思考，有很强的数据分析能力，能独立分析问题并推动解决问题。",20,40,30.0,移动互联网,数据分析
高级数据分析经理,15k-30k,趣分期,"电子商务,金融",2000人以上,D轮及以上,北京,经验3-5年,本科及以上,全职,"职位描述
        岗位职责：
1、负责构建公司数据分析与数据挖掘业务分析体系；
2、负责对数据库信息进行深度挖掘和有效利用，充分实现数据的商业价值；
3、跟踪并分析用户行为，为公司运营决策及产品设计进行数据支持；
4、监测公司各运营环节人财物的使用效率和效果，建立预警机制；
5、用户分层分析及用户信用模型建设；
6、进行行业、竞对研究，为业务决策提供支持；
7、培训和指导数据分析员，提升公司数据分析人才的综合素质。
任职资格：
1、本科以上学历、社会学/统计学/经济学/数学/计算机等相关专业；
2、具备深厚数据建模和分析理论知识和经验；
3、3年以上相关工作经验，具有电商、市场研究及互联网、金融等领域数据分析及BI经验优先；
4、有较强的沟通和抗压能力；",15,30,22.5,电子商务,数据分析
数据分析岗（业务、流量）,10k-20k,京东金融,金融,2000人以上,上市公司,北京,经验3-5年,本科及以上,全职,"职位描述
        职位描述
1、负责移动端数据收集、汇总，对数据进行良好的展现和输出；
2、进行业务数据监测、数据分析、数据挖掘、总结规律，提出优化建议，做实时异常提醒；
3、从数据角度提出对产品、用户体验和业务发展提出有建设性的分析意见，支持部门相关流程优化；
4、关注行业信息，对竞争对手数据进行分析，并提出相应的跟进措施；
5、负责与相关工作的人员做各类数据需求与对接，推动产品的发展与改进；
6、负责日常分析报告撰写，为营销渠道优化、平台运营开展以及产品优化提供决策依据与分析建议。
 
任职资格：
1、3年以上大中型企业运营数据分析相关工作经验，或相关咨询公司经验，有互联网公司运营分析背景更佳；
2、统计学、数学、计算机或相关专业本科以上学历优先考虑；
3、熟悉项目相关应用场景及分析方法，有数据实际运用的经验，有App数据分析经验优先考虑；
4、精通excel，具备优秀的数据统计及图表展现能力，良好分析能力，能独立撰写分析报告；
5、熟悉数据结构、数据提取、SPSS或SAS，有良好的沟通能力，注重团队合作精神。",10,20,15.0,金融,数据分析
推广与数据分析专员,3k-5k,青木科技,电子商务,500-2000人,未融资,广州,经验1年以下,本科及以上,全职,"职位描述
        岗位职责：
1. 了解各大电商平台的运营模式，使用淘宝/京东的各种推广工具，包括并不限于直通车、钻展、京东快车等；
2. 了解电商运营逻辑，可根据销售目标使用各种推广工具进行商品和店铺推广，获取需要的流量；
3. 对推广效果进行跟踪、评估，并及时提出改进措施，制定切实可行的优化方案；
4. 持续挖掘合适的营销推广工具，优化流量结构，做好推广组合，让推广费用的投入产出比最优；
5. 熟练使用淘宝/京东数据分析工具，按要求发送运营分析报表，透过数据报表反映店铺运营现状并提出运营优化建议。

任职要求：

1. 本科学历，理工科或经济管理类专业背景优先；
2. 逻辑性强，具有较强的学习领悟能力，经培训后短期内快速掌握流量引入方法与技巧；
3. 具有较强的数据敏感度和市场敏锐度，能够通过数据分析来指导店铺运营优化；
4. 工作认真，有耐性，肯钻研，目标明确；
5. 良好的团队协作意识，乐观积极，沟通交流能力强；
5. 抗压能力强，能够适应高效率快节奏的工作环境。",3,5,4.0,电子商务,数据分析
大数据/数据分析/培训讲师,5k-10k,迪奥科技,"O2O,数据服务",15-50人,A轮,广州,经验3-5年,本科及以上,全职,"职位描述
        岗位职责
1、培训规划和计划：根据公司业务发展需要，分阶段制定培训计,进行培训需求调研工作，协助进行培训课程管理；2、培训资源管理：根据企业培训需求，收集、评估相关课程、学习资料；开拓并维护合适的学习与培训渠道，确保培训资源的丰富性与适用性；3、培训授课：了解学员需求，参与培训授课，编制培训讲义、做好备课工作，丰富课程内容，设计课程结构，做好现场把控，根据课程反馈不断完身培训课程；4、培训效果总结：做好培训记录并跟进培训后的效果反馈；分析总结培训工作，提出培训管理与课程完善合理化建议；对培训效果进行评估，并提交分析报告；5、根据公司业务发展需要，分阶段制定培训计划岗位要求
① 1年以上的工作经验，2年以上大数据分析经验；② 本科以上学历，统计学，运筹学，应用数学，计量经济专业；211工程大学优先；有教育背景优先；③ 具备数据建模能力、熟悉SAS软件；④ 具备战略性和前瞻性思维能力，善于把握全局，能够灵活运用架构，准确抓住问题要害，并提出合理的解决方案；⑤ 有BI、数据挖掘、大数据或相关领域设计和开发经验优先；
 工作地址广州市天河区华观路田头岗二路一横街4号起点国际三层",5,10,7.5,O2O,数据分析
数据分析经理,10k-20k,2345.com,"数据服务,移动互联网",500-2000人,上市公司,上海,经验3-5年,本科及以上,全职,"职位描述
        岗位职责：1、根据部门分工管理数据分析组,完成部门给与的数据分析、模型研发任务。2、通过数据建模、统计学习等算法解决风险控制业务中遇到的实际问题与需求；3、通过数据挖掘分析发现用户本质属性，并分析用户行为建立用户的信用风险评估模型；4、与业务部门及外部合作伙伴沟通合作，对研发创新的算法投入到实际生产业务。学历：_985本科或研究生_专业：_数学、统计学等数理专业_ 性别:_不限 工作经验：_4年以上应聘要求：1、数学、应用数学、金融数学、统计学、模式识别、人工智能、计算机专业优先（排名不分先后）；2、有一定模型建设实习或项目经验，具有缺失值处理经验和机器学习等大数据管理经验，建模经验丰富。 拥有海量数据处理经验者优先；3、具有扎实的统计学、数据挖掘、机器学习理论基础；4、参加过各类数据挖掘建模大赛的优先， 能够熟练使用SQL, R、Python ，SAS，等工具优先；5、工作责任心强，抗压能力强，有较好的创新精神。",10,20,15.0,数据服务,数据分析
语音数据分析与处理工程师,5k-8k,微创,"移动互联网,电子商务",2000人以上,不需要融资,北京,经验应届毕业生,本科及以上,全职,"职位描述
        赴微软TTS-语音系统（包括开发与测试工具）


职位描述
工作内容：
1. 语音数据（包括开发与测试数据）处理与分析；
2. 文本、语音的匹配与标注；
3. 与多方沟通协调解决数据问题。
职位要求：
1.本科学历，专业不限；
2.沟通能力强；
3.英语读写熟练；
4.逻辑思维强。

微创软件福利：
1.  五险一金齐全；
2.  商业补充医疗， 看病基本不花钱
3.  年度福利体检
4.  丰厚的节假日礼品及年终福利
5.  弹性的上下班时间，错开早晚高峰
6.  技术大牛多，技术交流氛围好
7.  入职即可享受带薪年假，满一年就有12天带薪病假！",5,8,6.5,移动互联网,数据工程
